,Device ID,Brand
0,11706,alcatel
1,10981,alcatel
2,10980,alcatel
3,10679,alcatel
4,10680,alcatel
5,10682,alcatel
6,11659,alcatel
7,10618,alcatel
8,12017,alcatel
9,10500,alcatel
10,10501,alcatel
11,12041,alcatel
12,10490,alcatel
13,10016,alcatel
14,10017,alcatel
15,10018,alcatel
16,10019,alcatel
17,10042,alcatel
18,9842,alcatel
19,9843,alcatel
20,10108,alcatel
21,9837,alcatel
22,9601,alcatel
23,9600,alcatel
24,9599,alcatel
25,9598,alcatel
26,9510,alcatel
27,9511,alcatel
28,9985,alcatel
29,9574,alcatel
30,9291,alcatel
31,9271,alcatel
32,9012,alcatel
33,9004,alcatel
34,9084,alcatel
35,9085,alcatel
36,9086,alcatel
37,8989,alcatel
38,9986,alcatel
39,9093,alcatel
40,9094,alcatel
41,8844,alcatel
42,8832,alcatel
43,8843,alcatel
44,8830,alcatel
45,8819,alcatel
46,8803,alcatel
47,8569,alcatel
48,8639,alcatel
49,8591,alcatel
50,8590,alcatel
51,8589,alcatel
52,8512,alcatel
53,8377,alcatel
54,8352,alcatel
55,8298,alcatel
56,8205,alcatel
57,8157,alcatel
58,8105,alcatel
59,8060,alcatel
60,7937,alcatel
61,7936,alcatel
62,7935,alcatel
63,8449,alcatel
64,7896,alcatel
65,7897,alcatel
66,7856,alcatel
67,7851,alcatel
68,7847,alcatel
69,8167,alcatel
70,7846,alcatel
71,7845,alcatel
72,7844,alcatel
73,7843,alcatel
74,8230,alcatel
75,7776,alcatel
76,7720,alcatel
77,7709,alcatel
78,7708,alcatel
79,7570,alcatel
80,7652,alcatel
81,7571,alcatel
82,7549,alcatel
83,7548,alcatel
84,7547,alcatel
85,7546,alcatel
86,7545,alcatel
87,7544,alcatel
88,7543,alcatel
89,7190,alcatel
90,7234,alcatel
91,7189,alcatel
92,7081,alcatel
93,7080,alcatel
94,7092,alcatel
95,7093,
96,7094,
97,7098,alcatel
98,7097,alcatel
99,7096,alcatel
100,7095,alcatel
101,6936,alcatel
102,6935,alcatel
103,6934,alcatel
104,6933,alcatel
105,6979,alcatel
106,6932,alcatel
107,6774,alcatel
108,6773,alcatel
109,6732,alcatel
110,6712,alcatel
111,7123,alcatel
112,6700,alcatel
113,6699,alcatel
114,6657,alcatel
115,6656,alcatel
116,7154,alcatel
117,7153,alcatel
118,6655,alcatel
119,6654,alcatel
120,6653,alcatel
121,6619,alcatel
122,6599,alcatel
123,6516,alcatel
124,6459,alcatel
125,6931,alcatel
126,6695,alcatel
127,6696,alcatel
128,6337,alcatel
129,6336,alcatel
130,6165,alcatel
131,6164,
132,6153,alcatel
133,6152,alcatel
134,6151,alcatel
135,6141,
136,6140,alcatel
137,6139,alcatel
138,6138,alcatel
139,6134,alcatel
140,6130,alcatel
141,6135,alcatel
142,6131,alcatel
143,6132,alcatel
144,5960,alcatel
145,6167,alcatel
146,5937,alcatel
147,5938,alcatel
148,5947,alcatel
149,5939,alcatel
150,5741,alcatel
151,5740,alcatel
152,5693,alcatel
153,5692,alcatel
154,5687,alcatel
155,5691,alcatel
156,5680,alcatel
157,5671,alcatel
158,5672,alcatel
159,5668,alcatel
160,5669,alcatel
161,5449,alcatel
162,5335,alcatel
163,5681,alcatel
164,5334,alcatel
165,5318,alcatel
166,5319,alcatel
167,5296,alcatel
168,5332,alcatel
169,5236,alcatel
170,5235,alcatel
171,5234,alcatel
172,5233,alcatel
173,5232,alcatel
174,5231,alcatel
175,5230,alcatel
176,5229,alcatel
177,5228,alcatel
178,5242,alcatel
179,5227,
180,5226,alcatel
181,5225,alcatel
182,5218,alcatel
183,5139,alcatel
184,5110,alcatel
185,5165,alcatel
186,5866,alcatel
187,5103,alcatel
188,5080,alcatel
189,4846,alcatel
190,4845,alcatel
191,4844,alcatel
192,4843,alcatel
193,4842,alcatel
194,4780,alcatel
195,4733,alcatel
196,4732,alcatel
197,4731,alcatel
198,4730,alcatel
199,4920,alcatel
200,4729,alcatel
201,4728,alcatel
202,4727,alcatel
203,4726,alcatel
204,4725,alcatel
205,4724,alcatel
206,4723,alcatel
207,4722,alcatel
208,4721,alcatel
209,4720,alcatel
210,4663,alcatel
211,4549,alcatel
212,4922,alcatel
213,4321,alcatel
214,4308,alcatel
215,4661,alcatel
216,3799,alcatel
217,3798,alcatel
218,4629,alcatel
219,3797,alcatel
220,3796,alcatel
221,3795,alcatel
222,3822,alcatel
223,4659,alcatel
224,4528,alcatel
225,4104,alcatel
226,3793,alcatel
227,3794,alcatel
228,3800,alcatel
229,4628,alcatel
230,4103,alcatel
231,3824,alcatel
232,3801,alcatel
233,3802,alcatel
234,3803,alcatel
235,3804,alcatel
236,3805,alcatel
237,3806,alcatel
238,3807,alcatel
239,3808,alcatel
240,3809,alcatel
241,3810,alcatel
242,3811,alcatel
243,3812,alcatel
244,3813,alcatel
245,3814,alcatel
246,3815,alcatel
247,3816,alcatel
248,3817,alcatel
249,3818,alcatel
250,3819,alcatel
251,3820,alcatel
252,3821,alcatel
253,3823,alcatel
254,3407,alcatel
255,3186,alcatel
256,3184,alcatel
257,3182,alcatel
258,3181,alcatel
259,3178,alcatel
260,3179,alcatel
261,3176,alcatel
262,3173,alcatel
263,3188,alcatel
264,3171,alcatel
265,3175,alcatel
266,3170,alcatel
267,3172,alcatel
268,3168,alcatel
269,3174,alcatel
270,3187,alcatel
271,3185,alcatel
272,3183,alcatel
273,3180,alcatel
274,3177,alcatel
275,12548,apple
276,12557,apple
277,12558,apple
278,12559,apple
279,12560,apple
280,12561,apple
281,12562,apple
282,11939,apple
283,11940,apple
284,11941,apple
285,11773,apple
286,11860,apple
287,11862,apple
288,11861,apple
289,11827,apple
290,11866,apple
291,11864,apple
292,11865,apple
293,11410,apple
294,11411,apple
295,11089,apple
296,11102,apple
297,11103,apple
298,11104,apple
299,11105,apple
300,11106,apple
301,11147,apple
302,11146,apple
303,11107,apple
304,10864,apple
305,10865,apple
306,10237,apple
307,10508,apple
308,10509,apple
309,10510,apple
310,10444,apple
311,10445,apple
312,10446,apple
313,10447,apple
314,10448,apple
315,10449,apple
316,10170,apple
317,10136,apple
318,10137,apple
319,9846,apple
320,9847,apple
321,9848,apple
322,9857,apple
323,9860,apple
324,9859,apple
325,9858,apple
326,9638,apple
327,9637,apple
328,9387,apple
329,9386,apple
330,9319,apple
331,9318,apple
332,9320,apple
333,9321,apple
334,9322,apple
335,9142,apple
336,8858,apple
337,8131,apple
338,8573,apple
339,8861,apple
340,8860,apple
341,8859,apple
342,8717,apple
343,8716,apple
344,8620,apple
345,8331,apple
346,8332,apple
347,8329,apple
348,8330,apple
349,8328,apple
350,8334,apple
351,8327,apple
352,8333,apple
353,8065,apple
354,8064,apple
355,7984,apple
356,7969,apple
357,7243,apple
358,7242,apple
359,7562,apple
360,7561,apple
361,7698,apple
362,7697,apple
363,7696,apple
364,7695,apple
365,7694,apple
366,7693,apple
367,6742,apple
368,6741,apple
369,6665,apple
370,6378,apple
371,5797,apple
372,5735,apple
373,5685,apple
374,5690,apple
375,5070,apple
376,5061,apple
377,5072,apple
378,5071,apple
379,4910,apple
380,4620,apple
381,4621,apple
382,4212,apple
383,3848,apple
384,3847,apple
385,3849,apple
386,3275,apple
387,3716,apple
388,3827,apple
389,3828,apple
390,12746,asus
391,12780,asus
392,12380,asus
393,12224,asus
394,12223,asus
395,11880,asus
396,11881,asus
397,11986,asus
398,11882,asus
399,11656,asus
400,11648,asus
401,11647,asus
402,11053,asus
403,11054,asus
404,11006,asus
405,10892,asus
406,10893,asus
407,10785,asus
408,10784,asus
409,10715,asus
410,10393,asus
411,10379,asus
412,10296,asus
413,10328,asus
414,9770,asus
415,9698,asus
416,9667,asus
417,9634,asus
418,9633,asus
419,9410,asus
420,9437,asus
421,9373,asus
422,9372,asus
423,9224,asus
424,9194,asus
425,9173,asus
426,9096,asus
427,9061,asus
428,9068,asus
429,9097,asus
430,8953,asus
431,8866,asus
432,8783,asus
433,8782,asus
434,8892,asus
435,8862,asus
436,8808,asus
437,8784,asus
438,8811,asus
439,8814,asus
440,8810,asus
441,8749,asus
442,8801,asus
443,8711,
444,8681,asus
445,8579,asus
446,8550,asus
447,8543,asus
448,8502,asus
449,8509,asus
450,8503,asus
451,8493,asus
452,8467,asus
453,8425,asus
454,8384,asus
455,8370,asus
456,8271,asus
457,8218,asus
458,8207,asus
459,8206,asus
460,8197,asus
461,8156,asus
462,8160,
463,8130,asus
464,8129,asus
465,8106,asus
466,8111,asus
467,8262,asus
468,8097,asus
469,8095,asus
470,8045,asus
471,8048,asus
472,7866,asus
473,7689,asus
474,7690,asus
475,7688,asus
476,7733,asus
477,7577,asus
478,8474,asus
479,8465,asus
480,7532,asus
481,7368,asus
482,7476,asus
483,7475,asus
484,7479,asus
485,7757,asus
486,7477,asus
487,7478,asus
488,7474,asus
489,7473,asus
490,7444,asus
491,7378,asus
492,7367,asus
493,7366,asus
494,7255,asus
495,7365,asus
496,7364,asus
497,7256,asus
498,7261,asus
499,7044,asus
500,7120,asus
501,6917,asus
502,7045,asus
503,6982,asus
504,6953,asus
505,6918,asus
506,6897,asus
507,6813,asus
508,6751,asus
509,6737,asus
510,6630,asus
511,6629,asus
512,6429,asus
513,6428,asus
514,6414,asus
515,6413,asus
516,6412,asus
517,6411,asus
518,6747,asus
519,6410,asus
520,6407,asus
521,6409,asus
522,6394,asus
523,6519,asus
524,6238,asus
525,6120,asus
526,5993,asus
527,6853,asus
528,5953,asus
529,7160,asus
530,5952,asus
531,5951,
532,7158,
533,5982,
534,5891,asus
535,5863,asus
536,5706,asus
537,5676,asus
538,5675,asus
539,5674,asus
540,5600,asus
541,5494,asus
542,5493,asus
543,5495,asus
544,5879,asus
545,5492,asus
546,5329,asus
547,5328,asus
548,5331,asus
549,5249,asus
550,5091,asus
551,5083,asus
552,5017,asus
553,4850,asus
554,4605,asus
555,4604,asus
556,5337,asus
557,4596,asus
558,4606,asus
559,4422,asus
560,4421,asus
561,4322,asus
562,3965,asus
563,3936,asus
564,3696,asus
565,12603,blu
566,12460,blu
567,12459,blu
568,12458,blu
569,12457,blu
570,12456,blu
571,12153,blu
572,12110,blu
573,12102,blu
574,11830,blu
575,11829,blu
576,11828,blu
577,11757,blu
578,11716,blu
579,11715,blu
580,11673,blu
581,11672,blu
582,11643,blu
583,11623,blu
584,11536,blu
585,11509,blu
586,11483,blu
587,11398,blu
588,11376,blu
589,11369,blu
590,11368,blu
591,11348,blu
592,11319,blu
593,11318,blu
594,11273,blu
595,11264,blu
596,11258,blu
597,11096,blu
598,11095,blu
599,11094,blu
600,11073,blu
601,10973,blu
602,10934,blu
603,10935,blu
604,10915,blu
605,10781,blu
606,10745,blu
607,10741,blu
608,10730,blu
609,10729,blu
610,10731,blu
611,10732,blu
612,10640,blu
613,10607,blu
614,10535,blu
615,10536,blu
616,10537,blu
617,10538,blu
618,10540,blu
619,10539,blu
620,10470,blu
621,10453,blu
622,10403,blu
623,10359,blu
624,10313,blu
625,10312,blu
626,10160,blu
627,10107,blu
628,10106,blu
629,10105,blu
630,10047,blu
631,10046,blu
632,10045,blu
633,9994,blu
634,9968,blu
635,9967,blu
636,9930,blu
637,9929,blu
638,9855,blu
639,9877,blu
640,9854,blu
641,9853,blu
642,9811,blu
643,9876,blu
644,9778,blu
645,9777,blu
646,9776,blu
647,9775,blu
648,9718,blu
649,9597,blu
650,9565,blu
651,9542,blu
652,9518,blu
653,9482,blu
654,9470,blu
655,9360,blu
656,9359,blu
657,9325,blu
658,9314,blu
659,9307,blu
660,9302,blu
661,9301,blu
662,9277,blu
663,9254,blu
664,9253,blu
665,9223,blu
666,9184,blu
667,9165,blu
668,9154,blu
669,9146,blu
670,9132,blu
671,9131,blu
672,9072,blu
673,9064,blu
674,9063,blu
675,9007,blu
676,8965,blu
677,8964,blu
678,8952,blu
679,8946,blu
680,8945,blu
681,8924,blu
682,8925,blu
683,8926,blu
684,8906,blu
685,8905,blu
686,8865,blu
687,8846,blu
688,8845,blu
689,8842,blu
690,8841,blu
691,8835,blu
692,8824,blu
693,8825,blu
694,8826,blu
695,8796,blu
696,8773,blu
697,8774,blu
698,8736,blu
699,8735,blu
700,8732,blu
701,8731,blu
702,8713,blu
703,8709,blu
704,8670,blu
705,8653,blu
706,8621,blu
707,8555,blu
708,8553,blu
709,8544,blu
710,8541,blu
711,8557,blu
712,8556,blu
713,8534,blu
714,8533,blu
715,8527,blu
716,8524,blu
717,8525,blu
718,8526,blu
719,8496,blu
720,8462,blu
721,8461,blu
722,8460,blu
723,8459,blu
724,8457,blu
725,8456,blu
726,8426,blu
727,8427,blu
728,8428,blu
729,8429,blu
730,8349,blu
731,8338,blu
732,8296,blu
733,8322,blu
734,8323,blu
735,8324,blu
736,8256,blu
737,8255,blu
738,8252,blu
739,8251,blu
740,8253,blu
741,8254,blu
742,8171,blu
743,8188,blu
744,8189,blu
745,8190,blu
746,8191,blu
747,8187,blu
748,8153,blu
749,8152,blu
750,8151,blu
751,8118,blu
752,8117,blu
753,8116,blu
754,8119,blu
755,8115,blu
756,8030,blu
757,8029,blu
758,8028,blu
759,8003,blu
760,7990,blu
761,7988,blu
762,7989,blu
763,7987,blu
764,7986,blu
765,7978,blu
766,7974,blu
767,7924,blu
768,7923,blu
769,7922,blu
770,7892,blu
771,7867,blu
772,7858,blu
773,7857,blu
774,7820,blu
775,7775,blu
776,7774,blu
777,7726,blu
778,7725,blu
779,7706,blu
780,7705,blu
781,7676,blu
782,7671,blu
783,7645,blu
784,7623,blu
785,7558,blu
786,7559,blu
787,7523,blu
788,7499,blu
789,7498,blu
790,7490,blu
791,7489,blu
792,7450,blu
793,7449,blu
794,7448,blu
795,7447,blu
796,7293,blu
797,7291,blu
798,7290,blu
799,7265,blu
800,7225,blu
801,7205,blu
802,7204,blu
803,6930,blu
804,6929,blu
805,6928,blu
806,6927,blu
807,6926,blu
808,6925,blu
809,6924,blu
810,6900,blu
811,6899,blu
812,6839,blu
813,6838,blu
814,6837,blu
815,6836,blu
816,6835,blu
817,6834,blu
818,6833,blu
819,6670,blu
820,6669,blu
821,6565,blu
822,6566,blu
823,6567,blu
824,6568,blu
825,6406,blu
826,6405,blu
827,6346,blu
828,6339,blu
829,6330,blu
830,6277,blu
831,6276,blu
832,6244,blu
833,6243,blu
834,6242,blu
835,6041,blu
836,5986,blu
837,5957,blu
838,5956,blu
839,5955,blu
840,5954,blu
841,5935,blu
842,5920,blu
843,5909,blu
844,5908,blu
845,5873,blu
846,5761,blu
847,5748,blu
848,5747,blu
849,5746,blu
850,5745,blu
851,5661,blu
852,5660,blu
853,5662,blu
854,5593,blu
855,5489,blu
856,5458,blu
857,5459,blu
858,5460,blu
859,5411,blu
860,5410,blu
861,5409,blu
862,5408,blu
863,5360,blu
864,5358,blu
865,5359,blu
866,5295,blu
867,5294,blu
868,5283,blu
869,5282,blu
870,5281,blu
871,5210,blu
872,5209,blu
873,5208,blu
874,5207,blu
875,5206,blu
876,5205,blu
877,5202,blu
878,5201,blu
879,5023,blu
880,4947,blu
881,4946,blu
882,4945,blu
883,4944,blu
884,4901,blu
885,4853,blu
886,4852,blu
887,4370,blu
888,4224,blu
889,4195,blu
890,4162,blu
891,4163,blu
892,4165,blu
893,4166,blu
894,4167,blu
895,4168,blu
896,4169,blu
897,4171,blu
898,4170,blu
899,4172,blu
900,4173,blu
901,4174,blu
902,4175,blu
903,4176,blu
904,4177,blu
905,4178,blu
906,3854,blu
907,3855,blu
908,3856,blu
909,3857,blu
910,3858,blu
911,3859,blu
912,3548,blu
913,3549,blu
914,3550,blu
915,3551,blu
916,3552,blu
917,3553,blu
918,3567,blu
919,3568,blu
920,3569,blu
921,3560,blu
922,3561,blu
923,3562,blu
924,3563,blu
925,3564,blu
926,3565,blu
927,3572,blu
928,3570,blu
929,3571,blu
930,3573,blu
931,3574,blu
932,3575,blu
933,12454,htc
934,12427,htc
935,12269,htc
936,12522,htc
937,12523,htc
938,12524,htc
939,12525,htc
940,12232,htc
941,12221,htc
942,11948,htc
943,11642,htc
944,11266,htc
945,10790,htc
946,10681,htc
947,10529,htc
948,10594,htc
949,10357,htc
950,10593,htc
951,10592,htc
952,10595,htc
953,10298,htc
954,10297,htc
955,9965,htc
956,9924,htc
957,9797,htc
958,9735,htc
959,9734,htc
960,9487,htc
961,9385,htc
962,9179,htc
963,9119,htc
964,9102,htc
965,9071,htc
966,8990,htc
967,8908,htc
968,8885,htc
969,8630,htc
970,8487,htc
971,8519,htc
972,8518,htc
973,8404,htc
974,8444,htc
975,8277,htc
976,8884,htc
977,8297,htc
978,8276,htc
979,8633,htc
980,8128,htc
981,8086,htc
982,8066,htc
983,8072,htc
984,8031,htc
985,7884,htc
986,7942,htc
987,7941,htc
988,7940,htc
989,8348,htc
990,7836,htc
991,7758,htc
992,7731,htc
993,7753,htc
994,7627,htc
995,7592,htc
996,7591,htc
997,7576,htc
998,7421,htc
999,7418,htc
1000,7419,htc
1001,7420,htc
1002,7275,htc
1003,7267,htc
1004,7194,htc
1005,6977,htc
1006,7165,htc
1007,7111,htc
1008,7310,htc
1009,6891,htc
1010,7115,htc
1011,7183,htc
1012,6968,htc
1013,6947,htc
1014,6921,htc
1015,6913,htc
1016,6841,htc
1017,6830,htc
1018,5823,htc
1019,6736,htc
1020,6713,htc
1021,6715,htc
1022,6719,htc
1023,6854,htc
1024,6637,htc
1025,6636,htc
1026,6621,htc
1027,6608,htc
1028,6589,htc
1029,6588,htc
1030,6581,htc
1031,6528,htc
1032,6483,htc
1033,6463,htc
1034,6397,htc
1035,6345,htc
1036,6234,htc
1037,6316,htc
1038,6233,htc
1039,6074,htc
1040,6348,htc
1041,6009,htc
1042,6487,htc
1043,6073,htc
1044,6160,htc
1045,5907,htc
1046,6552,htc
1047,5870,htc
1048,5871,htc
1049,5872,htc
1050,5704,htc
1051,5666,htc
1052,5667,htc
1053,5623,htc
1054,5505,htc
1055,6121,htc
1056,6123,htc
1057,6122,htc
1058,5547,htc
1059,5537,htc
1060,5536,htc
1061,5465,htc
1062,5395,htc
1063,5498,htc
1064,5313,htc
1065,5261,htc
1066,4978,htc
1067,5118,htc
1068,5113,htc
1069,5106,htc
1070,5105,htc
1071,5100,htc
1072,5016,htc
1073,4976,htc
1074,5104,htc
1075,4975,htc
1076,5000,htc
1077,4980,htc
1078,4979,htc
1079,4951,htc
1080,4830,htc
1081,5861,htc
1082,4829,htc
1083,4805,htc
1084,4759,htc
1085,4997,htc
1086,4744,htc
1087,4665,htc
1088,4977,htc
1089,4320,htc
1090,4614,htc
1091,4572,htc
1092,4836,htc
1093,4574,htc
1094,4575,htc
1095,4525,htc
1096,4435,htc
1097,4411,htc
1098,4099,htc
1099,4302,htc
1100,4202,htc
1101,4161,htc
1102,4102,htc
1103,4097,htc
1104,3958,htc
1105,4132,htc
1106,4285,htc
1107,4196,htc
1108,4164,htc
1109,4141,htc
1110,4027,htc
1111,4131,htc
1112,4070,htc
1113,4022,htc
1114,3964,htc
1115,3938,htc
1116,3922,htc
1117,3901,htc
1118,3875,htc
1119,3895,htc
1120,3887,htc
1121,3739,htc
1122,3788,htc
1123,3776,htc
1124,3777,htc
1125,3786,htc
1126,3787,htc
1127,3829,htc
1128,3953,htc
1129,3896,htc
1130,3706,htc
1131,3707,htc
1132,3703,htc
1133,3702,htc
1134,3585,htc
1135,3338,htc
1136,3576,htc
1137,3557,htc
1138,3530,htc
1139,3118,htc
1140,3556,htc
1141,3468,htc
1142,3421,htc
1143,5058,htc
1144,3392,htc
1145,3577,htc
1146,3337,htc
1147,3163,htc
1148,3077,htc
1149,3141,htc
1150,3069,htc
1151,3080,htc
1152,3427,htc
1153,3230,htc
1154,10104,htc
1155,6371,
1156,5510,
1157,4457,
1158,12807,huawei
1159,12761,huawei
1160,12588,huawei
1161,12589,huawei
1162,12762,huawei
1163,12720,huawei
1164,12713,huawei
1165,12648,huawei
1166,12607,huawei
1167,12586,huawei
1168,12585,huawei
1169,12563,huawei
1170,12549,huawei
1171,12550,
1172,12530,huawei
1173,12539,huawei
1174,12420,huawei
1175,12415,huawei
1176,12290,huawei
1177,12278,huawei
1178,12279,huawei
1179,12268,huawei
1180,12259,huawei
1181,12235,huawei
1182,12230,huawei
1183,12233,huawei
1184,12234,huawei
1185,12186,
1186,12172,huawei
1187,12191,huawei
1188,12192,huawei
1189,12193,huawei
1190,12190,huawei
1191,12185,huawei
1192,12154,huawei
1193,12021,huawei
1194,12020,huawei
1195,11980,huawei
1196,11970,
1197,11972,
1198,11968,huawei
1199,11942,huawei
1200,11918,huawei
1201,11858,huawei
1202,11856,huawei
1203,11859,huawei
1204,11857,huawei
1205,11853,huawei
1206,11720,huawei
1207,11640,huawei
1208,11641,huawei
1209,11639,huawei
1210,11525,huawei
1211,11503,
1212,11505,huawei
1213,11504,huawei
1214,12030,huawei
1215,11506,huawei
1216,11490,huawei
1217,11489,huawei
1218,11428,huawei
1219,11399,huawei
1220,11280,
1221,11247,huawei
1222,11328,huawei
1223,11177,huawei
1224,11227,huawei
1225,11176,huawei
1226,11171,huawei
1227,11120,huawei
1228,11121,huawei
1229,11048,huawei
1230,11029,huawei
1231,10788,huawei
1232,11030,huawei
1233,11002,huawei
1234,10985,
1235,10986,huawei
1236,10987,
1237,10942,huawei
1238,10938,huawei
1239,10943,huawei
1240,10941,huawei
1241,10940,huawei
1242,10875,huawei
1243,11768,huawei
1244,10794,huawei
1245,10783,huawei
1246,10755,huawei
1247,10697,
1248,10642,huawei
1249,10645,huawei
1250,10652,huawei
1251,10579,huawei
1252,10551,huawei
1253,10550,huawei
1254,10528,
1255,10553,
1256,10554,huawei
1257,10555,huawei
1258,10519,huawei
1259,10546,huawei
1260,10475,huawei
1261,10450,huawei
1262,10426,huawei
1263,10429,huawei
1264,10417,huawei
1265,10418,huawei
1266,10427,huawei
1267,10362,huawei
1268,10494,huawei
1269,10363,huawei
1270,10364,huawei
1271,10299,huawei
1272,10252,huawei
1273,10292,huawei
1274,10249,huawei
1275,10236,huawei
1276,10219,huawei
1277,10231,huawei
1278,10227,huawei
1279,10222,huawei
1280,10223,huawei
1281,10212,huawei
1282,10203,huawei
1283,10204,huawei
1284,10205,huawei
1285,10206,huawei
1286,10166,huawei
1287,11010,huawei
1288,10118,huawei
1289,10152,huawei
1290,10153,huawei
1291,10112,huawei
1292,9996,huawei
1293,10100,huawei
1294,10098,
1295,10073,huawei
1296,10074,huawei
1297,10058,huawei
1298,10012,huawei
1299,9799,huawei
1300,9983,huawei
1301,9971,huawei
1302,9989,huawei
1303,9973,huawei
1304,9605,
1305,9956,huawei
1306,9922,huawei
1307,9933,huawei
1308,9905,huawei
1309,9887,huawei
1310,9880,huawei
1311,9885,huawei
1312,9881,huawei
1313,9886,huawei
1314,9888,huawei
1315,9765,huawei
1316,9830,huawei
1317,9803,huawei
1318,9748,huawei
1319,9823,huawei
1320,9747,huawei
1321,9746,huawei
1322,9728,huawei
1323,9727,huawei
1324,9742,huawei
1325,9703,huawei
1326,9694,huawei
1327,9705,huawei
1328,9635,huawei
1329,9530,huawei
1330,9545,huawei
1331,9627,huawei
1332,9675,huawei
1333,9645,huawei
1334,9644,huawei
1335,9643,huawei
1336,9668,huawei
1337,9576,huawei
1338,9620,huawei
1339,9625,huawei
1340,9531,huawei
1341,9500,huawei
1342,9501,huawei
1343,9481,huawei
1344,9409,huawei
1345,9466,huawei
1346,9401,huawei
1347,9395,huawei
1348,9368,huawei
1349,9369,huawei
1350,9343,huawei
1351,9367,huawei
1352,9412,huawei
1353,9351,huawei
1354,9324,huawei
1355,9284,huawei
1356,9272,huawei
1357,9632,huawei
1358,9267,huawei
1359,9199,huawei
1360,9209,huawei
1361,9196,huawei
1362,9502,huawei
1363,9162,huawei
1364,9141,huawei
1365,9106,huawei
1366,9107,huawei
1367,9098,huawei
1368,9188,huawei
1369,9114,huawei
1370,9265,huawei
1371,9112,huawei
1372,9080,huawei
1373,9091,huawei
1374,9092,huawei
1375,8961,huawei
1376,8943,huawei
1377,8899,huawei
1378,8854,huawei
1379,8877,huawei
1380,8910,huawei
1381,8857,huawei
1382,8833,huawei
1383,8632,huawei
1384,8715,huawei
1385,8636,huawei
1386,8637,huawei
1387,8703,huawei
1388,8672,huawei
1389,8663,huawei
1390,8578,huawei
1391,8635,huawei
1392,8687,huawei
1393,8695,huawei
1394,8640,huawei
1395,8686,huawei
1396,8594,huawei
1397,8585,huawei
1398,8515,huawei
1399,8514,huawei
1400,8598,huawei
1401,8516,huawei
1402,8458,huawei
1403,8396,huawei
1404,8415,huawei
1405,8073,huawei
1406,8411,huawei
1407,8402,huawei
1408,8315,huawei
1409,8312,huawei
1410,8284,huawei
1411,8303,huawei
1412,8302,huawei
1413,8301,huawei
1414,8285,huawei
1415,8138,huawei
1416,8084,huawei
1417,8037,huawei
1418,8036,huawei
1419,7983,huawei
1420,7745,huawei
1421,7972,huawei
1422,7854,huawei
1423,7687,huawei
1424,7793,huawei
1425,7239,huawei
1426,7744,huawei
1427,7647,huawei
1428,7588,huawei
1429,7533,huawei
1430,7440,huawei
1431,7513,huawei
1432,7309,huawei
1433,7829,huawei
1434,7206,huawei
1435,7279,huawei
1436,7201,huawei
1437,7200,huawei
1438,7006,huawei
1439,7187,huawei
1440,7075,huawei
1441,7076,huawei
1442,7077,huawei
1443,7049,huawei
1444,6943,
1445,6909,huawei
1446,6908,huawei
1447,6896,huawei
1448,6869,huawei
1449,7308,huawei
1450,6705,huawei
1451,7307,huawei
1452,6677,huawei
1453,6676,huawei
1454,6646,huawei
1455,6611,huawei
1456,6543,huawei
1457,6678,huawei
1458,6596,
1459,6499,huawei
1460,6493,huawei
1461,6375,huawei
1462,6124,huawei
1463,6332,huawei
1464,6290,huawei
1465,6278,huawei
1466,6169,huawei
1467,6168,huawei
1468,6136,huawei
1469,6137,huawei
1470,6129,huawei
1471,6103,huawei
1472,5981,huawei
1473,5979,huawei
1474,5949,huawei
1475,5936,huawei
1476,5921,huawei
1477,5840,huawei
1478,5910,huawei
1479,5485,huawei
1480,5739,huawei
1481,5779,huawei
1482,5633,huawei
1483,5699,huawei
1484,6893,huawei
1485,5632,huawei
1486,5698,huawei
1487,5539,huawei
1488,5467,huawei
1489,5386,huawei
1490,5382,huawei
1491,5365,huawei
1492,5267,huawei
1493,5257,huawei
1494,5327,huawei
1495,5648,huawei
1496,5439,huawei
1497,5065,huawei
1498,5237,huawei
1499,5164,huawei
1500,5250,huawei
1501,5141,huawei
1502,5112,huawei
1503,5507,huawei
1504,5077,huawei
1505,5068,huawei
1506,5022,huawei
1507,5020,huawei
1508,4963,huawei
1509,4966,huawei
1510,4882,huawei
1511,4839,huawei
1512,4838,huawei
1513,5383,huawei
1514,4594,huawei
1515,5003,
1516,4410,huawei
1517,4737,huawei
1518,5848,huawei
1519,5109,huawei
1520,4841,huawei
1521,4840,huawei
1522,4837,huawei
1523,5108,huawei
1524,4698,huawei
1525,4656,huawei
1526,4587,huawei
1527,5002,huawei
1528,4570,huawei
1529,4569,huawei
1530,4568,huawei
1531,4409,huawei
1532,4381,huawei
1533,4335,huawei
1534,4334,huawei
1535,4264,huawei
1536,4265,huawei
1537,4609,huawei
1538,4260,huawei
1539,4636,huawei
1540,4234,huawei
1541,4142,huawei
1542,4312,huawei
1543,4109,huawei
1544,4057,huawei
1545,4226,huawei
1546,4148,huawei
1547,4552,huawei
1548,4147,huawei
1549,4206,huawei
1550,4205,huawei
1551,4204,huawei
1552,4032,huawei
1553,3960,huawei
1554,3951,huawei
1555,3789,huawei
1556,3905,huawei
1557,3595,huawei
1558,3596,huawei
1559,3840,huawei
1560,3513,huawei
1561,3451,huawei
1562,3861,huawei
1563,3944,huawei
1564,3372,huawei
1565,3162,huawei
1566,3740,huawei
1567,4063,huawei
1568,3974,huawei
1569,3158,huawei
1570,3157,huawei
1571,6426,
1572,5119,huawei
1573,12817,infinix
1574,12812,infinix
1575,12792,infinix
1576,12736,infinix
1577,12733,infinix
1578,12732,infinix
1579,12731,infinix
1580,12642,infinix
1581,12641,infinix
1582,12518,infinix
1583,12451,infinix
1584,12424,infinix
1585,12365,infinix
1586,12289,infinix
1587,12273,infinix
1588,12288,infinix
1589,12272,infinix
1590,12274,infinix
1591,12243,infinix
1592,12216,infinix
1593,12214,infinix
1594,12131,infinix
1595,12116,infinix
1596,11976,infinix
1597,11931,infinix
1598,11930,infinix
1599,11929,infinix
1600,11912,infinix
1601,11922,
1602,11923,infinix
1603,11924,infinix
1604,11913,infinix
1605,11919,infinix
1606,11822,infinix
1607,11742,infinix
1608,11695,infinix
1609,11663,infinix
1610,11662,infinix
1611,11605,infinix
1612,11547,infinix
1613,11876,infinix
1614,11527,infinix
1615,11526,infinix
1616,11523,infinix
1617,11497,infinix
1618,11498,infinix
1619,11499,infinix
1620,11478,infinix
1621,11473,infinix
1622,11355,infinix
1623,11221,infinix
1624,11216,infinix
1625,11214,infinix
1626,11202,infinix
1627,11201,infinix
1628,11189,infinix
1629,11157,infinix
1630,11162,infinix
1631,11161,infinix
1632,10989,infinix
1633,11097,infinix
1634,11098,infinix
1635,11031,infinix
1636,10908,infinix
1637,10907,infinix
1638,10909,infinix
1639,10891,infinix
1640,10869,infinix
1641,10868,infinix
1642,10735,infinix
1643,10699,infinix
1644,10646,infinix
1645,10622,infinix
1646,10514,infinix
1647,10515,infinix
1648,10516,infinix
1649,10452,infinix
1650,10401,infinix
1651,10367,infinix
1652,10285,infinix
1653,10175,infinix
1654,10177,infinix
1655,10272,infinix
1656,10156,infinix
1657,10128,infinix
1658,10127,infinix
1659,10116,infinix
1660,10008,infinix
1661,9980,infinix
1662,9975,infinix
1663,9927,infinix
1664,9915,infinix
1665,9856,infinix
1666,9761,infinix
1667,9680,infinix
1668,9678,infinix
1669,9679,infinix
1670,9658,infinix
1671,9657,
1672,9656,
1673,9477,infinix
1674,9423,infinix
1675,9416,infinix
1676,9420,infinix
1677,9426,infinix
1678,9417,infinix
1679,9429,infinix
1680,9430,infinix
1681,9425,infinix
1682,9421,infinix
1683,9415,infinix
1684,9414,infinix
1685,9428,infinix
1686,9427,infinix
1687,9419,infinix
1688,9418,infinix
1689,9431,infinix
1690,9479,infinix
1691,9478,infinix
1692,9422,infinix
1693,9473,infinix
1694,9472,infinix
1695,9476,infinix
1696,9475,infinix
1697,9474,infinix
1698,12783,lenovo
1699,12476,lenovo
1700,12443,lenovo
1701,12425,lenovo
1702,12071,lenovo
1703,12052,lenovo
1704,12521,lenovo
1705,11842,lenovo
1706,11841,lenovo
1707,12162,lenovo
1708,11783,
1709,11747,lenovo
1710,11711,lenovo
1711,11394,lenovo
1712,11331,lenovo
1713,12008,lenovo
1714,11143,lenovo
1715,11090,lenovo
1716,11091,lenovo
1717,10971,
1718,10972,lenovo
1719,10988,
1720,10990,lenovo
1721,10991,lenovo
1722,10992,lenovo
1723,10970,lenovo
1724,10924,
1725,10925,lenovo
1726,10927,lenovo
1727,10926,lenovo
1728,10827,lenovo
1729,10839,lenovo
1730,10605,lenovo
1731,10630,lenovo
1732,10733,lenovo
1733,10405,lenovo
1734,10686,lenovo
1735,10406,lenovo
1736,10329,lenovo
1737,10224,lenovo
1738,10566,lenovo
1739,10360,lenovo
1740,10049,
1741,9959,
1742,9882,lenovo
1743,9821,lenovo
1744,9822,lenovo
1745,9826,lenovo
1746,9825,lenovo
1747,9824,lenovo
1748,9757,lenovo
1749,9754,lenovo
1750,9711,lenovo
1751,9671,lenovo
1752,9655,lenovo
1753,9609,lenovo
1754,9490,lenovo
1755,9436,lenovo
1756,9489,lenovo
1757,9349,lenovo
1758,9375,lenovo
1759,9374,lenovo
1760,9371,lenovo
1761,9222,lenovo
1762,9226,lenovo
1763,9225,lenovo
1764,9144,lenovo
1765,9143,lenovo
1766,9116,lenovo
1767,8973,lenovo
1768,8947,lenovo
1769,8942,lenovo
1770,8941,lenovo
1771,8834,lenovo
1772,8850,lenovo
1773,8794,lenovo
1774,8605,lenovo
1775,8604,lenovo
1776,8603,lenovo
1777,8602,lenovo
1778,8559,lenovo
1779,8423,lenovo
1780,8376,lenovo
1781,8375,lenovo
1782,8506,lenovo
1783,8320,lenovo
1784,8319,lenovo
1785,8318,lenovo
1786,8317,lenovo
1787,8316,lenovo
1788,9744,lenovo
1789,8311,
1790,8208,lenovo
1791,8368,
1792,8193,lenovo
1793,8147,lenovo
1794,8146,lenovo
1795,8145,lenovo
1796,8125,lenovo
1797,8101,lenovo
1798,8038,lenovo
1799,7953,lenovo
1800,7952,lenovo
1801,7951,lenovo
1802,7947,lenovo
1803,7946,lenovo
1804,7939,lenovo
1805,7918,lenovo
1806,7878,lenovo
1807,7865,lenovo
1808,7850,lenovo
1809,7802,lenovo
1810,7756,lenovo
1811,7755,lenovo
1812,7742,lenovo
1813,8549,lenovo
1814,7642,lenovo
1815,7605,lenovo
1816,8142,lenovo
1817,7557,lenovo
1818,7539,lenovo
1819,7711,lenovo
1820,7552,lenovo
1821,7540,lenovo
1822,7354,lenovo
1823,7511,lenovo
1824,7507,lenovo
1825,8043,lenovo
1826,7233,lenovo
1827,7216,
1828,7214,lenovo
1829,7197,lenovo
1830,7192,lenovo
1831,7147,lenovo
1832,7046,lenovo
1833,7886,lenovo
1834,7088,lenovo
1835,7167,lenovo
1836,7089,lenovo
1837,7090,lenovo
1838,7063,lenovo
1839,6956,lenovo
1840,8185,lenovo
1841,6955,lenovo
1842,6938,lenovo
1843,6920,lenovo
1844,6919,lenovo
1845,6848,lenovo
1846,6842,lenovo
1847,6855,lenovo
1848,6789,lenovo
1849,6788,lenovo
1850,6787,lenovo
1851,6739,lenovo
1852,6746,lenovo
1853,6852,lenovo
1854,6731,lenovo
1855,6730,lenovo
1856,6681,lenovo
1857,6643,lenovo
1858,6642,lenovo
1859,6595,lenovo
1860,6396,lenovo
1861,6529,lenovo
1862,6293,lenovo
1863,6370,lenovo
1864,6673,lenovo
1865,6369,lenovo
1866,6368,lenovo
1867,6296,lenovo
1868,6729,lenovo
1869,6674,lenovo
1870,6283,lenovo
1871,6282,lenovo
1872,6281,lenovo
1873,6280,lenovo
1874,6279,lenovo
1875,6166,lenovo
1876,6159,lenovo
1877,6158,lenovo
1878,6157,lenovo
1879,6047,lenovo
1880,5934,lenovo
1881,5894,lenovo
1882,5893,lenovo
1883,5843,lenovo
1884,5836,lenovo
1885,5835,lenovo
1886,5830,lenovo
1887,5851,lenovo
1888,5684,lenovo
1889,5683,lenovo
1890,5689,lenovo
1891,5612,lenovo
1892,5544,lenovo
1893,5486,lenovo
1894,5450,lenovo
1895,5850,lenovo
1896,5849,
1897,5385,lenovo
1898,5354,lenovo
1899,6196,lenovo
1900,6197,lenovo
1901,6198,lenovo
1902,5353,lenovo
1903,5352,lenovo
1904,5241,lenovo
1905,5244,lenovo
1906,5247,lenovo
1907,5463,lenovo
1908,5462,lenovo
1909,5245,lenovo
1910,5333,lenovo
1911,5246,lenovo
1912,5243,lenovo
1913,5140,lenovo
1914,5095,lenovo
1915,5094,lenovo
1916,5060,lenovo
1917,4985,lenovo
1918,4956,lenovo
1919,4911,lenovo
1920,4912,lenovo
1921,4864,lenovo
1922,4863,lenovo
1923,4862,lenovo
1924,4861,lenovo
1925,4860,lenovo
1926,4859,lenovo
1927,4858,lenovo
1928,4424,lenovo
1929,4711,lenovo
1930,4445,lenovo
1931,4423,
1932,4441,lenovo
1933,4440,lenovo
1934,4439,lenovo
1935,4442,lenovo
1936,4443,lenovo
1937,4444,lenovo
1938,10185,
1939,7968,
1940,7008,
1941,11751,lg
1942,10742,lg
1943,10743,lg
1944,10744,lg
1945,10585,lg
1946,10586,lg
1947,10587,lg
1948,10564,lg
1949,10464,lg
1950,10558,lg
1951,10463,lg
1952,10459,lg
1953,10458,lg
1954,10442,lg
1955,10597,lg
1956,10368,lg
1957,10451,lg
1958,10382,lg
1959,10378,lg
1960,10257,lg
1961,10255,lg
1962,10340,lg
1963,10209,lg
1964,10186,lg
1965,10256,lg
1966,10103,lg
1967,10102,lg
1968,10090,lg
1969,10088,lg
1970,10087,lg
1971,10086,lg
1972,9952,lg
1973,9906,lg
1974,9844,lg
1975,9815,lg
1976,9827,lg
1977,9828,lg
1978,9805,lg
1979,9804,lg
1980,9753,lg
1981,9752,lg
1982,9751,lg
1983,9758,lg
1984,9607,lg
1985,9608,lg
1986,9540,lg
1987,9585,lg
1988,9586,lg
1989,9587,lg
1990,9411,lg
1991,9300,lg
1992,9355,lg
1993,9544,lg
1994,9309,lg
1995,9305,lg
1996,9304,lg
1997,9285,lg
1998,9278,lg
1999,9251,lg
2000,9228,lg
2001,9191,lg
2002,9206,lg
2003,9115,lg
2004,9090,lg
2005,9122,lg
2006,10072,lg
2007,9190,lg
2008,9074,lg
2009,9073,lg
2010,9047,lg
2011,9006,lg
2012,8712,lg
2013,8781,lg
2014,8756,lg
2015,8780,lg
2016,8696,lg
2017,8466,lg
2018,8584,lg
2019,8552,lg
2020,8551,lg
2021,8694,lg
2022,8492,lg
2023,8679,lg
2024,8678,lg
2025,8491,lg
2026,8490,lg
2027,8817,lg
2028,8489,lg
2029,8488,lg
2030,8484,lg
2031,8403,lg
2032,8238,lg
2033,8184,lg
2034,8183,lg
2035,8159,lg
2036,8158,lg
2037,8463,lg
2038,8081,lg
2039,8133,lg
2040,8132,lg
2041,8079,lg
2042,8085,lg
2043,7980,lg
2044,8269,lg
2045,8056,lg
2046,7815,lg
2047,7977,lg
2048,7976,lg
2049,7927,lg
2050,7926,lg
2051,7849,lg
2052,7848,lg
2053,7883,lg
2054,7828,lg
2055,7773,lg
2056,7675,lg
2057,7681,lg
2058,7680,lg
2059,7607,lg
2060,7606,lg
2061,7556,lg
2062,7575,lg
2063,7515,lg
2064,7496,lg
2065,7451,lg
2066,7442,lg
2067,7437,lg
2068,7363,lg
2069,7345,lg
2070,7344,lg
2071,7250,lg
2072,7253,lg
2073,6901,
2074,7245,lg
2075,7212,lg
2076,7148,lg
2077,7070,
2078,7718,lg
2079,7051,lg
2080,7052,lg
2081,7053,lg
2082,7054,lg
2083,6916,lg
2084,6812,lg
2085,6775,lg
2086,6776,lg
2087,6764,lg
2088,6750,lg
2089,6709,lg
2090,6606,lg
2091,6415,lg
2092,6555,lg
2093,6593,lg
2094,6592,lg
2095,6575,lg
2096,6569,lg
2097,6562,lg
2098,6554,lg
2099,6546,lg
2100,6547,lg
2101,6548,lg
2102,6545,lg
2103,6520,lg
2104,6509,lg
2105,6475,lg
2106,6315,lg
2107,6572,lg
2108,6294,lg
2109,7133,lg
2110,6366,lg
2111,6357,lg
2112,7289,lg
2113,6354,lg
2114,6353,lg
2115,6352,lg
2116,7038,lg
2117,6333,lg
2118,6326,lg
2119,6307,lg
2120,6173,lg
2121,6133,lg
2122,6118,lg
2123,6117,lg
2124,6077,lg
2125,6171,lg
2126,6100,lg
2127,6285,lg
2128,6101,lg
2129,7062,lg
2130,6286,lg
2131,6102,lg
2132,6052,lg
2133,6385,lg
2134,6032,lg
2135,5998,lg
2136,5901,lg
2137,5705,lg
2138,5806,lg
2139,5798,lg
2140,5772,lg
2141,5736,lg
2142,5750,lg
2143,5723,
2144,5673,lg
2145,5543,lg
2146,5650,lg
2147,5649,lg
2148,5602,lg
2149,5488,lg
2150,5487,lg
2151,5554,lg
2152,5509,lg
2153,5390,lg
2154,5315,lg
2155,5722,lg
2156,5316,lg
2157,5254,lg
2158,5372,lg
2159,5275,lg
2160,5373,lg
2161,5293,lg
2162,5389,lg
2163,5292,lg
2164,5608,lg
2165,5048,lg
2166,6448,lg
2167,6449,lg
2168,5964,lg
2169,5089,lg
2170,5078,lg
2171,5032,lg
2172,5025,lg
2173,5325,lg
2174,4950,lg
2175,5062,lg
2176,4751,lg
2177,4941,lg
2178,5005,lg
2179,4982,lg
2180,4981,lg
2181,4964,lg
2182,4955,lg
2183,4948,lg
2184,4932,lg
2185,4835,lg
2186,4833,lg
2187,4984,lg
2188,4779,lg
2189,4749,lg
2190,4702,lg
2191,4739,lg
2192,4717,lg
2193,4712,lg
2194,4653,lg
2195,4649,lg
2196,4563,lg
2197,4562,lg
2198,4545,lg
2199,4565,lg
2200,4571,lg
2201,4554,lg
2202,4555,lg
2203,4461,lg
2204,4446,lg
2205,4625,lg
2206,4430,lg
2207,4416,lg
2208,4377,lg
2209,4392,lg
2210,4064,lg
2211,4329,lg
2212,4353,lg
2213,4402,lg
2214,4351,lg
2215,4257,lg
2216,4352,lg
2217,4253,lg
2218,4221,lg
2219,4286,lg
2220,4213,lg
2221,4188,lg
2222,4201,lg
2223,4140,lg
2224,4157,lg
2225,4067,lg
2226,4309,lg
2227,4043,lg
2228,4289,lg
2229,4287,lg
2230,4037,lg
2231,4040,lg
2232,4090,lg
2233,4258,lg
2234,4610,lg
2235,4561,lg
2236,4942,lg
2237,4470,lg
2238,4048,lg
2239,4094,lg
2240,4092,lg
2241,4248,lg
2242,4326,lg
2243,4259,lg
2244,4089,lg
2245,3994,lg
2246,4211,lg
2247,4658,lg
2248,4635,lg
2249,3952,lg
2250,3937,lg
2251,4074,lg
2252,4033,lg
2253,3924,lg
2254,3918,lg
2255,3886,lg
2256,3880,lg
2257,3759,lg
2258,3835,lg
2259,4210,lg
2260,4095,lg
2261,3758,lg
2262,3837,lg
2263,3219,lg
2264,3735,lg
2265,3704,lg
2266,3762,lg
2267,3598,lg
2268,3667,lg
2269,3732,lg
2270,3852,lg
2271,3701,lg
2272,3684,lg
2273,3860,lg
2274,3698,lg
2275,3695,lg
2276,3674,lg
2277,3909,lg
2278,3651,lg
2279,3731,lg
2280,3632,lg
2281,3631,lg
2282,3630,lg
2283,3613,lg
2284,3605,lg
2285,3606,lg
2286,3558,lg
2287,3555,lg
2288,3532,lg
2289,3486,lg
2290,3494,lg
2291,3669,lg
2292,3609,lg
2293,3583,lg
2294,3544,lg
2295,3516,lg
2296,3345,lg
2297,3414,lg
2298,3220,lg
2299,3217,lg
2300,3218,lg
2301,3478,lg
2302,3470,lg
2303,3676,lg
2304,3459,lg
2305,3452,lg
2306,3458,lg
2307,3411,lg
2308,3412,lg
2309,3444,lg
2310,3360,lg
2311,3260,lg
2312,3359,lg
2313,3356,lg
2314,3352,lg
2315,3216,lg
2316,3274,lg
2317,3341,lg
2318,3340,lg
2319,3221,lg
2320,3257,lg
2321,3245,lg
2322,3276,lg
2323,3076,lg
2324,3261,lg
2325,3251,lg
2326,3254,lg
2327,3253,lg
2328,3233,lg
2329,3124,lg
2330,3211,lg
2331,3081,lg
2332,3215,lg
2333,3204,lg
2334,3164,lg
2335,3136,lg
2336,3095,lg
2337,3199,lg
2338,3078,lg
2339,5444,lg
2340,4086,lg
2341,3135,lg
2342,3106,lg
2343,3083,lg
2344,3496,lg
2345,12472,nokia
2346,12471,nokia
2347,12465,nokia
2348,12464,nokia
2349,12381,nokia
2350,12322,nokia
2351,12321,nokia
2352,12285,nokia
2353,12284,nokia
2354,12286,nokia
2355,12283,nokia
2356,12282,nokia
2357,12281,nokia
2358,12244,nokia
2359,12210,
2360,12184,nokia
2361,12139,nokia
2362,12138,nokia
2363,12137,nokia
2364,12136,nokia
2365,12085,nokia
2366,11973,nokia
2367,11831,nokia
2368,12373,nokia
2369,11826,nokia
2370,11825,nokia
2371,11823,nokia
2372,11818,nokia
2373,11741,
2374,11666,nokia
2375,11667,nokia
2376,11670,nokia
2377,11668,
2378,11669,nokia
2379,11644,nokia
2380,11629,nokia
2381,11628,nokia
2382,11381,nokia
2383,11380,nokia
2384,11740,nokia
2385,11739,nokia
2386,11382,nokia
2387,11358,nokia
2388,11356,nokia
2389,11207,nokia
2390,11135,nokia
2391,11142,nokia
2392,11077,nokia
2393,11013,nokia
2394,10967,nokia
2395,11025,nokia
2396,11019,nokia
2397,10965,nokia
2398,10966,nokia
2399,10959,nokia
2400,10955,nokia
2401,10838,nokia
2402,10840,nokia
2403,10841,nokia
2404,10842,nokia
2405,10843,nokia
2406,10844,nokia
2407,10700,nokia
2408,10624,nokia
2409,10584,nokia
2410,10575,nokia
2411,10576,nokia
2412,10588,nokia
2413,10547,nokia
2414,10532,nokia
2415,10533,nokia
2416,10404,nokia
2417,10460,nokia
2418,10351,nokia
2419,10273,nokia
2420,10275,nokia
2421,10274,nokia
2422,10241,nokia
2423,10240,nokia
2424,10142,nokia
2425,10117,nokia
2426,10143,nokia
2427,10144,nokia
2428,10131,nokia
2429,9993,nokia
2430,9988,nokia
2431,9833,nokia
2432,9834,nokia
2433,9835,nokia
2434,10910,nokia
2435,9836,nokia
2436,9774,nokia
2437,9845,nokia
2438,9773,nokia
2439,9737,nokia
2440,9736,nokia
2441,9731,nokia
2442,9652,nokia
2443,8867,nokia
2444,9603,nokia
2445,10619,nokia
2446,9604,nokia
2447,9538,nokia
2448,9606,nokia
2449,9342,nokia
2450,9405,nokia
2451,9364,nokia
2452,9354,nokia
2453,9178,nokia
2454,9246,nokia
2455,9214,nokia
2456,9215,nokia
2457,9216,nokia
2458,9089,nokia
2459,9087,nokia
2460,9058,nokia
2461,8972,nokia
2462,9052,nokia
2463,9046,nokia
2464,8513,nokia
2465,8907,nokia
2466,8876,nokia
2467,8522,nokia
2468,8770,nokia
2469,8769,nokia
2470,8572,nokia
2471,8571,nokia
2472,6885,nokia
2473,8597,nokia
2474,8475,nokia
2475,8343,nokia
2476,7772,nokia
2477,7771,nokia
2478,7517,nokia
2479,7516,nokia
2480,7272,nokia
2481,7271,nokia
2482,6910,nokia
2483,6911,nokia
2484,6877,nokia
2485,6814,nokia
2486,6640,nokia
2487,6639,nokia
2488,6638,nokia
2489,6571,nokia
2490,6570,nokia
2491,6524,nokia
2492,6523,nokia
2493,6383,nokia
2494,6288,nokia
2495,6287,nokia
2496,6227,nokia
2497,6254,nokia
2498,6255,nokia
2499,6232,nokia
2500,6148,nokia
2501,6147,nokia
2502,6067,nokia
2503,6149,nokia
2504,6150,nokia
2505,5833,nokia
2506,5869,nokia
2507,5760,nokia
2508,5791,nokia
2509,5702,nokia
2510,5796,nokia
2511,5794,nokia
2512,5795,nokia
2513,5793,nokia
2514,5792,nokia
2515,5703,nokia
2516,5663,nokia
2517,5636,nokia
2518,5635,nokia
2519,5438,nokia
2520,5506,nokia
2521,5560,nokia
2522,5559,nokia
2523,5451,nokia
2524,5437,nokia
2525,5445,nokia
2526,5417,nokia
2527,5321,nokia
2528,5322,nokia
2529,5323,nokia
2530,5324,nokia
2531,5291,nokia
2532,5150,nokia
2533,5147,nokia
2534,5145,nokia
2535,5138,nokia
2536,5137,nokia
2537,5096,nokia
2538,5090,nokia
2539,5069,nokia
2540,5024,nokia
2541,5009,nokia
2542,5010,nokia
2543,4967,nokia
2544,4968,nokia
2545,4802,nokia
2546,4801,nokia
2547,4800,nokia
2548,4758,nokia
2549,4757,nokia
2550,4756,nokia
2551,4755,nokia
2552,4695,nokia
2553,4690,nokia
2554,4577,nokia
2555,4662,nokia
2556,4576,nokia
2557,4546,nokia
2558,4579,nokia
2559,4580,nokia
2560,4578,nokia
2561,4275,nokia
2562,4391,nokia
2563,4354,nokia
2564,4240,nokia
2565,4372,nokia
2566,4276,nokia
2567,4278,nokia
2568,4279,nokia
2569,4280,nokia
2570,4281,nokia
2571,4243,nokia
2572,4241,nokia
2573,4242,nokia
2574,4220,nokia
2575,4223,nokia
2576,4222,nokia
2577,4121,nokia
2578,4120,nokia
2579,4119,nokia
2580,4021,nokia
2581,4118,nokia
2582,4113,nokia
2583,4085,nokia
2584,3398,nokia
2585,4019,nokia
2586,3931,nokia
2587,3995,nokia
2588,3996,nokia
2589,4020,nokia
2590,3915,nokia
2591,3997,
2592,3961,nokia
2593,3962,nokia
2594,3664,nokia
2595,3717,nokia
2596,3885,nokia
2597,3853,nokia
2598,3610,nokia
2599,3638,nokia
2600,3578,nokia
2601,3545,nokia
2602,3524,nokia
2603,3394,nokia
2604,3525,nokia
2605,3477,nokia
2606,3479,nokia
2607,3397,nokia
2608,3396,nokia
2609,3390,nokia
2610,3348,nokia
2611,3367,nokia
2612,3366,nokia
2613,3365,nokia
2614,3364,nokia
2615,3252,nokia
2616,3304,nokia
2617,3229,nokia
2618,3198,nokia
2619,3269,nokia
2620,3122,nokia
2621,3285,nokia
2622,3286,nokia
2623,3121,nokia
2624,3041,nokia
2625,3109,nokia
2626,10792,nokia
2627,12771,samsung
2628,12772,samsung
2629,12773,samsung
2630,12784,samsung
2631,12785,samsung
2632,12555,samsung
2633,12638,samsung
2634,12637,samsung
2635,12617,samsung
2636,12616,samsung
2637,12520,samsung
2638,12609,samsung
2639,12517,samsung
2640,12584,samsung
2641,12583,samsung
2642,12453,samsung
2643,12418,
2644,12252,
2645,12217,samsung
2646,12440,samsung
2647,12439,samsung
2648,12438,samsung
2649,12437,samsung
2650,11290,samsung
2651,12239,samsung
2652,12176,samsung
2653,12175,samsung
2654,12189,samsung
2655,12070,samsung
2656,12074,samsung
2657,12160,samsung
2658,12024,samsung
2659,12083,samsung
2660,12082,samsung
2661,12151,samsung
2662,12004,samsung
2663,12054,samsung
2664,12022,samsung
2665,11988,samsung
2666,11945,samsung
2667,11840,samsung
2668,11803,samsung
2669,11817,samsung
2670,11737,
2671,11538,
2672,11749,samsung
2673,11748,samsung
2674,11736,samsung
2675,11633,samsung
2676,11654,samsung
2677,11665,samsung
2678,11600,samsung
2679,11624,samsung
2680,11564,samsung
2681,11524,samsung
2682,11439,samsung
2683,11459,samsung
2684,11257,samsung
2685,11268,samsung
2686,11429,samsung
2687,11406,samsung
2688,11404,samsung
2689,11403,samsung
2690,11373,samsung
2691,11402,samsung
2692,11251,samsung
2693,11252,samsung
2694,11253,samsung
2695,11274,samsung
2696,11342,samsung
2697,11343,samsung
2698,10954,samsung
2699,11265,samsung
2700,11149,samsung
2701,11244,samsung
2702,11215,samsung
2703,11124,samsung
2704,11110,samsung
2705,11011,samsung
2706,11062,samsung
2707,10937,samsung
2708,11039,samsung
2709,10906,
2710,11044,
2711,11046,samsung
2712,11045,samsung
2713,11087,samsung
2714,11041,samsung
2715,11015,samsung
2716,10996,samsung
2717,10887,
2718,10873,samsung
2719,10948,samsung
2720,10933,samsung
2721,10922,samsung
2722,10900,samsung
2723,10848,samsung
2724,10860,samsung
2725,10850,samsung
2726,10825,samsung
2727,10824,samsung
2728,10469,samsung
2729,10631,samsung
2730,10641,samsung
2731,10718,samsung
2732,10753,samsung
2733,10749,samsung
2734,10740,samsung
2735,10578,samsung
2736,10596,samsung
2737,10625,samsung
2738,10626,samsung
2739,10648,samsung
2740,10663,samsung
2741,10604,samsung
2742,10709,samsung
2743,10708,samsung
2744,10603,samsung
2745,10580,samsung
2746,10496,samsung
2747,10498,samsung
2748,10476,samsung
2749,10377,samsung
2750,10428,samsung
2751,10412,samsung
2752,10411,samsung
2753,10148,samsung
2754,10371,samsung
2755,10342,
2756,10261,samsung
2757,10355,samsung
2758,10325,samsung
2759,10338,samsung
2760,10315,samsung
2761,10336,samsung
2762,10337,samsung
2763,10244,
2764,10333,samsung
2765,10335,samsung
2766,10316,samsung
2767,10314,samsung
2768,10276,samsung
2769,10216,samsung
2770,10239,samsung
2771,10208,samsung
2772,10243,samsung
2773,10146,samsung
2774,10157,samsung
2775,10172,samsung
2776,10483,samsung
2777,10158,samsung
2778,10124,samsung
2779,10149,samsung
2780,10138,samsung
2781,10111,samsung
2782,10132,samsung
2783,10079,samsung
2784,10040,samsung
2785,10084,samsung
2786,10041,samsung
2787,10080,samsung
2788,10254,samsung
2789,10044,samsung
2790,10081,samsung
2791,10054,
2792,10004,samsung
2793,10001,samsung
2794,10003,samsung
2795,9917,samsung
2796,9999,samsung
2797,9995,samsung
2798,9963,samsung
2799,9937,samsung
2800,9899,samsung
2801,9852,samsung
2802,9818,samsung
2803,9861,samsung
2804,9851,
2805,9523,
2806,9850,samsung
2807,9795,samsung
2808,9796,samsung
2809,9806,samsung
2810,9787,samsung
2811,9732,samsung
2812,9789,samsung
2813,9788,samsung
2814,9784,samsung
2815,9786,samsung
2816,9793,samsung
2817,9790,samsung
2818,9781,samsung
2819,9760,samsung
2820,9730,samsung
2821,9636,samsung
2822,9589,samsung
2823,9672,samsung
2824,9588,samsung
2825,9535,samsung
2826,9536,samsung
2827,9537,samsung
2828,9721,samsung
2829,9505,samsung
2830,9506,samsung
2831,9508,samsung
2832,9659,samsung
2833,9646,samsung
2834,9616,samsung
2835,9554,samsung
2836,9642,samsung
2837,9579,samsung
2838,9661,samsung
2839,9640,samsung
2840,9580,samsung
2841,9581,samsung
2842,9582,samsung
2843,9651,samsung
2844,9264,samsung
2845,9665,samsung
2846,9262,samsung
2847,9263,samsung
2848,9432,samsung
2849,9352,samsung
2850,9344,samsung
2851,9340,samsung
2852,9163,samsung
2853,9289,samsung
2854,9334,samsung
2855,9397,samsung
2856,9335,samsung
2857,9255,samsung
2858,9260,samsung
2859,9234,samsung
2860,8928,samsung
2861,9220,samsung
2862,9202,samsung
2863,9205,samsung
2864,9203,samsung
2865,9204,samsung
2866,9156,samsung
2867,9155,samsung
2868,9153,samsung
2869,9135,samsung
2870,8967,samsung
2871,8966,samsung
2872,8904,samsung
2873,8790,samsung
2874,8886,samsung
2875,8900,samsung
2876,8897,samsung
2877,8725,samsung
2878,8789,samsung
2879,8839,samsung
2880,8505,samsung
2881,8676,samsung
2882,8778,samsung
2883,8683,samsung
2884,8684,samsung
2885,8675,samsung
2886,8561,samsung
2887,8705,samsung
2888,8438,samsung
2889,9331,samsung
2890,8682,samsung
2891,8161,samsung
2892,8523,samsung
2893,8627,samsung
2894,8437,samsung
2895,8577,samsung
2896,8554,samsung
2897,8397,samsung
2898,8486,samsung
2899,8435,samsung
2900,8335,samsung
2901,8494,samsung
2902,8336,samsung
2903,8385,samsung
2904,8424,samsung
2905,8347,samsung
2906,7801,samsung
2907,8367,samsung
2908,8265,samsung
2909,8309,samsung
2910,8308,samsung
2911,8307,samsung
2912,8342,samsung
2913,8314,samsung
2914,8288,samsung
2915,8242,samsung
2916,8082,samsung
2917,8140,samsung
2918,8192,samsung
2919,8227,samsung
2920,8186,samsung
2921,8228,samsung
2922,8083,samsung
2923,8170,samsung
2924,8455,samsung
2925,8004,samsung
2926,8126,samsung
2927,8046,samsung
2928,8047,samsung
2929,7903,samsung
2930,7870,samsung
2931,7869,samsung
2932,8090,samsung
2933,7880,samsung
2934,7821,samsung
2935,7945,samsung
2936,7961,samsung
2937,7960,samsung
2938,7768,samsung
2939,7934,samsung
2940,7879,samsung
2941,7864,samsung
2942,7641,samsung
2943,7759,samsung
2944,7789,samsung
2945,7791,samsung
2946,8022,samsung
2947,7760,samsung
2948,7704,samsung
2949,7679,samsung
2950,7648,samsung
2951,7273,samsung
2952,7673,samsung
2953,7677,samsung
2954,7678,samsung
2955,7585,samsung
2956,7504,samsung
2957,7431,samsung
2958,7508,samsung
2959,7505,samsung
2960,7467,samsung
2961,7509,samsung
2962,6506,samsung
2963,7468,samsung
2964,7453,samsung
2965,7438,samsung
2966,7439,samsung
2967,7506,samsung
2968,7249,samsung
2969,7395,samsung
2970,8785,samsung
2971,7185,samsung
2972,7184,samsung
2973,6980,samsung
2974,7295,samsung
2975,7794,samsung
2976,7751,samsung
2977,7119,samsung
2978,7114,samsung
2979,7134,samsung
2980,7443,samsung
2981,7122,samsung
2982,8883,samsung
2983,7121,samsung
2984,6990,samsung
2985,7166,samsung
2986,7164,samsung
2987,7079,samsung
2988,7377,samsung
2989,6849,samsung
2990,7034,samsung
2991,7357,samsung
2992,6907,samsung
2993,7110,samsung
2994,6894,samsung
2995,7132,samsung
2996,6763,samsung
2997,6905,samsung
2998,6879,samsung
2999,6906,samsung
3000,6716,samsung
3001,6802,samsung
3002,6761,samsung
3003,6803,samsung
3004,6762,samsung
3005,6748,samsung
3006,4881,samsung
3007,6725,samsung
3008,6790,samsung
3009,6708,samsung
3010,6706,samsung
3011,6631,samsung
3012,6749,samsung
3013,6758,samsung
3014,6434,samsung
3015,6658,samsung
3016,6659,samsung
3017,6482,samsung
3018,6620,samsung
3019,7715,samsung
3020,7714,samsung
3021,7717,samsung
3022,7716,samsung
3023,6576,samsung
3024,6580,samsung
3025,6573,samsung
3026,6563,samsung
3027,6542,samsung
3028,6662,samsung
3029,6651,samsung
3030,6650,samsung
3031,6969,samsung
3032,6534,samsung
3033,6391,samsung
3034,6252,samsung
3035,6478,samsung
3036,6479,samsung
3037,6480,samsung
3038,6481,samsung
3039,6331,samsung
3040,6460,samsung
3041,6450,samsung
3042,6435,samsung
3043,6439,samsung
3044,6235,samsung
3045,6438,samsung
3046,6432,samsung
3047,6433,samsung
3048,6404,samsung
3049,6403,samsung
3050,6356,samsung
3051,6210,samsung
3052,6328,samsung
3053,6289,samsung
3054,6284,samsung
3055,6245,samsung
3056,6251,samsung
3057,6250,samsung
3058,6241,samsung
3059,6249,samsung
3060,6248,samsung
3061,6240,samsung
3062,6247,samsung
3063,6246,samsung
3064,6239,samsung
3065,6209,samsung
3066,6190,samsung
3067,6272,samsung
3068,6237,samsung
3069,6338,samsung
3070,6033,samsung
3071,6846,samsung
3072,6099,samsung
3073,6505,samsung
3074,6170,samsung
3075,6054,samsung
3076,6015,samsung
3077,5961,samsung
3078,5975,samsung
3079,5969,samsung
3080,5958,samsung
3081,5945,samsung
3082,5944,samsung
3083,6048,samsung
3084,5943,samsung
3085,5942,samsung
3086,6212,samsung
3087,5941,samsung
3088,5940,samsung
3089,6049,samsung
3090,5946,samsung
3091,5928,samsung
3092,5904,samsung
3093,5889,samsung
3094,5887,samsung
3095,5886,samsung
3096,5876,samsung
3097,5862,samsung
3098,5814,samsung
3099,5846,samsung
3100,5803,samsung
3101,5542,samsung
3102,5786,samsung
3103,5766,samsung
3104,5841,samsung
3105,5842,samsung
3106,6216,samsung
3107,6213,samsung
3108,5749,samsung
3109,5677,samsung
3110,5665,samsung
3111,5634,samsung
3112,5597,samsung
3113,5599,samsung
3114,5548,samsung
3115,5447,samsung
3116,6785,samsung
3117,5479,
3118,5375,samsung
3119,5446,samsung
3120,5456,samsung
3121,5491,samsung
3122,5490,samsung
3123,5478,samsung
3124,5468,samsung
3125,5419,samsung
3126,5423,samsung
3127,5422,samsung
3128,5398,samsung
3129,5396,samsung
3130,5394,samsung
3131,5392,samsung
3132,5391,samsung
3133,5314,samsung
3134,5371,samsung
3135,5125,samsung
3136,5420,samsung
3137,5388,samsung
3138,5252,samsung
3139,5253,samsung
3140,5357,samsung
3141,5301,samsung
3142,5300,samsung
3143,5299,samsung
3144,5298,samsung
3145,5312,samsung
3146,5362,samsung
3147,5361,samsung
3148,5280,samsung
3149,5279,samsung
3150,5271,samsung
3151,5263,samsung
3152,5221,samsung
3153,5213,samsung
3154,5163,samsung
3155,5162,samsung
3156,5059,samsung
3157,5151,samsung
3158,5146,samsung
3159,5144,samsung
3160,5124,samsung
3161,5111,samsung
3162,5272,samsung
3163,5047,samsung
3164,5084,samsung
3165,5081,samsung
3166,5079,samsung
3167,5033,samsung
3168,5027,samsung
3169,5026,samsung
3170,5019,samsung
3171,5018,samsung
3172,4931,samsung
3173,5001,samsung
3174,4992,samsung
3175,4999,samsung
3176,4914,samsung
3177,4965,samsung
3178,4854,samsung
3179,5152,samsung
3180,4960,samsung
3181,4961,samsung
3182,4957,samsung
3183,4954,samsung
3184,4953,samsung
3185,4923,samsung
3186,4573,samsung
3187,4670,samsung
3188,4909,samsung
3189,4900,samsung
3190,4883,samsung
3191,5342,samsung
3192,5341,samsung
3193,5311,samsung
3194,4919,samsung
3195,4870,samsung
3196,4866,samsung
3197,4865,samsung
3198,4857,samsung
3199,5114,samsung
3200,4777,samsung
3201,4771,samsung
3202,4769,samsung
3203,4851,samsung
3204,4753,samsung
3205,4754,samsung
3206,4752,samsung
3207,4750,samsung
3208,4745,samsung
3209,4804,samsung
3210,4803,samsung
3211,4799,samsung
3212,4238,samsung
3213,5343,samsung
3214,4641,samsung
3215,4633,samsung
3216,5461,samsung
3217,4612,samsung
3218,4566,samsung
3219,5592,samsung
3220,4669,samsung
3221,4567,samsung
3222,4564,samsung
3223,4660,samsung
3224,5340,samsung
3225,4559,samsung
3226,3883,samsung
3227,4548,samsung
3228,4544,samsung
3229,4671,samsung
3230,4543,samsung
3231,4469,samsung
3232,4403,samsung
3233,4448,samsung
3234,4447,samsung
3235,4432,samsung
3236,4431,samsung
3237,4420,samsung
3238,4419,samsung
3239,4406,samsung
3240,4415,samsung
3241,4414,
3242,4952,samsung
3243,4374,samsung
3244,4401,samsung
3245,4397,samsung
3246,4387,samsung
3247,4385,samsung
3248,4371,samsung
3249,4380,samsung
3250,4405,samsung
3251,4350,samsung
3252,4344,samsung
3253,5556,samsung
3254,4337,samsung
3255,4336,samsung
3256,4158,samsung
3257,4159,samsung
3258,4303,samsung
3259,4217,samsung
3260,4277,samsung
3261,4271,samsung
3262,4218,samsung
3263,4301,samsung
3264,4219,samsung
3265,4327,samsung
3266,4262,samsung
3267,4284,samsung
3268,4071,samsung
3269,4239,samsung
3270,4270,samsung
3271,4667,samsung
3272,4208,samsung
3273,4200,samsung
3274,4198,samsung
3275,4096,samsung
3276,4668,samsung
3277,4136,samsung
3278,4135,samsung
3279,4130,samsung
3280,4468,samsung
3281,4129,samsung
3282,3956,samsung
3283,4126,samsung
3284,4054,samsung
3285,4127,samsung
3286,4376,samsung
3287,4124,samsung
3288,4125,samsung
3289,4114,samsung
3290,4115,samsung
3291,4116,samsung
3292,4694,samsung
3293,4117,samsung
3294,4123,samsung
3295,3437,samsung
3296,4191,samsung
3297,4100,samsung
3298,4091,samsung
3299,4059,samsung
3300,3967,samsung
3301,4269,samsung
3302,4283,samsung
3303,4026,samsung
3304,4058,samsung
3305,4039,samsung
3306,3991,samsung
3307,3969,samsung
3308,3968,samsung
3309,4274,samsung
3310,4056,samsung
3311,4034,samsung
3312,4093,samsung
3313,4055,samsung
3314,3941,samsung
3315,3992,samsung
3316,3940,samsung
3317,3939,samsung
3318,3908,samsung
3319,3986,samsung
3320,3921,samsung
3321,3993,samsung
3322,4611,samsung
3323,3927,samsung
3324,3916,samsung
3325,3913,samsung
3326,3920,samsung
3327,3910,samsung
3328,3904,samsung
3329,3919,samsung
3330,3892,samsung
3331,4069,samsung
3332,3894,samsung
3333,3891,samsung
3334,3893,samsung
3335,3884,samsung
3336,3878,samsung
3337,3765,samsung
3338,3850,samsung
3339,3621,samsung
3340,3844,samsung
3341,3845,samsung
3342,3838,samsung
3343,3831,samsung
3344,3778,samsung
3345,3729,samsung
3346,4030,samsung
3347,3766,samsung
3348,3836,samsung
3349,3761,samsung
3350,4664,samsung
3351,3724,samsung
3352,3726,samsung
3353,3741,samsung
3354,3725,samsung
3355,3879,samsung
3356,3719,samsung
3357,3718,samsung
3358,3705,samsung
3359,3774,samsung
3360,3733,samsung
3361,3620,samsung
3362,3736,samsung
3363,3634,samsung
3364,3767,samsung
3365,3668,samsung
3366,3625,samsung
3367,3617,samsung
3368,3616,samsung
3369,3665,samsung
3370,3738,samsung
3371,3753,samsung
3372,3618,samsung
3373,3615,samsung
3374,4396,samsung
3375,3588,samsung
3376,3586,samsung
3377,3742,samsung
3378,3743,samsung
3379,3744,samsung
3380,3745,samsung
3381,3746,samsung
3382,3747,samsung
3383,3748,samsung
3384,3749,samsung
3385,3453,samsung
3386,3537,samsung
3387,3547,samsung
3388,3536,samsung
3389,3768,samsung
3390,3672,samsung
3391,3370,samsung
3392,3673,samsung
3393,3769,samsung
3394,3582,samsung
3395,3671,samsung
3396,3614,samsung
3397,3487,samsung
3398,3752,samsung
3399,3750,
3400,3584,samsung
3401,3580,samsung
3402,3581,samsung
3403,3579,samsung
3404,3515,samsung
3405,3531,samsung
3406,3415,samsung
3407,4638,samsung
3408,4087,samsung
3409,3493,samsung
3410,3490,samsung
3411,3448,samsung
3412,3368,samsung
3413,3482,samsung
3414,3492,samsung
3415,3416,samsung
3416,3467,samsung
3417,3336,samsung
3418,3335,samsung
3419,3334,samsung
3420,3333,samsung
3421,3408,samsung
3422,3401,samsung
3423,3402,samsung
3424,3433,samsung
3425,3450,samsung
3426,3434,samsung
3427,3410,samsung
3428,3430,samsung
3429,3429,samsung
3430,3435,samsung
3431,3436,samsung
3432,3438,samsung
3433,3928,samsung
3434,3399,samsung
3435,3400,samsung
3436,3371,samsung
3437,3432,samsung
3438,3395,samsung
3439,3362,samsung
3440,3355,samsung
3441,3346,samsung
3442,3319,samsung
3443,3418,samsung
3444,3294,samsung
3445,3115,samsung
3446,3234,samsung
3447,3002,samsung
3448,3332,samsung
3449,3273,
3450,3272,samsung
3451,3047,samsung
3452,3243,samsung
3453,3232,samsung
3454,3231,samsung
3455,3146,samsung
3456,3150,samsung
3457,3151,samsung
3458,3091,samsung
3459,3152,samsung
3460,3148,samsung
3461,3149,samsung
3462,3117,samsung
3463,3074,samsung
3464,3085,samsung
3465,3194,samsung
3466,3086,samsung
3467,3018,samsung
3468,3084,samsung
3469,3048,samsung
3470,3441,samsung
3471,3442,samsung
3472,7270,
3473,12534,sony
3474,12263,sony
3475,12264,sony
3476,11838,sony
3477,11521,sony
3478,11522,sony
3479,11174,sony
3480,11064,sony
3481,10712,sony
3482,10851,sony
3483,10698,sony
3484,10707,sony
3485,10396,sony
3486,10096,sony
3487,10095,sony
3488,10091,sony
3489,9840,sony
3490,9543,sony
3491,9591,sony
3492,9353,sony
3493,9592,sony
3494,9268,sony
3495,9232,sony
3496,9166,sony
3497,9081,sony
3498,9082,sony
3499,8985,sony
3500,8986,sony
3501,8987,sony
3502,8922,sony
3503,8804,sony
3504,8840,sony
3505,8610,sony
3506,8619,sony
3507,8599,sony
3508,8593,sony
3509,8595,sony
3510,8596,sony
3511,8292,sony
3512,8313,sony
3513,8113,sony
3514,8102,sony
3515,7949,sony
3516,7948,sony
3517,7957,sony
3518,7950,sony
3519,7538,sony
3520,7536,sony
3521,7537,sony
3522,7534,sony
3523,7535,sony
3524,7465,sony
3525,7464,sony
3526,7466,sony
3527,7463,sony
3528,7296,sony
3529,7257,sony
3530,6878,sony
3531,7228,sony
3532,7227,sony
3533,7100,sony
3534,7068,sony
3535,7238,sony
3536,7069,sony
3537,7059,sony
3538,7060,sony
3539,7031,sony
3540,6882,sony
3541,6663,sony
3542,6634,sony
3543,6633,sony
3544,6632,sony
3545,6796,sony
3546,6539,sony
3547,6582,sony
3548,6538,sony
3549,6489,sony
3550,6488,sony
3551,6456,sony
3552,6408,sony
3553,7691,sony
3554,7719,sony
3555,6146,sony
3556,6162,sony
3557,6145,sony
3558,6161,sony
3559,6144,sony
3560,5967,sony
3561,5966,sony
3562,5968,sony
3563,5965,sony
3564,5950,sony
3565,5753,sony
3566,5596,sony
3567,5540,sony
3568,5541,sony
3569,5497,sony
3570,5421,sony
3571,5363,sony
3572,5364,sony
3573,5326,sony
3574,5255,sony
3575,5204,sony
3576,5203,sony
3577,5148,sony
3578,5149,sony
3579,5015,sony
3580,4993,sony
3581,4913,sony
3582,4958,sony
3583,4930,sony
3584,4959,sony
3585,4899,sony
3586,4894,sony
3587,4832,sony
3588,4718,sony
3589,4831,sony
3590,4782,sony
3591,4781,sony
3592,4775,sony
3593,4774,sony
3594,4773,sony
3595,4772,sony
3596,4647,sony
3597,4408,sony
3598,4437,sony
3599,4436,sony
3600,4369,sony
3601,4798,sony
3602,4412,sony
3603,4648,
3604,4139,
3605,4138,
3606,4137,
3607,4734,
3608,7022,
3609,6958,
3610,6957,
3611,6384,
3612,5336,
3613,12749,xiaomi
3614,12750,xiaomi
3615,12572,xiaomi
3616,12581,xiaomi
3617,12776,xiaomi
3618,12717,xiaomi
3619,12723,xiaomi
3620,12779,xiaomi
3621,12737,xiaomi
3622,12735,xiaomi
3623,12726,xiaomi
3624,12714,xiaomi
3625,12715,xiaomi
3626,12716,xiaomi
3627,12711,xiaomi
3628,12697,xiaomi
3629,12689,xiaomi
3630,12684,xiaomi
3631,12643,
3632,12626,
3633,12388,xiaomi
3634,12389,xiaomi
3635,12587,xiaomi
3636,12582,xiaomi
3637,12466,xiaomi
3638,12470,xiaomi
3639,12468,
3640,12463,xiaomi
3641,12452,xiaomi
3642,12449,xiaomi
3643,12446,xiaomi
3644,12392,xiaomi
3645,12245,xiaomi
3646,12328,xiaomi
3647,12298,xiaomi
3648,12134,xiaomi
3649,12257,xiaomi
3650,12258,xiaomi
3651,12236,xiaomi
3652,12238,xiaomi
3653,12237,xiaomi
3654,12215,xiaomi
3655,12218,xiaomi
3656,12209,xiaomi
3657,12181,xiaomi
3658,12197,xiaomi
3659,12124,xiaomi
3660,12188,xiaomi
3661,11962,
3662,12013,
3663,12072,xiaomi
3664,12126,xiaomi
3665,12094,xiaomi
3666,12092,xiaomi
3667,12063,xiaomi
3668,12053,xiaomi
3669,12045,xiaomi
3670,12046,
3671,12047,xiaomi
3672,11975,
3673,12048,xiaomi
3674,12023,xiaomi
3675,12051,xiaomi
3676,11953,xiaomi
3677,11954,xiaomi
3678,11955,xiaomi
3679,11956,xiaomi
3680,11887,xiaomi
3681,11888,xiaomi
3682,11911,xiaomi
3683,11904,xiaomi
3684,11909,xiaomi
3685,11906,xiaomi
3686,11855,xiaomi
3687,11834,xiaomi
3688,11848,xiaomi
3689,11832,xiaomi
3690,11850,xiaomi
3691,11869,xiaomi
3692,11819,xiaomi
3693,11762,xiaomi
3694,11760,xiaomi
3695,11580,xiaomi
3696,11758,
3697,11759,xiaomi
3698,11653,xiaomi
3699,11472,xiaomi
3700,11614,xiaomi
3701,11651,
3702,11645,
3703,11652,xiaomi
3704,11627,xiaomi
3705,11626,xiaomi
3706,11468,xiaomi
3707,11549,xiaomi
3708,11550,xiaomi
3709,11551,xiaomi
3710,11519,xiaomi
3711,11427,xiaomi
3712,11479,xiaomi
3713,11495,xiaomi
3714,11487,xiaomi
3715,11486,xiaomi
3716,11453,xiaomi
3717,11454,xiaomi
3718,11455,xiaomi
3719,11449,xiaomi
3720,11419,xiaomi
3721,11425,xiaomi
3722,11180,xiaomi
3723,11372,xiaomi
3724,11430,xiaomi
3725,11431,xiaomi
3726,11287,xiaomi
3727,11285,xiaomi
3728,11292,xiaomi
3729,11422,xiaomi
3730,11424,xiaomi
3731,11418,xiaomi
3732,11412,xiaomi
3733,11395,xiaomi
3734,11396,xiaomi
3735,11371,xiaomi
3736,11388,xiaomi
3737,11362,xiaomi
3738,11357,xiaomi
3739,11333,xiaomi
3740,11334,xiaomi
3741,11335,xiaomi
3742,11336,xiaomi
3743,11186,xiaomi
3744,11185,xiaomi
3745,11293,xiaomi
3746,11217,xiaomi
3747,11241,xiaomi
3748,11193,xiaomi
3749,11159,xiaomi
3750,11181,xiaomi
3751,11187,xiaomi
3752,11182,xiaomi
3753,11152,xiaomi
3754,11153,xiaomi
3755,11137,xiaomi
3756,11119,xiaomi
3757,11126,xiaomi
3758,11129,xiaomi
3759,11128,xiaomi
3760,11134,xiaomi
3761,11127,xiaomi
3762,11100,xiaomi
3763,11099,xiaomi
3764,11101,xiaomi
3765,11079,xiaomi
3766,11060,xiaomi
3767,11043,xiaomi
3768,11042,xiaomi
3769,11040,xiaomi
3770,10949,xiaomi
3771,10886,xiaomi
3772,11008,xiaomi
3773,10977,xiaomi
3774,10930,xiaomi
3775,10919,xiaomi
3776,10857,xiaomi
3777,10880,xiaomi
3778,10776,xiaomi
3779,10775,xiaomi
3780,10867,xiaomi
3781,10817,
3782,10737,xiaomi
3783,10816,xiaomi
3784,10777,xiaomi
3785,10815,xiaomi
3786,10665,xiaomi
3787,10805,xiaomi
3788,10714,xiaomi
3789,10802,xiaomi
3790,10758,xiaomi
3791,10780,xiaomi
3792,10662,xiaomi
3793,10768,xiaomi
3794,10769,xiaomi
3795,10247,xiaomi
3796,10770,xiaomi
3797,10771,xiaomi
3798,10752,xiaomi
3799,10727,xiaomi
3800,10728,xiaomi
3801,10661,xiaomi
3802,10670,xiaomi
3803,10615,xiaomi
3804,10656,
3805,10616,xiaomi
3806,10633,xiaomi
3807,10582,xiaomi
3808,10581,xiaomi
3809,10609,xiaomi
3810,10610,xiaomi
3811,10599,xiaomi
3812,10517,xiaomi
3813,10541,xiaomi
3814,10482,xiaomi
3815,10437,xiaomi
3816,10473,xiaomi
3817,10480,xiaomi
3818,10481,xiaomi
3819,10305,xiaomi
3820,10591,xiaomi
3821,10399,xiaomi
3822,10434,xiaomi
3823,10461,xiaomi
3824,10415,xiaomi
3825,10398,xiaomi
3826,10361,xiaomi
3827,10349,xiaomi
3828,10353,xiaomi
3829,10350,xiaomi
3830,10318,xiaomi
3831,10279,xiaomi
3832,10277,xiaomi
3833,10278,xiaomi
3834,10233,xiaomi
3835,10267,xiaomi
3836,10266,xiaomi
3837,10202,xiaomi
3838,10200,xiaomi
3839,10220,xiaomi
3840,10235,xiaomi
3841,10217,xiaomi
3842,10192,xiaomi
3843,10183,xiaomi
3844,10207,xiaomi
3845,10159,xiaomi
3846,10150,xiaomi
3847,10140,xiaomi
3848,10147,xiaomi
3849,10126,xiaomi
3850,10120,xiaomi
3851,10109,xiaomi
3852,10110,xiaomi
3853,10055,xiaomi
3854,10082,xiaomi
3855,10169,xiaomi
3856,10078,xiaomi
3857,10050,xiaomi
3858,9991,xiaomi
3859,9979,xiaomi
3860,9946,xiaomi
3861,9945,xiaomi
3862,9936,xiaomi
3863,9935,xiaomi
3864,10014,xiaomi
3865,9941,xiaomi
3866,9800,xiaomi
3867,9897,xiaomi
3868,9893,xiaomi
3869,9892,xiaomi
3870,9891,xiaomi
3871,9884,xiaomi
3872,9862,xiaomi
3873,9812,xiaomi
3874,9779,xiaomi
3875,9769,xiaomi
3876,9716,xiaomi
3877,9759,xiaomi
3878,9749,xiaomi
3879,9814,xiaomi
3880,9791,xiaomi
3881,9738,xiaomi
3882,9720,xiaomi
3883,9708,xiaomi
3884,9707,xiaomi
3885,9674,xiaomi
3886,9639,xiaomi
3887,9498,xiaomi
3888,9521,xiaomi
3889,9602,xiaomi
3890,9584,xiaomi
3891,9583,xiaomi
3892,9507,xiaomi
3893,9534,xiaomi
3894,9513,xiaomi
3895,9499,xiaomi
3896,9382,xiaomi
3897,9378,xiaomi
3898,9333,xiaomi
3899,9336,xiaomi
3900,9329,xiaomi
3901,9293,xiaomi
3902,9140,xiaomi
3903,9247,xiaomi
3904,8963,xiaomi
3905,9295,xiaomi
3906,9249,xiaomi
3907,9237,xiaomi
3908,9217,xiaomi
3909,9218,xiaomi
3910,9065,xiaomi
3911,9219,xiaomi
3912,9185,xiaomi
3913,9067,xiaomi
3914,9120,xiaomi
3915,8893,xiaomi
3916,9164,xiaomi
3917,8959,xiaomi
3918,8768,xiaomi
3919,8898,xiaomi
3920,8753,xiaomi
3921,8818,xiaomi
3922,8707,xiaomi
3923,8529,xiaomi
3924,8776,xiaomi
3925,8582,xiaomi
3926,8608,xiaomi
3927,8507,xiaomi
3928,8477,xiaomi
3929,8439,xiaomi
3930,8580,xiaomi
3931,8531,xiaomi
3932,8420,xiaomi
3933,8419,xiaomi
3934,8263,xiaomi
3935,8400,xiaomi
3936,8014,xiaomi
3937,8350,xiaomi
3938,7260,xiaomi
3939,8291,xiaomi
3940,8233,xiaomi
3941,8212,xiaomi
3942,8250,xiaomi
3943,8150,xiaomi
3944,8007,xiaomi
3945,8057,xiaomi
3946,6948,xiaomi
3947,7962,xiaomi
3948,7863,xiaomi
3949,7862,xiaomi
3950,7822,xiaomi
3951,7770,xiaomi
3952,7769,xiaomi
3953,7512,xiaomi
3954,6992,xiaomi
3955,7710,xiaomi
3956,7480,xiaomi
3957,7211,xiaomi
3958,6952,xiaomi
3959,6944,xiaomi
3960,7159,xiaomi
3961,6884,xiaomi
3962,6866,xiaomi
3963,6561,xiaomi
3964,6518,xiaomi
3965,6365,xiaomi
3966,6217,xiaomi
3967,5678,xiaomi
3968,6373,xiaomi
3969,5609,xiaomi
3970,5646,xiaomi
3971,5397,xiaomi
3972,4928,xiaomi
3973,4929,xiaomi
3974,10916,xiaomi
3975,12751,zte
3976,12708,zte
3977,12709,zte
3978,12712,zte
3979,12692,zte
3980,12613,zte
3981,12615,
3982,12769,zte
3983,12612,zte
3984,12611,zte
3985,12435,zte
3986,12428,zte
3987,12402,zte
3988,12399,zte
3989,12398,zte
3990,12455,zte
3991,12341,zte
3992,12228,zte
3993,12229,zte
3994,12157,zte
3995,12152,
3996,12104,
3997,12096,zte
3998,12042,zte
3999,12015,zte
4000,12031,
4001,12018,
4002,12006,zte
4003,12005,zte
4004,11944,zte
4005,11917,zte
4006,11901,zte
4007,11698,zte
4008,11649,zte
4009,11664,zte
4010,11660,zte
4011,11958,zte
4012,11612,zte
4013,11927,zte
4014,11611,zte
4015,11516,zte
4016,11510,zte
4017,11379,zte
4018,11579,zte
4019,11364,zte
4020,11363,zte
4021,11702,zte
4022,11700,zte
4023,11243,zte
4024,11721,zte
4025,11240,zte
4026,11237,zte
4027,11238,zte
4028,11946,zte
4029,11239,zte
4030,11203,zte
4031,11083,zte
4032,11082,zte
4033,11020,zte
4034,11018,zte
4035,11009,zte
4036,10929,zte
4037,10914,zte
4038,10885,zte
4039,10837,zte
4040,10858,zte
4041,10798,zte
4042,10820,zte
4043,10821,zte
4044,10772,zte
4045,10773,zte
4046,10823,zte
4047,10774,zte
4048,11722,zte
4049,10706,zte
4050,10613,zte
4051,11727,zte
4052,10614,zte
4053,10611,zte
4054,10571,zte
4055,10567,zte
4056,11728,zte
4057,11197,zte
4058,10617,zte
4059,10370,zte
4060,10601,zte
4061,11729,zte
4062,11723,zte
4063,10341,zte
4064,10339,zte
4065,11726,zte
4066,10282,zte
4067,10281,zte
4068,11725,zte
4069,11724,zte
4070,10193,zte
4071,10284,zte
4072,10139,zte
4073,10071,zte
4074,9998,zte
4075,11705,zte
4076,10070,zte
4077,9955,zte
4078,9954,zte
4079,11731,zte
4080,9921,zte
4081,9839,zte
4082,9780,zte
4083,9712,zte
4084,9713,zte
4085,9714,zte
4086,9692,zte
4087,11730,zte
4088,9612,zte
4089,9610,zte
4090,9695,zte
4091,9611,zte
4092,9715,zte
4093,9433,zte
4094,9347,zte
4095,9171,zte
4096,9069,zte
4097,9174,zte
4098,9701,zte
4099,9697,zte
4100,9161,zte
4101,9133,zte
4102,9110,zte
4103,9088,zte
4104,8971,zte
4105,9083,zte
4106,9038,zte
4107,8970,zte
4108,9033,zte
4109,8913,zte
4110,8902,zte
4111,8901,zte
4112,8896,zte
4113,8838,zte
4114,8290,zte
4115,8895,zte
4116,8894,zte
4117,8793,zte
4118,8779,zte
4119,8752,zte
4120,8567,zte
4121,8748,zte
4122,8746,zte
4123,8747,zte
4124,8726,zte
4125,8677,zte
4126,8658,zte
4127,8660,zte
4128,8615,zte
4129,8609,zte
4130,8607,zte
4131,8600,zte
4132,8601,zte
4133,8562,zte
4134,8530,zte
4135,8504,zte
4136,8501,zte
4137,8401,zte
4138,8638,zte
4139,8398,zte
4140,8387,zte
4141,8232,zte
4142,8300,zte
4143,8096,zte
4144,8182,zte
4145,8092,zte
4146,8067,zte
4147,8091,zte
4148,8548,zte
4149,8110,zte
4150,8044,zte
4151,8063,zte
4152,7963,zte
4153,8294,zte
4154,8293,zte
4155,8295,zte
4156,7943,zte
4157,9152,zte
4158,8143,zte
4159,7944,zte
4160,7938,zte
4161,7868,zte
4162,7852,zte
4163,7853,zte
4164,7761,zte
4165,7762,zte
4166,7763,zte
4167,7692,zte
4168,7686,zte
4169,7670,zte
4170,7646,zte
4171,7572,zte
4172,7542,zte
4173,7485,zte
4174,7441,zte
4175,7430,zte
4176,7799,zte
4177,7428,zte
4178,7422,zte
4179,8114,zte
4180,7481,zte
4181,7656,zte
4182,7356,zte
4183,7790,zte
4184,7355,zte
4185,8244,zte
4186,7294,zte
4187,7207,zte
4188,7168,zte
4189,7116,zte
4190,7149,zte
4191,7106,zte
4192,7078,zte
4193,7891,zte
4194,7105,zte
4195,7057,zte
4196,7058,zte
4197,7056,zte
4198,6954,zte
4199,7157,zte
4200,6915,zte
4201,6914,zte
4202,6904,zte
4203,6898,zte
4204,6847,zte
4205,7155,zte
4206,7156,zte
4207,6718,zte
4208,6697,zte
4209,6645,zte
4210,6644,zte
4211,6641,zte
4212,6607,zte
4213,6490,zte
4214,6491,zte
4215,6492,zte
4216,6367,zte
4217,6579,zte
4218,6381,zte
4219,6679,zte
4220,6324,zte
4221,6236,zte
4222,6154,zte
4223,6155,zte
4224,6156,zte
4225,5962,zte
4226,5963,zte
4227,5948,zte
4228,5852,zte
4229,5853,zte
4230,5834,zte
4231,5826,zte
4232,5825,zte
4233,5824,zte
4234,5755,zte
4235,5682,zte
4236,5620,zte
4237,5659,zte
4238,5552,
4239,5511,zte
4240,5499,zte
4241,5455,
4242,5376,zte
4243,5425,
4244,5402,zte
4245,5330,zte
4246,5320,zte
4247,5277,zte
4248,5470,zte
4249,5269,zte
4250,5240,zte
4251,5173,zte
4252,5136,zte
4253,5135,zte
4254,5134,zte
4255,5133,zte
4256,5647,zte
4257,4893,zte
4258,5006,zte
4259,5007,zte
4260,5004,zte
4261,4983,zte
4262,4962,zte
4263,4880,zte
4264,4873,zte
4265,4597,zte
4266,4776,zte
4267,4650,zte
4268,4595,
4269,4593,
4270,4590,
4271,4591,
4272,4592,zte
4273,4581,
4274,4582,zte
4275,4583,
4276,4585,zte
4277,4586,zte
4278,4598,zte
4279,4599,zte
4280,4600,zte
4281,4601,zte
4282,4602,zte
4283,4603,zte
4284,4607,zte
4285,4608,zte
4286,4557,
4287,4556,
4288,4506,zte
4289,4467,zte
4290,4466,zte
4291,4388,zte
4292,4345,zte
4293,4310,zte
4294,4304,zte
4295,4313,zte
4296,4311,zte
4297,4244,zte
4298,3902,
4299,3903,zte
4300,4760,zte
4301,3784,zte
4302,4042,zte
4303,3785,
4304,4290,zte
4305,3791,
4306,3790,
4307,4073,zte
4308,3391,zte
4309,3737,zte
4310,3603,zte
4311,3602,zte
4312,3601,zte
4313,4078,zte
4314,4341,zte
4315,4342,zte
4316,3604,zte
4317,3600,zte
4318,3491,zte
4319,3727,zte
4320,3485,zte
4321,3423,zte
4322,3489,zte
4323,3244,zte
4324,3197,
