,Device ID,Memory
0,11706,32GB
1,10981,32GB
2,10980,16GB
3,10980,8GB
4,10679,64GB
5,10680,32GB
6,10682,32GB
7,11659,32GB
8,11659,64GB
9,10618,128GB
10,10618,32GB
11,10618,64GB
12,12017,4GB
13,10500,4GB
14,10501,8GB
15,12041,32GB
16,10490,128GB
17,10490,64GB
18,10016,64GB
19,10017,32GB
20,10018,32GB
21,10019,16GB
22,10019,32GB
23,10042,32GB
24,9842,128GB
25,9842,64GB
26,9843,16GB
27,10108,16GB
28,10108,32GB
29,9837,16GB
30,9601,16GB
31,9600,16GB
32,9599,32GB
33,9599,64GB
34,9598,32GB
35,9598,64GB
36,9510,16GB
37,9511,8GB
38,9985,16GB
39,9985,8GB
40,9574,16GB
41,9291,32GB
42,9271,32GB
43,9012,16GB
44,9012,32GB
45,9004,16GB
46,9004,32GB
47,9084,16GB
48,9084,32GB
49,9085,16GB
50,9086,16GB
51,8989,16GB
52,9986,4GB
53,9986,512MB
54,9093,16GB
55,9094,8GB
56,8844,32GB
57,8832,16GB
58,8843,32GB
59,8830,32GB
60,8819,8GB
61,8803,16GB
62,8569,32GB
63,8639,32GB
64,8591,8GB
65,8590,16GB
66,8590,32GB
67,8589,16GB
68,8512,16GB
69,8512,8GB
70,8377,16GB
71,8352,8GB
72,8298,16GB
73,8205,16GB
74,8157,8GB
75,8105,16GB
76,8105,32GB
77,8060,8GB
78,7937,16GB
79,7936,16GB
80,7935,8GB
81,8449,64GB
82,7896,32GB
83,7897,16GB
84,7856,16GB
85,7851,
86,7847,8GB
87,8167,8GB
88,7846,16GB
89,7846,8GB
90,7845,4GB
91,7845,8GB
92,7844,4GB
93,7843,8GB
94,8230,8GB
95,7776,8GB
96,7720,16GB
97,7709,
98,7708,
99,7570,16GB
100,7652,4MB
101,7571,
102,7549,16GB
103,7548,16GB
104,7547,4GB
105,7546,16GB
106,7545,8GB
107,7544,8GB
108,7543,8GB
109,7190,16GB
110,7234,4GB
111,7189,8GB
112,7081,16GB
113,7081,32GB
114,7080,16GB
115,7080,8GB
116,7092,512MB
117,7093,
118,7094,
119,7098,4GB
120,7097,4GB
121,7096,4GB
122,7095,4GB
123,6936,8GB
124,6935,4GB
125,6935,8GB
126,6934,4GB
127,6933,4GB
128,6979,512MB
129,6932,4GB
130,6774,4GB
131,6773,4GB
132,6732,4GB
133,6712,256MB
134,7123,8GB
135,6700,8GB
136,6699,4GB
137,6657,8GB
138,6656,8GB
139,7154,4GB
140,7153,4GB
141,6655,8GB
142,6654,16GB
143,6654,32GB
144,6654,8GB
145,6653,16GB
146,6619,4GB
147,6599,4GB
148,6516,4GB
149,6459,4GB
150,6459,8GB
151,6931,16MB
152,6695,128MB
153,6696,128MB
154,6337,4MB
155,6336,128MB
156,6336,64MB
157,6165,4GB
158,6164,
159,6153,8GB
160,6152,4GB
161,6151,4GB
162,6141,
163,6140,4GB
164,6139,4GB
165,6138,4GB
166,6134,8GB
167,6130,16GB
168,6130,8GB
169,6135,4GB
170,6135,8GB
171,6131,4GB
172,6131,8GB
173,6132,4GB
174,5960,
175,6167,
176,5937,16GB
177,5937,32GB
178,5938,4GB
179,5947,4GB
180,5939,4GB
181,5741,4GB
182,5740,4GB
183,5693,4GB
184,5692,4GB
185,5687,4GB
186,5691,4GB
187,5680,4GB
188,5671,16GB
189,5672,16GB
190,5672,8GB
191,5668,4GB
192,5669,4GB
193,5669,8GB
194,5449,4GB
195,5335,4GB
196,5681,512MB
197,5334,4GB
198,5318,16GB
199,5318,8GB
200,5319,160MB
201,5319,512MB
202,5296,4GB
203,5332,4GB
204,5236,4GB
205,5235,4GB
206,5234,8GB
207,5233,4GB
208,5232,8GB
209,5231,16GB
210,5230,13.3GB
211,5230,4GB
212,5229,512MB
213,5228,4GB
214,5242,4GB
215,5227,
216,5226,4GB
217,5225,4GB
218,5218,4GB
219,5139,512MB
220,5110,4GB
221,5165,4GB
222,5866,4GB
223,5103,512MB
224,5080,1GB
225,4846,3GB
226,4845,150MB
227,4844,2MB
228,4843,2MB
229,4842,
230,4780,8GB
231,4733,150MB
232,4732,150MB
233,4731,2MB
234,4730,50MB
235,4920,
236,4729,50MB
237,4728,2MB
238,4727,0.8MB
239,4726,0.4MB
240,4725,0.2MB
241,4724,0.2MB
242,4723,1MB
243,4722,
244,4721,
245,4720,
246,4663,512MB
247,4549,
248,4922,70MB
249,4321,200MB
250,4308,50MB
251,4661,2GB
252,3799,150MB
253,3798,150MB
254,4629,
255,3797,150MB
256,3796,50MB
257,3795,50MB
258,3822,150MB
259,4659,512MB
260,4528,512MB
261,4104,150MB
262,3793,150MB
263,3794,50MB
264,3800,50MB
265,4628,50MB
266,4103,50MB
267,3824,60MB
268,3801,50MB
269,3802,70MB
270,3803,
271,3804,2MB
272,3805,3MB
273,3806,2MB
274,3807,2MB
275,3808,0.4MB
276,3809,1.8MB
277,3810,0.7MB
278,3811,
279,3812,2MB
280,3813,
281,3814,
282,3815,
283,3816,
284,3817,
285,3818,
286,3819,
287,3820,
288,3821,
289,3823,1MB
290,3407,80MB
291,3186,80MB
292,3184,4MB
293,3182,1.8MB
294,3181,
295,3178,3.5MB
296,3179,
297,3176,
298,3173,88MB
299,3188,60MB
300,3171,60MB
301,3175,
302,3170,2MB
303,3172,2MB
304,3168,194MB
305,3174,70MB
306,3187,2MB
307,3185,2MB
308,3183,2MB
309,3180,2MB
310,3177,2MB
311,12548,1TB
312,12548,256GB
313,12548,512GB
314,12557,128GB
315,12557,1TB
316,12557,256GB
317,12557,512GB
318,12558,128GB
319,12558,256GB
320,12558,512GB
321,12559,128GB
322,12559,256GB
323,12559,512GB
324,12560,64GB
325,12561,64GB
326,12562,64GB
327,11939,128GB
328,11939,1TB
329,11939,256GB
330,11939,2TB
331,11939,512GB
332,11940,128GB
333,11940,1TB
334,11940,256GB
335,11940,2TB
336,11940,512GB
337,11941,256GB
338,11941,64GB
339,11773,128GB
340,11773,1TB
341,11773,256GB
342,11773,512GB
343,11860,128GB
344,11860,1TB
345,11860,256GB
346,11860,512GB
347,11862,128GB
348,11862,256GB
349,11862,512GB
350,11861,128GB
351,11861,256GB
352,11861,512GB
353,11827,32GB
354,11866,32GB
355,11864,32GB
356,11865,32GB
357,11410,128GB
358,11410,256GB
359,11410,64GB
360,11411,256GB
361,11411,64GB
362,11089,128GB
363,11089,1TB
364,11089,256GB
365,11089,512GB
366,11102,128GB
367,11102,1TB
368,11102,256GB
369,11102,512GB
370,11103,128GB
371,11103,256GB
372,11103,512GB
373,11104,128GB
374,11104,256GB
375,11104,512GB
376,11105,256GB
377,11105,64GB
378,11106,256GB
379,11106,64GB
380,11147,32GB
381,11146,32GB
382,11107,32GB
383,10864,128GB
384,10864,1TB
385,10864,256GB
386,10864,2TB
387,10864,512GB
388,10865,128GB
389,10865,1TB
390,10865,256GB
391,10865,2TB
392,10865,512GB
393,10237,128GB
394,10237,256GB
395,10237,512GB
396,10508,128GB
397,10508,256GB
398,10508,512GB
399,10509,128GB
400,10509,256GB
401,10509,64GB
402,10510,128GB
403,10510,256GB
404,10510,64GB
405,10444,256GB
406,10444,64GB
407,10445,128GB
408,10445,32GB
409,10446,32GB
410,10447,32GB
411,10448,32GB
412,10449,32GB
413,10170,128GB
414,10170,256GB
415,10170,64GB
416,10136,128GB
417,10136,1TB
418,10136,256GB
419,10136,512GB
420,10137,128GB
421,10137,1TB
422,10137,256GB
423,10137,512GB
424,9846,256GB
425,9846,512GB
426,9846,64GB
427,9847,256GB
428,9847,512GB
429,9847,64GB
430,9848,128GB
431,9848,256GB
432,9848,64GB
433,9857,128GB
434,9857,32GB
435,9860,32GB
436,9859,32GB
437,9858,32GB
438,9638,256GB
439,9638,64GB
440,9637,256GB
441,9637,64GB
442,9387,1TB
443,9387,256GB
444,9387,512GB
445,9387,64GB
446,9386,1TB
447,9386,256GB
448,9386,512GB
449,9386,64GB
450,9319,256GB
451,9319,512GB
452,9319,64GB
453,9318,256GB
454,9318,512GB
455,9318,64GB
456,9320,128GB
457,9320,256GB
458,9320,64GB
459,9321,16GB
460,9322,16GB
461,9142,128GB
462,9142,32GB
463,8858,256GB
464,8858,64GB
465,8131,128GB
466,8131,256GB
467,8131,64GB
468,8573,128GB
469,8573,256GB
470,8573,64GB
471,8861,16GB
472,8860,16GB
473,8859,16GB
474,8859,8GB
475,8717,256GB
476,8717,512GB
477,8717,64GB
478,8716,256GB
479,8716,512GB
480,8716,64GB
481,8620,128GB
482,8620,32GB
483,8331,8GB
484,8332,8GB
485,8329,8GB
486,8330,8GB
487,8328,8GB
488,8334,8GB
489,8327,8GB
490,8333,8GB
491,8065,128GB
492,8065,256GB
493,8065,32GB
494,8064,128GB
495,8064,256GB
496,8064,32GB
497,7984,128GB
498,7984,256GB
499,7984,32GB
500,7969,128GB
501,7969,16GB
502,7969,32GB
503,7969,64GB
504,7243,128GB
505,7243,16GB
506,7243,32GB
507,7243,64GB
508,7242,128GB
509,7242,16GB
510,7242,32GB
511,7242,64GB
512,7562,128GB
513,7562,256GB
514,7562,32GB
515,7561,128GB
516,7561,16GB
517,7561,32GB
518,7561,64GB
519,7698,8GB
520,7697,8GB
521,7696,8GB
522,7695,8GB
523,7694,8GB
524,7693,8GB
525,6742,128GB
526,6742,16GB
527,6742,32GB
528,6742,64GB
529,6741,128GB
530,6741,16GB
531,6741,64GB
532,6665,128GB
533,6665,16GB
534,6665,64GB
535,6378,128GB
536,6378,16GB
537,6378,32GB
538,6378,64GB
539,5797,128GB
540,5797,16GB
541,5797,32GB
542,5797,64GB
543,5735,128GB
544,5735,16GB
545,5735,32GB
546,5735,64GB
547,5685,16GB
548,5685,32GB
549,5685,64GB
550,5690,16GB
551,5690,32GB
552,5690,8GB
553,5070,16GB
554,5070,32GB
555,5070,64GB
556,5061,16GB
557,5061,32GB
558,5061,64GB
559,5072,128GB
560,5072,16GB
561,5072,32GB
562,5072,64GB
563,5071,128GB
564,5071,16GB
565,5071,32GB
566,5071,64GB
567,4910,16GB
568,4910,32GB
569,4910,64GB
570,4620,16GB
571,4620,32GB
572,4620,64GB
573,4621,16GB
574,4621,32GB
575,4621,64GB
576,4212,16GB
577,4212,32GB
578,4212,64GB
579,4212,8GB
580,3848,16GB
581,3848,32GB
582,3848,64GB
583,3847,16GB
584,3847,32GB
585,3847,64GB
586,3849,16GB
587,3849,32GB
588,3849,64GB
589,3275,16GB
590,3275,32GB
591,3275,8GB
592,3716,16GB
593,3716,32GB
594,3827,16GB
595,3827,32GB
596,3827,64GB
597,3828,16GB
598,3828,32GB
599,3828,64GB
600,12746,1TB
601,12746,512GB
602,12780,256GB
603,12380,128GB
604,12380,256GB
605,12380,512GB
606,12224,512GB
607,12223,256GB
608,12223,512GB
609,11880,512GB
610,11881,256GB
611,11986,512GB
612,11882,256GB
613,11656,128GB
614,11656,256GB
615,11648,512GB
616,11647,128GB
617,11647,256GB
618,11647,512GB
619,11053,512GB
620,11054,128GB
621,11054,256GB
622,11054,512GB
623,11006,512GB
624,10892,128GB
625,10892,256GB
626,10893,128GB
627,10893,256GB
628,10785,512GB
629,10784,512GB
630,10715,128GB
631,10715,256GB
632,10393,256GB
633,10379,128GB
634,10296,128GB
635,10296,256GB
636,10296,512GB
637,10328,128GB
638,10328,256GB
639,9770,128GB
640,9770,1TB
641,9770,256GB
642,9770,512GB
643,9698,128GB
644,9698,256GB
645,9698,512GB
646,9698,64GB
647,9667,16GB
648,9667,32GB
649,9634,32GB
650,9634,64GB
651,9633,32GB
652,9633,64GB
653,9410,128GB
654,9410,32GB
655,9410,64GB
656,9437,32GB
657,9437,64GB
658,9373,32GB
659,9372,16GB
660,9224,128GB
661,9224,512GB
662,9194,16GB
663,9194,32GB
664,9173,128GB
665,9173,32GB
666,9173,64GB
667,9096,128GB
668,9096,256GB
669,9096,64GB
670,9061,64GB
671,9068,32GB
672,9068,64GB
673,9097,16GB
674,9097,32GB
675,8953,16GB
676,8953,32GB
677,8953,64GB
678,8866,32GB
679,8783,128GB
680,8783,64GB
681,8782,64GB
682,8892,16GB
683,8892,32GB
684,8862,32GB
685,8808,64GB
686,8784,64GB
687,8811,16GB
688,8811,32GB
689,8814,32GB
690,8810,32GB
691,8749,32GB
692,8801,16GB
693,8711,
694,8681,16GB
695,8681,32GB
696,8579,16GB
697,8579,32GB
698,8550,32GB
699,8543,32GB
700,8502,128GB
701,8502,256GB
702,8502,64GB
703,8509,128GB
704,8509,32GB
705,8509,64GB
706,8503,8GB
707,8493,32GB
708,8467,16GB
709,8425,32GB
710,8384,64GB
711,8370,32GB
712,8271,4GB
713,8218,32GB
714,8218,64GB
715,8207,16GB
716,8207,32GB
717,8206,16GB
718,8206,32GB
719,8197,32GB
720,8197,64GB
721,8156,16GB
722,8156,32GB
723,8160,
724,8130,128GB
725,8130,32GB
726,8130,64GB
727,8129,128GB
728,8129,256GB
729,8129,64GB
730,8106,32GB
731,8106,64GB
732,8111,32GB
733,8262,8GB
734,8097,8GB
735,8095,16GB
736,8095,32GB
737,8045,16GB
738,8048,8GB
739,7866,16GB
740,7689,4GB
741,7690,4GB
742,7688,4GB
743,7733,16GB
744,7733,32GB
745,7577,128GB
746,7577,32GB
747,7577,64GB
748,8474,16GB
749,8474,8GB
750,8465,16GB
751,8465,32GB
752,7532,16GB
753,7532,32GB
754,7532,8GB
755,7368,16GB
756,7368,8GB
757,7476,16GB
758,7476,8GB
759,7475,128GB
760,7475,256GB
761,7475,64GB
762,7479,16GB
763,7479,32GB
764,7757,16GB
765,7757,32GB
766,7477,16GB
767,7477,32GB
768,7478,16GB
769,7478,8GB
770,7474,16GB
771,7474,8GB
772,7473,16GB
773,7444,8GB
774,7378,32GB
775,7367,16GB
776,7367,32GB
777,7367,64GB
778,7366,16GB
779,7366,32GB
780,7255,16GB
781,7255,8GB
782,7365,16GB
783,7365,8GB
784,7364,16GB
785,7364,8GB
786,7256,16GB
787,7256,8GB
788,7261,16GB
789,7261,32GB
790,7044,16GB
791,7120,16GB
792,6917,128GB
793,6917,16GB
794,6917,32GB
795,6917,64GB
796,7045,16GB
797,7045,8GB
798,6982,8GB
799,6953,16GB
800,6953,8GB
801,6918,128GB
802,6918,16GB
803,6918,32GB
804,6918,64GB
805,6897,16GB
806,6897,8GB
807,6813,
808,6751,16GB
809,6751,32GB
810,6751,8GB
811,6737,8GB
812,6630,16GB
813,6630,32GB
814,6629,16GB
815,6629,32GB
816,6429,16GB
817,6429,32GB
818,6429,8GB
819,6428,8GB
820,6414,16GB
821,6414,32GB
822,6413,16GB
823,6412,16GB
824,6412,8GB
825,6411,16GB
826,6411,8GB
827,6747,16GB
828,6747,8GB
829,6410,16GB
830,6410,8GB
831,6407,16GB
832,6407,32GB
833,6409,16GB
834,6409,8GB
835,6394,4GB
836,6394,8GB
837,6519,16GB
838,6238,16GB
839,6120,16GB
840,6120,32GB
841,5993,
842,6853,16GB
843,6853,32GB
844,5953,16GB
845,5953,32GB
846,7160,8GB
847,5952,16GB
848,5952,32GB
849,5952,8GB
850,5951,
851,7158,
852,5982,
853,5891,16GB
854,5863,16GB
855,5863,32GB
856,5863,64GB
857,5706,16GB
858,5706,32GB
859,5676,16GB
860,5676,8GB
861,5675,16GB
862,5674,16GB
863,5674,32GB
864,5674,8GB
865,5600,16GB
866,5600,32GB
867,5494,16GB
868,5494,32GB
869,5493,32GB
870,5493,64GB
871,5495,16GB
872,5495,32GB
873,5879,8GB
874,5492,16GB
875,5329,16GB
876,5329,8GB
877,5328,32GB
878,5328,64GB
879,5331,16GB
880,5249,16GB
881,5249,8GB
882,5091,16GB
883,5091,32GB
884,5083,32GB
885,5083,64GB
886,5017,16GB
887,5017,32GB
888,5017,64GB
889,4850,16GB
890,4850,32GB
891,4850,8GB
892,4605,32GB
893,4605,64GB
894,4604,32GB
895,4604,64GB
896,5337,16GB
897,5337,32GB
898,4596,16GB
899,4596,32GB
900,4606,32GB
901,4606,64GB
902,4422,16GB
903,4422,32GB
904,4421,32GB
905,4421,64GB
906,4322,32GB
907,4322,64GB
908,3965,16GB
909,3965,32GB
910,3965,64GB
911,3936,16GB
912,3936,32GB
913,3696,
914,12603,256GB
915,12460,128GB
916,12459,128GB
917,12458,128GB
918,12457,64GB
919,12456,16GB
920,12153,128GB
921,12110,128GB
922,12102,64GB
923,11830,32GB
924,11829,32GB
925,11828,32GB
926,11757,256GB
927,11716,32GB
928,11715,128GB
929,11673,32GB
930,11672,32GB
931,11643,128GB
932,11623,32GB
933,11536,64GB
934,11509,32GB
935,11483,128GB
936,11398,128GB
937,11376,128GB
938,11369,128GB
939,11369,64GB
940,11368,32GB
941,11348,32GB
942,11319,16GB
943,11318,32GB
944,11273,16GB
945,11273,32GB
946,11264,128GB
947,11258,32GB
948,11096,32GB
949,11095,32GB
950,11094,16GB
951,11073,128GB
952,10973,32GB
953,10934,64GB
954,10935,32GB
955,10915,32GB
956,10781,128GB
957,10745,64GB
958,10741,32GB
959,10730,64GB
960,10729,32GB
961,10731,16GB
962,10732,32GB
963,10640,32GB
964,10607,32GB
965,10535,32GB
966,10536,32GB
967,10537,32GB
968,10538,16GB
969,10540,16GB
970,10539,16GB
971,10470,32GB
972,10453,32GB
973,10403,128GB
974,10359,16GB
975,10313,64GB
976,10312,64GB
977,10160,8GB
978,10107,32GB
979,10106,32GB
980,10105,32GB
981,10047,32GB
982,10046,32GB
983,10045,64GB
984,9994,16GB
985,9968,16GB
986,9967,16GB
987,9930,16GB
988,9929,16GB
989,9855,128GB
990,9877,32GB
991,9854,64GB
992,9853,64GB
993,9811,128GB
994,9876,32GB
995,9778,64GB
996,9777,64GB
997,9776,32GB
998,9775,32GB
999,9718,64GB
1000,9597,8GB
1001,9565,8GB
1002,9542,16GB
1003,9518,16GB
1004,9482,16GB
1005,9470,32GB
1006,9360,16GB
1007,9359,16GB
1008,9359,8GB
1009,9325,8GB
1010,9314,32GB
1011,9307,128GB
1012,9307,64GB
1013,9302,8GB
1014,9301,8GB
1015,9277,16GB
1016,9254,16GB
1017,9253,16GB
1018,9223,32GB
1019,9184,8GB
1020,9165,32GB
1021,9154,16GB
1022,9146,8GB
1023,9132,4MB
1024,9131,32GB
1025,9072,64GB
1026,9064,16GB
1027,9063,16GB
1028,9007,16GB
1029,8965,8GB
1030,8964,8GB
1031,8952,16GB
1032,8946,32GB
1033,8945,32GB
1034,8924,8GB
1035,8925,8GB
1036,8926,8GB
1037,8906,8GB
1038,8905,8GB
1039,8865,16GB
1040,8846,16GB
1041,8846,8GB
1042,8845,8GB
1043,8842,8GB
1044,8841,8GB
1045,8835,64GB
1046,8824,8GB
1047,8825,16GB
1048,8825,8GB
1049,8826,8GB
1050,8796,8GB
1051,8773,16GB
1052,8773,32GB
1053,8774,8GB
1054,8736,16GB
1055,8735,8GB
1056,8732,8GB
1057,8731,8GB
1058,8713,8GB
1059,8709,8GB
1060,8670,16GB
1061,8670,32GB
1062,8653,8GB
1063,8621,64GB
1064,8555,4GB
1065,8553,4GB
1066,8544,32GB
1067,8541,8GB
1068,8557,8GB
1069,8556,8GB
1070,8534,8GB
1071,8533,8GB
1072,8527,8GB
1073,8524,8GB
1074,8525,4GB
1075,8526,32MB
1076,8496,8GB
1077,8462,16GB
1078,8461,8GB
1079,8460,16GB
1080,8459,4GB
1081,8457,8GB
1082,8456,4GB
1083,8426,64GB
1084,8427,16GB
1085,8428,8GB
1086,8429,8GB
1087,8349,16GB
1088,8349,64GB
1089,8338,32GB
1090,8296,64GB
1091,8322,8GB
1092,8323,8GB
1093,8324,8GB
1094,8256,8GB
1095,8255,8GB
1096,8252,8GB
1097,8251,4GB
1098,8253,8GB
1099,8254,8GB
1100,8171,16GB
1101,8171,8GB
1102,8188,8GB
1103,8189,4GB
1104,8190,4GB
1105,8191,4GB
1106,8187,64GB
1107,8153,8GB
1108,8152,8GB
1109,8151,4GB
1110,8118,8GB
1111,8117,8GB
1112,8116,4GB
1113,8119,4GB
1114,8115,512MB
1115,8030,4GB
1116,8029,8GB
1117,8028,4GB
1118,8003,8GB
1119,7990,16GB
1120,7988,16GB
1121,7989,16GB
1122,7987,8GB
1123,7986,16GB
1124,7978,16GB
1125,7978,8GB
1126,7974,8GB
1127,7924,8GB
1128,7923,8GB
1129,7922,8GB
1130,7892,16GB
1131,7867,8GB
1132,7858,16GB
1133,7857,32GB
1134,7820,16GB
1135,7775,8GB
1136,7774,8GB
1137,7726,16GB
1138,7725,4GB
1139,7706,8GB
1140,7705,4GB
1141,7676,8GB
1142,7671,16GB
1143,7645,8GB
1144,7623,8GB
1145,7558,64GB
1146,7559,16GB
1147,7523,8GB
1148,7499,8GB
1149,7498,4GB
1150,7490,8GB
1151,7489,8GB
1152,7450,8GB
1153,7449,8GB
1154,7448,8GB
1155,7447,8GB
1156,7293,8GB
1157,7291,4GB
1158,7290,8GB
1159,7265,4GB
1160,7225,16GB
1161,7205,8GB
1162,7204,4GB
1163,6930,16GB
1164,6930,8GB
1165,6929,8GB
1166,6928,8GB
1167,6927,4GB
1168,6926,8GB
1169,6925,8GB
1170,6924,16GB
1171,6900,16GB
1172,6899,8GB
1173,6839,4GB
1174,6838,8GB
1175,6837,4GB
1176,6836,8GB
1177,6835,4GB
1178,6834,512MB
1179,6833,4GB
1180,6670,4GB
1181,6669,8GB
1182,6565,4GB
1183,6566,4GB
1184,6567,4GB
1185,6568,4GB
1186,6406,16GB
1187,6405,8GB
1188,6346,16GB
1189,6346,32GB
1190,6339,4GB
1191,6330,4GB
1192,6277,4GB
1193,6276,512MB
1194,6244,4GB
1195,6243,4GB
1196,6242,4GB
1197,6041,16GB
1198,5986,16GB
1199,5957,8GB
1200,5956,4GB
1201,5955,16GB
1202,5955,32GB
1203,5954,4GB
1204,5935,16GB
1205,5920,32GB
1206,5909,4GB
1207,5908,4GB
1208,5873,16GB
1209,5761,4GB
1210,5748,128MB
1211,5747,32MB
1212,5746,32MB
1213,5745,32MB
1214,5661,4GB
1215,5660,4GB
1216,5662,512MB
1217,5593,4GB
1218,5489,4GB
1219,5458,4GB
1220,5459,4GB
1221,5460,4GB
1222,5411,512MB
1223,5410,64MB
1224,5409,32MB
1225,5408,64MB
1226,5360,16GB
1227,5358,16GB
1228,5359,4GB
1229,5295,4GB
1230,5294,4GB
1231,5283,4GB
1232,5282,16GB
1233,5281,4GB
1234,5210,128MB
1235,5209,4GB
1236,5208,512MB
1237,5207,128MB
1238,5206,4GB
1239,5205,4GB
1240,5202,512MB
1241,5201,4GB
1242,5023,512MB
1243,4947,1GB
1244,4946,512MB
1245,4945,64MB
1246,4944,32MB
1247,4901,4GB
1248,4853,16MB
1249,4852,16MB
1250,4370,512MB
1251,4224,512MB
1252,4195,1GB
1253,4162,1GB
1254,4163,256MB
1255,4165,1GB
1256,4166,1GB
1257,4167,256MB
1258,4168,64MB
1259,4169,128MB
1260,4171,256MB
1261,4170,64MB
1262,4172,64MB
1263,4173,64MB
1264,4174,256MB
1265,4175,64MB
1266,4176,64MB
1267,4177,128MB
1268,4178,64MB
1269,3854,512MB
1270,3855,512MB
1271,3856,64MB
1272,3857,32MB
1273,3857,64MB
1274,3858,32MB
1275,3858,64MB
1276,3859,16MB
1277,3548,512MB
1278,3549,256MB
1279,3550,52MB
1280,3551,50MB
1281,3552,70MB
1282,3553,32MB
1283,3567,16MB
1284,3568,16MB
1285,3569,16MB
1286,3560,32MB
1287,3561,
1288,3562,
1289,3563,32MB
1290,3564,32MB
1291,3565,32MB
1292,3572,32MB
1293,3570,16MB
1294,3571,16MB
1295,3573,16MB
1296,3574,16MB
1297,3575,
1298,12454,16GB
1299,12427,128GB
1300,12269,256GB
1301,12522,64GB
1302,12523,64GB
1303,12524,128GB
1304,12525,128GB
1305,12232,128GB
1306,12221,32GB
1307,12221,64GB
1308,11948,32GB
1309,11642,128GB
1310,11266,64GB
1311,10790,128GB
1312,10790,64GB
1313,10681,128GB
1314,10529,128GB
1315,10594,16GB
1316,10357,64GB
1317,10593,32GB
1318,10592,32GB
1319,10595,32GB
1320,10298,256GB
1321,10297,128GB
1322,9965,32GB
1323,9924,64GB
1324,9797,128GB
1325,9797,32GB
1326,9735,128GB
1327,9734,128GB
1328,9734,64GB
1329,9487,32GB
1330,9487,64GB
1331,9385,128GB
1332,9179,128GB
1333,9179,64GB
1334,9119,128GB
1335,9119,64GB
1336,9102,32GB
1337,9071,16GB
1338,9071,32GB
1339,8990,64GB
1340,8908,128GB
1341,8908,64GB
1342,8885,32GB
1343,8885,64GB
1344,8630,128GB
1345,8630,64GB
1346,8487,32GB
1347,8519,128GB
1348,8519,64GB
1349,8518,32GB
1350,8518,64GB
1351,8404,32GB
1352,8404,64GB
1353,8444,16GB
1354,8277,64GB
1355,8884,32GB
1356,8297,16GB
1357,8297,32GB
1358,8276,32GB
1359,8633,32GB
1360,8128,32GB
1361,8086,16GB
1362,8066,32GB
1363,8072,16GB
1364,8031,32GB
1365,8031,64GB
1366,7884,32GB
1367,7884,64GB
1368,7942,16GB
1369,7941,16GB
1370,7940,16GB
1371,8348,8GB
1372,7836,32GB
1373,7758,16GB
1374,7731,16GB
1375,7731,32GB
1376,7753,16GB
1377,7627,16GB
1378,7592,32GB
1379,7591,32GB
1380,7576,16GB
1381,7576,32GB
1382,7421,16GB
1383,7418,8GB
1384,7419,8GB
1385,7420,8GB
1386,7275,32GB
1387,7267,16GB
1388,7194,8GB
1389,6977,32GB
1390,7165,16GB
1391,7165,32GB
1392,7111,32GB
1393,7310,16GB
1394,6891,32GB
1395,7115,16GB
1396,7183,8GB
1397,6968,16GB
1398,6947,16GB
1399,6947,8GB
1400,6921,16GB
1401,6913,4GB
1402,6913,512MB
1403,6913,8GB
1404,6841,8GB
1405,6830,8GB
1406,5823,16GB
1407,5823,32GB
1408,6736,16GB
1409,6736,8GB
1410,6713,16GB
1411,6715,16GB
1412,6719,8GB
1413,6854,16GB
1414,6637,16GB
1415,6636,16GB
1416,6621,16GB
1417,6608,8GB
1418,6589,32GB
1419,6588,32GB
1420,6581,16GB
1421,6581,32GB
1422,6528,16GB
1423,6483,16GB
1424,6463,4GB
1425,6397,16GB
1426,6345,16GB
1427,6234,4GB
1428,6316,4GB
1429,6233,32GB
1430,6074,16GB
1431,6074,32GB
1432,6348,4GB
1433,6348,512MB
1434,6009,4GB
1435,6009,512MB
1436,6487,8GB
1437,6073,8GB
1438,6160,8GB
1439,5907,8GB
1440,6552,8GB
1441,5870,8GB
1442,5871,4GB
1443,5872,8GB
1444,5704,16GB
1445,5704,32GB
1446,5666,4GB
1447,5667,8GB
1448,5623,4GB
1449,5505,16GB
1450,6121,4GB
1451,6123,4GB
1452,6122,4GB
1453,5547,8GB
1454,5537,16GB
1455,5536,4GB
1456,5465,8GB
1457,5395,16GB
1458,5498,32GB
1459,5313,32GB
1460,5313,64GB
1461,5261,4GB
1462,4978,4GB
1463,5118,16GB
1464,5113,16GB
1465,5106,8GB
1466,5105,8GB
1467,5100,4GB
1468,5016,8GB
1469,4976,32GB
1470,4976,64GB
1471,5104,16GB
1472,4975,16GB
1473,5000,4GB
1474,4980,4GB
1475,4979,4GB
1476,4951,4GB
1477,4830,4GB
1478,5861,4GB
1479,4829,4GB
1480,4805,4GB
1481,4759,4GB
1482,4997,16GB
1483,4744,8GB
1484,4665,16GB
1485,4977,16GB
1486,4320,1632GB
1487,4614,16GB
1488,4572,32GB
1489,4836,16GB
1490,4574,16GB
1491,4575,4GB
1492,4525,16GB
1493,4435,16GB
1494,4411,16GB
1495,4099,16GB
1496,4302,16GB
1497,4202,4GB
1498,4161,16GB
1499,4102,512MB
1500,4097,16GB
1501,3958,16GB
1502,4132,4GB
1503,4285,4GB
1504,4196,4GB
1505,4164,4GB
1506,4141,32GB
1507,4027,16GB
1508,4131,8GB
1509,4070,8GB
1510,4022,512MB
1511,3964,16GB
1512,3938,1.1GB
1513,3922,1GB
1514,3901,1GB
1515,3875,1GB
1516,3895,4GB
1517,3887,16GB
1518,3739,2GB
1519,3788,1.1GB
1520,3776,1.1GB
1521,3777,512MB
1522,3786,512MB
1523,3787,512MB
1524,3829,16GB
1525,3829,32GB
1526,3953,16GB
1527,3953,32GB
1528,3896,32GB
1529,3706,4GB
1530,3707,150MB
1531,3707,256MB
1532,3703,4GB
1533,3702,2GB
1534,3585,512MB
1535,3338,16GB
1536,3338,8GB
1537,3576,8GB
1538,3557,16GB
1539,3530,8GB
1540,3118,8GB
1541,3556,16GB
1542,3556,8GB
1543,3468,1.5GB
1544,3421,1.5GB
1545,5058,4GB
1546,3392,512MB
1547,3577,512MB
1548,3337,512MB
1549,3163,512MB
1550,3077,512MB
1551,3141,512MB
1552,3069,512MB
1553,3080,256MB
1554,3427,1GB
1555,3230,8GB
1556,10104,32GB
1557,6371,
1558,5510,
1559,4457,
1560,12807,128GB
1561,12761,1TB
1562,12761,512GB
1563,12588,256GB
1564,12588,512GB
1565,12589,256GB
1566,12589,512GB
1567,12762,256GB
1568,12762,512GB
1569,12720,128GB
1570,12720,256GB
1571,12713,128GB
1572,12713,256GB
1573,12713,512GB
1574,12648,256GB
1575,12648,512GB
1576,12607,
1577,12586,1TB
1578,12586,256GB
1579,12586,512GB
1580,12585,1TB
1581,12585,512GB
1582,12563,
1583,12549,1TB
1584,12549,512GB
1585,12550,
1586,12530,1TB
1587,12530,256GB
1588,12530,512GB
1589,12539,1TB
1590,12539,256GB
1591,12539,512GB
1592,12420,128GB
1593,12420,256GB
1594,12415,128GB
1595,12415,256GB
1596,12415,512GB
1597,12290,128GB
1598,12290,256GB
1599,12278,32GB
1600,12279,32GB
1601,12268,128GB
1602,12268,256GB
1603,12259,128GB
1604,12235,128GB
1605,12235,256GB
1606,12235,512GB
1607,12230,512GB
1608,12233,256GB
1609,12233,512GB
1610,12234,128GB
1611,12234,256GB
1612,12234,512GB
1613,12186,
1614,12172,256GB
1615,12172,512GB
1616,12191,128GB
1617,12191,256GB
1618,12191,512GB
1619,12192,1TB
1620,12192,512GB
1621,12193,128GB
1622,12193,256GB
1623,12190,
1624,12185,128GB
1625,12185,256GB
1626,12154,128GB
1627,12154,256GB
1628,12021,
1629,12020,128GB
1630,12020,256GB
1631,11980,
1632,11970,
1633,11972,
1634,11968,128GB
1635,11968,64GB
1636,11942,64GB
1637,11918,128GB
1638,11918,256GB
1639,11858,512GB
1640,11856,256GB
1641,11856,512GB
1642,11859,128GB
1643,11859,256GB
1644,11857,128GB
1645,11857,256GB
1646,11857,512GB
1647,11853,128GB
1648,11853,256GB
1649,11720,128GB
1650,11720,256GB
1651,11720,512GB
1652,11640,128GB
1653,11640,256GB
1654,11641,128GB
1655,11641,256GB
1656,11639,128GB
1657,11525,128GB
1658,11525,64GB
1659,11503,
1660,11505,
1661,11504,32GB
1662,12030,4GB
1663,11506,128GB
1664,11506,32GB
1665,11506,64GB
1666,11490,128GB
1667,11490,256GB
1668,11489,128GB
1669,11489,64GB
1670,11428,128GB
1671,11428,256GB
1672,11399,128GB
1673,11399,256GB
1674,11399,512GB
1675,11280,
1676,11247,128GB
1677,11328,64GB
1678,11177,128GB
1679,11177,64GB
1680,11227,4GB
1681,11176,
1682,11171,4GB
1683,11120,128GB
1684,11120,256GB
1685,11121,128GB
1686,11121,256GB
1687,11048,128GB
1688,11048,256GB
1689,11029,128GB
1690,11029,256GB
1691,11029,512GB
1692,10788,128GB
1693,10788,256GB
1694,11030,128GB
1695,11002,128GB
1696,10985,
1697,10986,128GB
1698,10986,256GB
1699,10987,
1700,10942,128GB
1701,10942,256GB
1702,10942,512GB
1703,10938,128GB
1704,10938,256GB
1705,10943,128GB
1706,10943,256GB
1707,10943,64GB
1708,10941,16GB
1709,10940,16GB
1710,10875,128GB
1711,10875,256GB
1712,11768,16GB
1713,11768,32GB
1714,11768,64GB
1715,10794,4GB
1716,10783,128GB
1717,10783,256GB
1718,10755,128GB
1719,10697,
1720,10642,128GB
1721,10642,256GB
1722,10645,128GB
1723,10645,256GB
1724,10652,128GB
1725,10579,128GB
1726,10551,256GB
1727,10551,512GB
1728,10550,256GB
1729,10528,
1730,10553,
1731,10554,4GB
1732,10555,128GB
1733,10555,256GB
1734,10519,128GB
1735,10546,128GB
1736,10546,64GB
1737,10475,128GB
1738,10475,64GB
1739,10450,128GB
1740,10426,4GB
1741,10429,128GB
1742,10417,128GB
1743,10418,128GB
1744,10418,64GB
1745,10427,4GB
1746,10362,128GB
1747,10362,256GB
1748,10362,64GB
1749,10494,128GB
1750,10494,16GB
1751,10494,32GB
1752,10494,64GB
1753,10363,128GB
1754,10363,64GB
1755,10364,16GB
1756,10299,128GB
1757,10252,128GB
1758,10252,64GB
1759,10292,128GB
1760,10249,128GB
1761,10236,128GB
1762,10219,128GB
1763,10219,256GB
1764,10231,16GB
1765,10231,32GB
1766,10227,128GB
1767,10227,64GB
1768,10222,32GB
1769,10222,64GB
1770,10223,32GB
1771,10212,128GB
1772,10203,128GB
1773,10203,256GB
1774,10204,128GB
1775,10204,256GB
1776,10205,128GB
1777,10205,256GB
1778,10206,128GB
1779,10206,32GB
1780,10206,64GB
1781,10166,4GB
1782,11010,128GB
1783,11010,64GB
1784,10118,256GB
1785,10118,512GB
1786,10152,128GB
1787,10152,256GB
1788,10152,512GB
1789,10153,128GB
1790,10153,256GB
1791,10112,64GB
1792,9996,128GB
1793,10100,128GB
1794,10100,256GB
1795,10100,512GB
1796,10098,
1797,10073,128GB
1798,10073,256GB
1799,10074,64GB
1800,10058,128GB
1801,10012,32GB
1802,10012,64GB
1803,9799,128GB
1804,9983,128GB
1805,9983,256GB
1806,9971,128GB
1807,9989,128GB
1808,9973,128GB
1809,9973,256GB
1810,9973,512GB
1811,9605,
1812,9956,128GB
1813,9922,128GB
1814,9922,64GB
1815,9933,128GB
1816,9933,64GB
1817,9905,128GB
1818,9905,64GB
1819,9887,512GB
1820,9880,128GB
1821,9880,256GB
1822,9880,512GB
1823,9885,128GB
1824,9885,256GB
1825,9881,128GB
1826,9881,256GB
1827,9886,128GB
1828,9888,4GB
1829,9765,128GB
1830,9765,256GB
1831,9830,128GB
1832,9803,128GB
1833,9748,128GB
1834,9748,256GB
1835,9748,64GB
1836,9823,128GB
1837,9747,128GB
1838,9747,64GB
1839,9746,128GB
1840,9746,256GB
1841,9728,128GB
1842,9727,128GB
1843,9742,128GB
1844,9742,64GB
1845,9703,128GB
1846,9703,64GB
1847,9694,64GB
1848,9705,128GB
1849,9705,256GB
1850,9635,128GB
1851,9635,256GB
1852,9635,512GB
1853,9530,128GB
1854,9530,256GB
1855,9530,64GB
1856,9545,128GB
1857,9545,256GB
1858,9545,64GB
1859,9627,128GB
1860,9675,16GB
1861,9675,32GB
1862,9645,32GB
1863,9645,64GB
1864,9644,128GB
1865,9644,64GB
1866,9643,128GB
1867,9668,128GB
1868,9668,32GB
1869,9668,64GB
1870,9576,32GB
1871,9620,32GB
1872,9625,32GB
1873,9625,64GB
1874,9531,32GB
1875,9531,64GB
1876,9500,128GB
1877,9500,32GB
1878,9500,64GB
1879,9501,16GB
1880,9481,128GB
1881,9409,32GB
1882,9409,64GB
1883,9466,32GB
1884,9466,64GB
1885,9401,128MB
1886,9395,128MB
1887,9368,256GB
1888,9368,512GB
1889,9369,128GB
1890,9369,256GB
1891,9343,128GB
1892,9343,256GB
1893,9367,128GB
1894,9367,64GB
1895,9412,16GB
1896,9412,32GB
1897,9412,64GB
1898,9351,32GB
1899,9351,64GB
1900,9324,128GB
1901,9324,64GB
1902,9284,64GB
1903,9272,128GB
1904,9272,64GB
1905,9632,128GB
1906,9632,64GB
1907,9267,128GB
1908,9267,64GB
1909,9199,4GB
1910,9209,16GB
1911,9209,32GB
1912,9196,8GB
1913,9502,16GB
1914,9502,32GB
1915,9162,16GB
1916,9141,256GB
1917,9141,512GB
1918,9106,128GB
1919,9106,256GB
1920,9106,64GB
1921,9107,128GB
1922,9107,64GB
1923,9098,128GB
1924,9098,32GB
1925,9098,64GB
1926,9188,32GB
1927,9114,32GB
1928,9114,64GB
1929,9265,16GB
1930,9112,128GB
1931,9112,32GB
1932,9112,64GB
1933,9080,128GB
1934,9080,64GB
1935,9091,128GB
1936,9091,32GB
1937,9091,64GB
1938,9092,128GB
1939,9092,32GB
1940,9092,64GB
1941,8961,32GB
1942,8961,64GB
1943,8943,128GB
1944,8943,64GB
1945,8899,256GB
1946,8854,128GB
1947,8854,64GB
1948,8877,64GB
1949,8910,4GB
1950,8857,64GB
1951,8833,16GB
1952,8632,32GB
1953,8715,16GB
1954,8715,32GB
1955,8715,64GB
1956,8636,16GB
1957,8636,32GB
1958,8637,16GB
1959,8637,32GB
1960,8637,64GB
1961,8703,128GB
1962,8703,64GB
1963,8672,64GB
1964,8663,16GB
1965,8578,16GB
1966,8578,32GB
1967,8635,16GB
1968,8635,8GB
1969,8687,16GB
1970,8695,16GB
1971,8640,16GB
1972,8686,32GB
1973,8686,8GB
1974,8594,4GB
1975,8585,4GB
1976,8515,128GB
1977,8515,64GB
1978,8514,32GB
1979,8514,64GB
1980,8598,32GB
1981,8598,64GB
1982,8516,16GB
1983,8516,32GB
1984,8516,64GB
1985,8458,16GB
1986,8458,32GB
1987,8396,128GB
1988,8396,64GB
1989,8415,256GB
1990,8073,32GB
1991,8073,64GB
1992,8411,16MB
1993,8402,16GB
1994,8315,32GB
1995,8315,64GB
1996,8312,32GB
1997,8284,32GB
1998,8303,16GB
1999,8303,32GB
2000,8302,16GB
2001,8302,32GB
2002,8301,16GB
2003,8301,8GB
2004,8285,32GB
2005,8285,64GB
2006,8138,16GB
2007,8084,16GB
2008,8084,32GB
2009,8037,8GB
2010,8036,8GB
2011,7983,16GB
2012,7745,32GB
2013,7745,64GB
2014,7972,32GB
2015,7972,64GB
2016,7854,16GB
2017,7854,64GB
2018,7687,4GB
2019,7793,16GB
2020,7239,128GB
2021,7239,32GB
2022,7239,64GB
2023,7744,32GB
2024,7647,16GB
2025,7588,128GB
2026,7588,32GB
2027,7588,64GB
2028,7533,128GB
2029,7533,32GB
2030,7533,64GB
2031,7440,8GB
2032,7513,16GB
2033,7513,32GB
2034,7309,16GB
2035,7309,32GB
2036,7829,8GB
2037,7206,4GB
2038,7279,16GB
2039,7201,16GB
2040,7200,64GB
2041,7006,16GB
2042,7006,32GB
2043,7006,64GB
2044,7187,8GB
2045,7075,16GB
2046,7075,32GB
2047,7076,4GB
2048,7077,4GB
2049,7049,4GB
2050,6943,
2051,6909,4GB
2052,6908,4GB
2053,6896,8GB
2054,6869,64GB
2055,7308,16GB
2056,7308,8GB
2057,6705,16GB
2058,6705,8GB
2059,7307,8GB
2060,6677,8GB
2061,6676,4GB
2062,6646,16GB
2063,6611,16GB
2064,6543,16GB
2065,6543,32GB
2066,6678,8GB
2067,6596,
2068,6499,4GB
2069,6493,4GB
2070,6375,
2071,6124,16GB
2072,6332,8GB
2073,6290,4GB
2074,6278,4GB
2075,6169,16GB
2076,6169,8GB
2077,6168,8GB
2078,6136,4GB
2079,6137,8GB
2080,6129,16GB
2081,6103,4GB
2082,5981,4GB
2083,5981,8GB
2084,5979,16GB
2085,5949,16GB
2086,5936,4GB
2087,5921,512MB
2088,5840,8GB
2089,5910,4GB
2090,5485,8GB
2091,5739,16MB
2092,5779,3MB
2093,5633,8GB
2094,5699,4GB
2095,6893,4GB
2096,5632,4GB
2097,5698,8GB
2098,5539,8GB
2099,5467,16GB
2100,5467,8GB
2101,5386,4GB
2102,5382,4GB
2103,5365,512MB
2104,5267,16GB
2105,5257,8GB
2106,5327,4GB
2107,5648,4GB
2108,5439,4GB
2109,5065,4GB
2110,5237,8GB
2111,5164,32GB
2112,5250,4GB
2113,5141,4GB
2114,5112,4GB
2115,5507,16GB
2116,5507,32GB
2117,5507,8GB
2118,5077,120MB
2119,5068,512MB
2120,5022,4GB
2121,5020,4GB
2122,4963,4GB
2123,4966,4GB
2124,4882,8GB
2125,4839,512MB
2126,4838,512MB
2127,5383,4GB
2128,4594,4GB
2129,5003,
2130,4410,4GB
2131,4737,
2132,5848,
2133,5109,40MB
2134,4841,1GB
2135,4840,16MB
2136,4837,150MB
2137,5108,
2138,4698,
2139,4656,512MB
2140,4587,16GB
2141,4587,32GB
2142,4587,64GB
2143,4587,8GB
2144,5002,8GB
2145,4570,8GB
2146,4569,8GB
2147,4568,8GB
2148,4409,4GB
2149,4381,4GB
2150,4335,40MB
2151,4334,
2152,4264,8GB
2153,4265,8GB
2154,4609,
2155,4260,512MB
2156,4636,512MB
2157,4234,512MB
2158,4142,
2159,4312,
2160,4109,2GB
2161,4057,512MB
2162,4226,2GB
2163,4226,4GB
2164,4148,1MB
2165,4552,1GB
2166,4552,40MB
2167,4147,128MB
2168,4206,
2169,4205,512MB
2170,4204,512MB
2171,4032,
2172,3960,
2173,3951,10MB
2174,3789,8GB
2175,3905,
2176,3595,2GB
2177,3596,2GB
2178,3596,4GB
2179,3840,512MB
2180,3513,512MB
2181,3451,512MB
2182,3861,1GB
2183,3944,128MB
2184,3372,2MB
2185,3162,
2186,3740,8GB
2187,4063,3264MB
2188,3974,10MB
2189,3158,
2190,3157,
2191,6426,
2192,5119,
2193,12817,128GB
2194,12817,64GB
2195,12812,128GB
2196,12812,64GB
2197,12792,64GB
2198,12736,64GB
2199,12733,128GB
2200,12733,256GB
2201,12732,128GB
2202,12732,256GB
2203,12731,128GB
2204,12731,256GB
2205,12642,128GB
2206,12642,64GB
2207,12641,256GB
2208,12518,256GB
2209,12451,256GB
2210,12424,128GB
2211,12365,256GB
2212,12289,128GB
2213,12273,256GB
2214,12288,128GB
2215,12288,256GB
2216,12272,128GB
2217,12272,256GB
2218,12274,256GB
2219,12243,64GB
2220,12216,128GB
2221,12216,64GB
2222,12214,128GB
2223,12214,256GB
2224,12131,64GB
2225,12116,64GB
2226,11976,256GB
2227,11931,128GB
2228,11931,64GB
2229,11930,128GB
2230,11929,128GB
2231,11912,128GB
2232,11912,256GB
2233,11922,
2234,11923,128GB
2235,11923,64GB
2236,11924,128GB
2237,11924,64GB
2238,11913,128GB
2239,11913,256GB
2240,11919,128GB
2241,11919,64GB
2242,11822,128GB
2243,11742,64GB
2244,11695,256GB
2245,11663,128GB
2246,11663,256GB
2247,11662,64GB
2248,11605,128GB
2249,11605,64GB
2250,11547,128GB
2251,11547,64GB
2252,11876,128GB
2253,11876,64GB
2254,11527,128GB
2255,11527,256GB
2256,11526,128GB
2257,11526,256GB
2258,11523,128GB
2259,11497,128GB
2260,11497,64GB
2261,11498,128GB
2262,11499,32GB
2263,11499,64GB
2264,11478,64GB
2265,11473,64GB
2266,11355,128GB
2267,11221,32GB
2268,11216,128GB
2269,11216,64GB
2270,11214,64GB
2271,11202,128GB
2272,11202,64GB
2273,11201,128GB
2274,11201,64GB
2275,11189,32GB
2276,11189,64GB
2277,11157,128GB
2278,11162,128GB
2279,11162,64GB
2280,11161,128GB
2281,11161,64GB
2282,10989,128GB
2283,10989,256GB
2284,11097,128GB
2285,11098,128GB
2286,11031,128GB
2287,11031,32GB
2288,11031,64GB
2289,10908,128GB
2290,10908,256GB
2291,10907,128GB
2292,10907,256GB
2293,10907,64GB
2294,10909,128GB
2295,10909,64GB
2296,10891,128GB
2297,10891,64GB
2298,10869,128GB
2299,10869,64GB
2300,10868,128GB
2301,10868,64GB
2302,10735,32GB
2303,10699,32GB
2304,10699,64GB
2305,10646,32GB
2306,10622,128GB
2307,10514,128GB
2308,10515,128GB
2309,10515,64GB
2310,10516,32GB
2311,10516,64GB
2312,10452,128GB
2313,10452,64GB
2314,10401,128GB
2315,10367,32GB
2316,10367,64GB
2317,10285,32GB
2318,10285,64GB
2319,10175,128GB
2320,10175,64GB
2321,10177,128GB
2322,10177,64GB
2323,10272,64GB
2324,10156,128GB
2325,10156,32GB
2326,10156,64GB
2327,10128,128GB
2328,10128,64GB
2329,10127,128GB
2330,10127,64GB
2331,10116,128GB
2332,10116,64GB
2333,10008,32GB
2334,10008,64GB
2335,9980,16GB
2336,9980,32GB
2337,9975,32GB
2338,9927,32GB
2339,9915,128GB
2340,9915,64GB
2341,9856,32GB
2342,9856,64GB
2343,9761,64GB
2344,9680,32GB
2345,9678,32GB
2346,9678,64GB
2347,9679,32GB
2348,9679,64GB
2349,9658,16GB
2350,9658,32GB
2351,9658,64GB
2352,9657,
2353,9656,
2354,9477,16GB
2355,9423,16GB
2356,9423,32GB
2357,9416,32GB
2358,9416,64GB
2359,9420,32GB
2360,9420,64GB
2361,9426,16GB
2362,9417,32GB
2363,9417,64GB
2364,9429,16GB
2365,9430,16GB
2366,9430,32GB
2367,9425,16GB
2368,9425,32GB
2369,9421,32GB
2370,9415,128GB
2371,9414,64GB
2372,9428,16GB
2373,9427,16GB
2374,9419,16GB
2375,9419,32GB
2376,9418,16GB
2377,9418,32GB
2378,9431,16GB
2379,9479,64GB
2380,9478,32GB
2381,9422,16GB
2382,9422,32GB
2383,9473,16GB
2384,9472,16GB
2385,9476,16GB
2386,9475,16GB
2387,9474,16GB
2388,12783,128GB
2389,12783,64GB
2390,12476,256GB
2391,12476,512GB
2392,12443,128GB
2393,12443,256GB
2394,12425,128GB
2395,12071,256GB
2396,12052,128GB
2397,12052,32GB
2398,12052,64GB
2399,12521,32GB
2400,12521,64GB
2401,11842,128GB
2402,11842,64GB
2403,11841,128GB
2404,11841,256GB
2405,12162,32GB
2406,12162,64GB
2407,11783,
2408,11747,128GB
2409,11747,256GB
2410,11747,512GB
2411,11711,128GB
2412,11711,32GB
2413,11711,64GB
2414,11394,128GB
2415,11394,256GB
2416,11331,256GB
2417,11331,640GB
2418,12008,64GB
2419,11143,128GB
2420,11143,32GB
2421,11143,64GB
2422,11090,128GB
2423,11090,256GB
2424,11091,128GB
2425,11091,256GB
2426,10971,
2427,10972,32GB
2428,10988,
2429,10990,128GB
2430,10990,64GB
2431,10991,32GB
2432,10992,32GB
2433,10970,128GB
2434,10924,
2435,10925,128GB
2436,10927,128GB
2437,10926,128GB
2438,10926,64GB
2439,10827,128GB
2440,10827,256GB
2441,10827,512GB
2442,10839,256GB
2443,10839,512GB
2444,10605,128GB
2445,10605,64GB
2446,10630,64GB
2447,10733,64GB
2448,10405,128GB
2449,10686,128GB
2450,10686,64GB
2451,10406,32GB
2452,10406,64GB
2453,10329,256GB
2454,10329,512GB
2455,10224,128GB
2456,10224,256GB
2457,10224,512GB
2458,10566,64GB
2459,10360,128GB
2460,10360,32GB
2461,10360,64GB
2462,10049,
2463,9959,
2464,9882,64GB
2465,9821,128GB
2466,9821,64GB
2467,9822,16GB
2468,9822,32GB
2469,9826,16GB
2470,9826,32GB
2471,9825,16GB
2472,9825,32GB
2473,9824,16GB
2474,9824,32GB
2475,9824,8GB
2476,9757,128GB
2477,9757,64GB
2478,9754,128GB
2479,9754,256GB
2480,9754,512GB
2481,9711,128GB
2482,9711,64GB
2483,9671,128GB
2484,9671,256GB
2485,9671,512GB
2486,9655,128GB
2487,9655,64GB
2488,9609,64GB
2489,9490,128GB
2490,9490,64GB
2491,9436,128GB
2492,9436,64GB
2493,9489,128GB
2494,9489,256GB
2495,9489,512GB
2496,9349,128GB
2497,9349,64GB
2498,9375,128GB
2499,9375,64GB
2500,9374,128GB
2501,9374,64GB
2502,9371,32GB
2503,9222,128GB
2504,9222,64GB
2505,9226,32GB
2506,9226,64GB
2507,9225,16GB
2508,9225,32GB
2509,9144,16GB
2510,9144,32GB
2511,9143,32GB
2512,9116,128GB
2513,9116,32GB
2514,9116,64GB
2515,8973,16GB
2516,8973,32GB
2517,8947,32GB
2518,8942,16GB
2519,8942,8GB
2520,8941,16GB
2521,8834,32GB
2522,8850,32GB
2523,8794,32GB
2524,8794,64GB
2525,8605,16GB
2526,8605,64GB
2527,8604,16GB
2528,8604,32GB
2529,8603,16GB
2530,8603,64GB
2531,8602,16GB
2532,8602,32GB
2533,8559,16GB
2534,8423,64GB
2535,8376,16GB
2536,8375,16GB
2537,8506,8GB
2538,8320,8GB
2539,8319,32GB
2540,8319,64GB
2541,8318,32GB
2542,8317,16GB
2543,8317,32GB
2544,8316,16GB
2545,8316,32GB
2546,9744,16GB
2547,8311,
2548,8208,4GB
2549,8368,
2550,8193,16GB
2551,8193,8GB
2552,8147,32GB
2553,8146,32GB
2554,8145,64GB
2555,8125,32GB
2556,8125,64GB
2557,8101,8GB
2558,8038,128GB
2559,8038,64GB
2560,7953,32GB
2561,7953,64GB
2562,7952,16GB
2563,7951,16GB
2564,7951,8GB
2565,7947,16GB
2566,7946,16GB
2567,7939,16GB
2568,7918,32GB
2569,7878,32GB
2570,7865,16GB
2571,7850,16GB
2572,7802,16GB
2573,7802,32GB
2574,7802,8GB
2575,7756,16GB
2576,7755,32GB
2577,7755,64GB
2578,7742,8GB
2579,8549,64GB
2580,7642,16GB
2581,7605,8GB
2582,8142,16GB
2583,7557,32GB
2584,7539,32GB
2585,7711,16GB
2586,7552,8GB
2587,7540,16GB
2588,7354,32GB
2589,7511,64GB
2590,7507,8GB
2591,8043,4GB
2592,7233,4GB
2593,7216,
2594,7214,8GB
2595,7197,16GB
2596,7192,4GB
2597,7147,16GB
2598,7046,32GB
2599,7886,16GB
2600,7088,8GB
2601,7167,8GB
2602,7089,16GB
2603,7090,16GB
2604,7090,8GB
2605,7063,16GB
2606,6956,16GB
2607,8185,16GB
2608,8185,8GB
2609,6955,16GB
2610,6955,8GB
2611,6938,8GB
2612,6920,32GB
2613,6919,32GB
2614,6848,16GB
2615,6842,8GB
2616,6855,8GB
2617,6789,4GB
2618,6788,8GB
2619,6787,8GB
2620,6739,16GB
2621,6739,32GB
2622,6746,8GB
2623,6852,32GB
2624,6731,16GB
2625,6730,16GB
2626,6681,16GB
2627,6643,32GB
2628,6642,32GB
2629,6595,4GB
2630,6396,32GB
2631,6529,16GB
2632,6293,16GB
2633,6293,8GB
2634,6370,8GB
2635,6673,4GB
2636,6369,8GB
2637,6368,4GB
2638,6296,4GB
2639,6729,4GB
2640,6674,8GB
2641,6283,4GB
2642,6282,16GB
2643,6282,32GB
2644,6281,16GB
2645,6281,8GB
2646,6280,16GB
2647,6280,8GB
2648,6279,8GB
2649,6166,16GB
2650,6166,32GB
2651,6159,16GB
2652,6158,16GB
2653,6157,8GB
2654,6047,8GB
2655,5934,8GB
2656,5894,8GB
2657,5893,8GB
2658,5843,16GB
2659,5836,16GB
2660,5836,32GB
2661,5835,16GB
2662,5835,32GB
2663,5830,4GB
2664,5851,4GB
2665,5684,16GB
2666,5684,32GB
2667,5683,16GB
2668,5689,4GB
2669,5612,4GB
2670,5544,4GB
2671,5544,8GB
2672,5486,4GB
2673,5486,8GB
2674,5450,4GB
2675,5850,4GB
2676,5849,
2677,5385,4GB
2678,5354,32GB
2679,6196,16GB
2680,6197,16GB
2681,6198,16GB
2682,6198,32GB
2683,5353,16GB
2684,5352,16GB
2685,5352,4GB
2686,5241,16GB
2687,5241,32GB
2688,5244,4GB
2689,5247,16GB
2690,5463,4GB
2691,5462,4GB
2692,5245,4GB
2693,5333,4GB
2694,5246,512MB
2695,5243,4GB
2696,5140,4GB
2697,5095,512MB
2698,5094,4GB
2699,5060,4GB
2700,4985,4GB
2701,4956,8GB
2702,4911,4GB
2703,4912,220MB
2704,4864,
2705,4863,
2706,4862,
2707,4861,63MB
2708,4860,
2709,4859,
2710,4858,
2711,4424,16GB
2712,4424,8GB
2713,4711,220MB
2714,4445,16GB
2715,4423,
2716,4441,16GB
2717,4440,16GB
2718,4439,8GB
2719,4442,16GB
2720,4443,16GB
2721,4443,32GB
2722,4444,16GB
2723,4444,32GB
2724,4444,64GB
2725,10185,
2726,7968,
2727,7008,
2728,11751,64GB
2729,10742,128GB
2730,10743,128GB
2731,10744,64GB
2732,10585,128GB
2733,10586,128GB
2734,10586,64GB
2735,10587,32GB
2736,10564,128GB
2737,10464,128GB
2738,10464,64GB
2739,10558,64GB
2740,10463,64GB
2741,10459,64GB
2742,10458,128GB
2743,10442,128GB
2744,10442,256GB
2745,10597,32GB
2746,10597,64GB
2747,10368,128GB
2748,10451,32GB
2749,10382,32GB
2750,10378,128GB
2751,10257,64GB
2752,10255,64GB
2753,10340,128GB
2754,10209,128GB
2755,10186,8GB
2756,10256,128GB
2757,10103,128GB
2758,10103,256GB
2759,10102,32GB
2760,10090,32GB
2761,10088,128GB
2762,10088,64GB
2763,10087,64GB
2764,10086,32GB
2765,9952,32GB
2766,9906,256GB
2767,9844,128GB
2768,9815,64GB
2769,9827,16GB
2770,9828,16GB
2771,9805,32GB
2772,9804,32GB
2773,9753,64GB
2774,9752,32GB
2775,9752,64GB
2776,9751,32GB
2777,9758,32GB
2778,9607,128GB
2779,9608,128GB
2780,9608,64GB
2781,9540,128GB
2782,9585,64GB
2783,9586,32GB
2784,9587,32GB
2785,9411,64GB
2786,9300,128GB
2787,9300,64GB
2788,9355,4GB
2789,9544,16GB
2790,9309,16GB
2791,9305,32GB
2792,9305,64GB
2793,9304,32GB
2794,9304,64GB
2795,9285,64GB
2796,9278,16GB
2797,9278,32GB
2798,9251,32GB
2799,9228,32GB
2800,9228,64GB
2801,9191,128GB
2802,9191,64GB
2803,9206,32GB
2804,9206,64GB
2805,9115,128GB
2806,9115,64GB
2807,9090,128GB
2808,9090,256GB
2809,9122,16GB
2810,10072,16GB
2811,9190,32GB
2812,9074,16GB
2813,9074,32GB
2814,9073,16GB
2815,9073,32GB
2816,9047,16GB
2817,9006,32GB
2818,8712,128GB
2819,8712,64GB
2820,8781,32GB
2821,8756,16GB
2822,8756,32GB
2823,8756,64GB
2824,8780,32GB
2825,8696,32GB
2826,8466,128GB
2827,8466,32GB
2828,8466,64GB
2829,8584,16GB
2830,8584,32GB
2831,8552,4GB
2832,8551,4GB
2833,8694,32GB
2834,8492,16GB
2835,8492,32GB
2836,8679,16GB
2837,8678,16GB
2838,8678,32GB
2839,8491,16GB
2840,8491,32GB
2841,8490,16GB
2842,8817,16GB
2843,8817,8GB
2844,8489,16GB
2845,8489,8GB
2846,8488,8GB
2847,8484,32GB
2848,8403,32GB
2849,8238,32GB
2850,8238,64GB
2851,8184,16GB
2852,8183,16GB
2853,8159,16GB
2854,8158,32GB
2855,8463,16GB
2856,8081,16GB
2857,8081,32GB
2858,8133,16GB
2859,8132,16GB
2860,8079,16GB
2861,8079,32GB
2862,8085,16GB
2863,7980,8GB
2864,8269,8GB
2865,8056,32GB
2866,7815,32GB
2867,7977,16GB
2868,7976,16GB
2869,7927,16GB
2870,7927,8GB
2871,7926,16GB
2872,7849,16GB
2873,7848,16GB
2874,7848,8GB
2875,7883,8GB
2876,7828,16GB
2877,7773,16GB
2878,7675,16GB
2879,7681,4GB
2880,7680,4GB
2881,7607,4GB
2882,7606,32GB
2883,7606,64GB
2884,7556,16GB
2885,7556,32GB
2886,7575,16GB
2887,7515,16GB
2888,7496,32GB
2889,7451,4GB
2890,7442,8GB
2891,7437,8GB
2892,7363,8GB
2893,7345,32MB
2894,7344,32MB
2895,7250,8GB
2896,7253,32GB
2897,6901,
2898,7245,16GB
2899,7245,8GB
2900,7212,16GB
2901,7212,8GB
2902,7148,16GB
2903,7070,
2904,7718,4GB
2905,7051,8GB
2906,7052,8GB
2907,7053,8GB
2908,7054,4GB
2909,6916,16GB
2910,6916,32GB
2911,6812,4GB
2912,6775,8GB
2913,6776,4GB
2914,6764,32GB
2915,6750,32GB
2916,6709,4GB
2917,6709,8GB
2918,6606,4GB
2919,6415,4GB
2920,6555,8GB
2921,6593,8GB
2922,6592,4GB
2923,6575,16GB
2924,6575,32GB
2925,6569,8GB
2926,6562,32GB
2927,6554,16GB
2928,6546,4GB
2929,6547,4GB
2930,6548,4GB
2931,6545,8GB
2932,6520,32GB
2933,6509,8GB
2934,6475,8GB
2935,6315,4GB
2936,6572,32GB
2937,6294,16GB
2938,6294,32GB
2939,7133,256MB
2940,6366,4GB
2941,6357,8GB
2942,7289,16GB
2943,6354,16GB
2944,6353,16GB
2945,6352,8GB
2946,7038,8GB
2947,6333,4GB
2948,6326,8GB
2949,6307,4GB
2950,6173,16GB
2951,6133,4GB
2952,6133,8GB
2953,6118,8GB
2954,6117,8GB
2955,6077,8GB
2956,6171,8GB
2957,6100,8GB
2958,6285,4GB
2959,6101,4GB
2960,7062,4GB
2961,6286,4GB
2962,6102,4GB
2963,6052,16GB
2964,6052,32GB
2965,6385,4GB
2966,6032,4GB
2967,5998,4GB
2968,5901,32GB
2969,5705,16GB
2970,5705,32GB
2971,5806,32GB
2972,5798,2GB
2973,5772,8GB
2974,5736,8GB
2975,5750,4GB
2976,5723,
2977,5673,16GB
2978,5543,16GB
2979,5543,32GB
2980,5650,8GB
2981,5649,8GB
2982,5602,16GB
2983,5488,4GB
2984,5487,4GB
2985,5554,4GB
2986,5509,4GB
2987,5390,8GB
2988,5315,8GB
2989,5722,4GB
2990,5722,8GB
2991,5316,8GB
2992,5254,16GB
2993,5254,32GB
2994,5372,4GB
2995,5275,4GB
2996,5373,4GB
2997,5293,4GB
2998,5389,4GB
2999,5292,4GB
3000,5608,4GB
3001,5048,16GB
3002,5048,8GB
3003,6448,40MB
3004,6449,128MB
3005,5964,128MB
3006,5089,78.4MB
3007,5078,16GB
3008,5032,8GB
3009,5025,4GB
3010,5325,16GB
3011,4950,
3012,5062,16GB
3013,4751,32GB
3014,4941,32GB
3015,5005,32GB
3016,4982,4GB
3017,4981,4GB
3018,4964,4GB
3019,4955,4GB
3020,4948,8GB
3021,4932,32GB
3022,4835,1GB
3023,4833,78.4MB
3024,4984,128MB
3025,4984,50MB
3026,4779,128MB
3027,4779,50MB
3028,4749,4GB
3029,4702,128MB
3030,4702,50MB
3031,4739,16GB
3032,4717,4GB
3033,4712,50MB
3034,4653,8GB
3035,4649,4GB
3036,4563,16GB
3037,4562,8GB
3038,4545,16GB
3039,4565,4GB
3040,4571,4GB
3041,4554,32GB
3042,4555,16GB
3043,4461,1GB
3044,4446,32GB
3045,4625,480MB
3046,4430,4GB
3047,4416,4GB
3048,4377,4GB
3049,4392,43MB
3050,4064,8GB
3051,4329,4GB
3052,4353,2GB
3053,4402,179MB
3054,4351,
3055,4257,2GB
3056,4352,150MB
3057,4253,15MB
3058,4221,16GB
3059,4286,512MB
3060,4213,4GB
3061,4188,4GB
3062,4201,8GB
3063,4140,8GB
3064,4157,512MB
3065,4067,2GB
3066,4309,150MB
3067,4043,512MB
3068,4289,8GB
3069,4287,4GB
3070,4037,2GB
3071,4040,512MB
3072,4090,
3073,4258,59MB
3074,4610,15MB
3075,4561,10MB
3076,4942,4MB
3077,4470,19MB
3078,4048,25MB
3079,4094,
3080,4092,128MB
3081,4248,50MB
3082,4326,50MB
3083,4259,60MB
3084,4089,50MB
3085,3994,50MB
3086,4211,50MB
3087,4658,78MB
3088,4635,50MB
3089,3952,
3090,3937,16GB
3091,4074,
3092,4033,430MB
3093,3924,160MB
3094,3918,160MB
3095,3886,8GB
3096,3880,20MB
3097,3759,8GB
3098,3835,32GB
3099,4210,
3100,4095,4MB
3101,3758,1MB
3102,3837,140MB
3103,3219,10MB
3104,3735,
3105,3704,2GB
3106,3762,8GB
3107,3598,8GB
3108,3667,8GB
3109,3732,16GB
3110,3852,80MB
3111,3701,15MB
3112,3684,20MB
3113,3860,1MB
3114,3698,1MB
3115,3695,1MB
3116,3674,15MB
3117,3909,128MB
3118,3909,15MB
3119,3651,128MB
3120,3651,15MB
3121,3731,512MB
3122,3632,512MB
3123,3631,
3124,3630,170MB
3125,3613,60MB
3126,3605,
3127,3606,
3128,3558,16GB
3129,3555,16GB
3130,3532,16GB
3131,3486,158MB
3132,3494,150MB
3133,3669,150MB
3134,3609,
3135,3583,
3136,3544,170MB
3137,3516,170MB
3138,3345,8GB
3139,3414,5MB
3140,3220,80MB
3141,3217,60MB
3142,3218,
3143,3478,
3144,3470,
3145,3676,30MB
3146,3459,30MB
3147,3452,30MB
3148,3458,20MB
3149,3411,20MB
3150,3412,20MB
3151,3444,7MB
3152,3360,30MB
3153,3260,100MB
3154,3359,60MB
3155,3356,512MB
3156,3352,50MB
3157,3216,160MB
3158,3274,
3159,3341,
3160,3340,
3161,3221,4GB
3162,3257,3GB
3163,3245,40MB
3164,3276,190MB
3165,3076,150MB
3166,3261,6MB
3167,3251,32MB
3168,3254,1MB
3169,3253,
3170,3233,
3171,3124,512MB
3172,3211,170MB
3173,3081,139MB
3174,3215,60MB
3175,3204,
3176,3164,
3177,3136,30MB
3178,3095,80MB
3179,3199,40MB
3180,3078,330MB
3181,5444,64MB
3182,4086,40MB
3183,3135,56MB
3184,3106,
3185,3083,60MB
3186,3496,4MB
3187,12472,32GB
3188,12471,128GB
3189,12465,4MB
3190,12464,4MB
3191,12381,128GB
3192,12381,256GB
3193,12322,32GB
3194,12321,32GB
3195,12285,
3196,12284,
3197,12286,
3198,12283,
3199,12282,
3200,12281,
3201,12244,128GB
3202,12210,
3203,12184,64GB
3204,12139,128GB
3205,12139,64GB
3206,12138,128GB
3207,12138,64GB
3208,12137,128GB
3209,12137,256GB
3210,12137,64GB
3211,12136,32GB
3212,12085,64GB
3213,11973,4GB
3214,11831,128GB
3215,11831,256GB
3216,12373,128GB
3217,12373,32GB
3218,11826,128GB
3219,11826,64GB
3220,11825,128GB
3221,11825,32GB
3222,11825,64GB
3223,11823,128GB
3224,11823,64GB
3225,11818,64GB
3226,11741,
3227,11666,128MB
3228,11667,128MB
3229,11670,4GB
3230,11668,
3231,11669,32GB
3232,11669,64GB
3233,11644,32GB
3234,11644,64GB
3235,11629,32GB
3236,11628,32GB
3237,11381,32GB
3238,11381,64GB
3239,11380,32GB
3240,11380,64GB
3241,11740,4MB
3242,11739,4MB
3243,11382,32GB
3244,11358,32GB
3245,11358,64GB
3246,11356,128GB
3247,11356,64GB
3248,11207,128GB
3249,11135,64GB
3250,11142,32GB
3251,11142,64GB
3252,11077,128GB
3253,11077,64GB
3254,11013,128GB
3255,11013,64GB
3256,10967,32GB
3257,10967,64GB
3258,11025,16MB
3259,11019,16GB
3260,10965,48MB
3261,10966,48MB
3262,10959,32GB
3263,10955,16GB
3264,10955,32GB
3265,10838,128GB
3266,10840,128GB
3267,10840,64GB
3268,10841,128GB
3269,10841,64GB
3270,10842,32GB
3271,10842,64GB
3272,10843,16GB
3273,10843,32GB
3274,10844,16GB
3275,10844,32GB
3276,10700,16GB
3277,10700,32GB
3278,10700,64GB
3279,10624,128GB
3280,10624,64GB
3281,10584,16GB
3282,10575,4GB
3283,10576,4GB
3284,10588,64GB
3285,10547,16GB
3286,10532,128MB
3287,10533,128MB
3288,10404,32GB
3289,10404,64GB
3290,10460,32GB
3291,10460,64GB
3292,10351,16GB
3293,10351,32GB
3294,10273,64GB
3295,10275,16GB
3296,10275,32GB
3297,10274,16GB
3298,10274,32GB
3299,10241,4MB
3300,10240,4MB
3301,10142,128GB
3302,10142,64GB
3303,10117,128GB
3304,10117,64GB
3305,10143,16GB
3306,10144,16MB
3307,10131,16GB
3308,9993,16GB
3309,9988,32GB
3310,9833,128GB
3311,9833,64GB
3312,9834,128GB
3313,9834,32GB
3314,9834,64GB
3315,9835,4GB
3316,9835,512MB
3317,10910,4GB
3318,10910,512MB
3319,9836,4GB
3320,9836,512MB
3321,9774,24MB
3322,9845,4MB
3323,9773,4MB
3324,9737,32GB
3325,9736,32GB
3326,9731,16GB
3327,9731,32GB
3328,9652,128GB
3329,9652,64GB
3330,8867,128GB
3331,9603,16GB
3332,9603,32GB
3333,10619,16GB
3334,9604,16GB
3335,9604,32GB
3336,9604,64GB
3337,9538,16GB
3338,9538,8GB
3339,9606,16MB
3340,9342,128GB
3341,9342,64GB
3342,9405,4MB
3343,9364,16GB
3344,9364,32GB
3345,9354,32GB
3346,9354,64GB
3347,9178,32GB
3348,9178,64GB
3349,9246,32GB
3350,9246,64GB
3351,9214,16GB
3352,9214,32GB
3353,9215,16GB
3354,9215,32GB
3355,9216,8GB
3356,9089,4GB
3357,9087,128GB
3358,9058,64GB
3359,8972,32GB
3360,8972,64GB
3361,9052,8GB
3362,9046,512MB
3363,8513,8GB
3364,8907,64GB
3365,8876,64MB
3366,8522,128GB
3367,8522,64GB
3368,8770,4MB
3369,8769,8MB
3370,8572,16GB
3371,8571,16GB
3372,6885,32GB
3373,6885,64GB
3374,8597,16MB
3375,8475,
3376,8343,
3377,7772,
3378,7771,
3379,7517,
3380,7516,
3381,7272,
3382,7271,
3383,6910,
3384,6911,
3385,6877,8GB
3386,6814,32GB
3387,6640,8GB
3388,6639,8GB
3389,6638,16GB
3390,6571,
3391,6570,
3392,6524,4GB
3393,6523,4GB
3394,6383,4GB
3395,6288,
3396,6287,
3397,6227,32GB
3398,6254,512MB
3399,6254,8GB
3400,6255,8GB
3401,6232,8GB
3402,6148,4GB
3403,6147,4GB
3404,6067,4GB
3405,6149,
3406,6150,
3407,5833,32GB
3408,5869,8GB
3409,5760,16GB
3410,5760,32GB
3411,5791,8GB
3412,5702,32GB
3413,5796,
3414,5794,
3415,5795,
3416,5793,
3417,5792,
3418,5703,
3419,5663,256MB
3420,5636,
3421,5635,384
3422,5438,8GB
3423,5506,32GB
3424,5506,64GB
3425,5560,256MB
3426,5559,256MB
3427,5451,16GB
3428,5451,32GB
3429,5437,32GB
3430,5445,128MB
3431,5417,64MB
3432,5321,8GB
3433,5322,8GB
3434,5323,256MB
3435,5324,384
3436,5324,8MB
3437,5324,kB
3438,5291,128MB
3439,5291,20MB
3440,5150,4GB
3441,5147,8GB
3442,5145,16MB
3443,5138,64MB
3444,5137,64MB
3445,5096,64MB
3446,5090,16GB
3447,5069,4GB
3448,5024,8GB
3449,5009,128MB
3450,5009,20MB
3451,5010,128MB
3452,5010,20MB
3453,4967,32GB
3454,4968,8GB
3455,4802,140MB
3456,4802,256MB
3457,4801,10MB
3458,4801,64MB
3459,4800,10MB
3460,4800,64MB
3461,4758,16MB
3462,4757,16MB
3463,4756,10MB
3464,4755,10MB
3465,4695,8GB
3466,4690,
3467,4577,16GB
3468,4662,16GB
3469,4576,8GB
3470,4546,100MB
3471,4546,256MB
3472,4579,10MB
3473,4579,32MB
3474,4580,10MB
3475,4580,32MB
3476,4578,16GB
3477,4275,16GB
3478,4391,8GB
3479,4354,10MB
3480,4354,64MB
3481,4240,16GB
3482,4372,8GB
3483,4276,8GB
3484,4278,170MB
3485,4278,256MB
3486,4279,140MB
3487,4279,256MB
3488,4280,10MB
3489,4280,64MB
3490,4281,10MB
3491,4281,64MB
3492,4243,1GB
3493,4243,2GB
3494,4241,64MB
3495,4242,64MB
3496,4220,256MB
3497,4220,40MB
3498,4223,256MB
3499,4223,40MB
3500,4222,256MB
3501,4222,60MB
3502,4121,
3503,4120,
3504,4119,8GB
3505,4021,2GB
3506,4118,2GB
3507,4113,128MB
3508,4113,140MB
3509,4085,2GB
3510,3398,16GB
3511,3398,64GB
3512,4019,270MB
3513,4019,512MB
3514,3931,10MB
3515,3995,10MB
3516,3996,10MB
3517,4020,8GB
3518,3915,1GB
3519,3915,290MB
3520,3997,
3521,3961,8GB
3522,3962,
3523,3664,1GB
3524,3717,8GB
3525,3885,8GB
3526,3853,
3527,3610,128MB
3528,3610,55MB
3529,3638,128MB
3530,3638,43MB
3531,3578,40MB
3532,3545,16GB
3533,3524,1GB
3534,3524,340MB
3535,3394,8GB
3536,3525,128MB
3537,3525,30MB
3538,3477,51MB
3539,3479,128MB
3540,3479,256MB
3541,3397,8GB
3542,3396,200MB
3543,3390,70MB
3544,3348,250MB
3545,3367,64MB
3546,3366,10MB
3547,3366,64MB
3548,3365,10MB
3549,3365,64MB
3550,3364,
3551,3252,16GB
3552,3304,128MB
3553,3304,48MB
3554,3229,240MB
3555,3198,250MB
3556,3269,128MB
3557,3269,55MB
3558,3122,50MB
3559,3285,256MB
3560,3286,256MB
3561,3121,55MB
3562,3041,30MB
3563,3109,16GB
3564,10792,32GB
3565,10792,64GB
3566,12771,1TB
3567,12771,256GB
3568,12771,512GB
3569,12772,256GB
3570,12772,512GB
3571,12773,128GB
3572,12773,256GB
3573,12773,512GB
3574,12784,128GB
3575,12785,128GB
3576,12785,256GB
3577,12555,128GB
3578,12555,256GB
3579,12638,128GB
3580,12638,256GB
3581,12637,128GB
3582,12637,256GB
3583,12617,128GB
3584,12617,64GB
3585,12616,128GB
3586,12616,64GB
3587,12520,128GB
3588,12520,256GB
3589,12609,128GB
3590,12609,256GB
3591,12517,128GB
3592,12517,256GB
3593,12584,128GB
3594,12584,64GB
3595,12583,128GB
3596,12583,64GB
3597,12453,128GB
3598,12418,
3599,12252,
3600,12217,1TB
3601,12217,256GB
3602,12217,512GB
3603,12440,256GB
3604,12440,512GB
3605,12439,128GB
3606,12439,256GB
3607,12438,16GB
3608,12437,16GB
3609,11290,128GB
3610,12239,256GB
3611,12176,128GB
3612,12175,128GB
3613,12189,128GB
3614,12189,256GB
3615,12070,128GB
3616,12070,256GB
3617,12074,128GB
3618,12074,256GB
3619,12160,128GB
3620,12160,64GB
3621,12024,1TB
3622,12024,256GB
3623,12024,512GB
3624,12083,256GB
3625,12083,512GB
3626,12082,128GB
3627,12082,256GB
3628,12082,512GB
3629,12151,128GB
3630,12151,64GB
3631,12004,128GB
3632,12004,64GB
3633,12054,64GB
3634,12022,128GB
3635,12022,64GB
3636,11988,32GB
3637,11988,64GB
3638,11945,128GB
3639,11945,32GB
3640,11945,64GB
3641,11840,128GB
3642,11840,64GB
3643,11803,128GB
3644,11803,32GB
3645,11803,64GB
3646,11817,128GB
3647,11817,32GB
3648,11817,64GB
3649,11737,
3650,11538,
3651,11749,16GB
3652,11748,16GB
3653,11736,128GB
3654,11736,64GB
3655,11633,128GB
3656,11633,64GB
3657,11654,128GB
3658,11654,64GB
3659,11665,128GB
3660,11665,32GB
3661,11665,64GB
3662,11600,128GB
3663,11624,128GB
3664,11624,64GB
3665,11564,128GB
3666,11564,64GB
3667,11524,128GB
3668,11524,64GB
3669,11439,128GB
3670,11439,256GB
3671,11459,128GB
3672,11257,128GB
3673,11257,256GB
3674,11268,128GB
3675,11268,256GB
3676,11429,128GB
3677,11429,256GB
3678,11406,128GB
3679,11404,128GB
3680,11403,128GB
3681,11403,64GB
3682,11373,128GB
3683,11373,64GB
3684,11402,128GB
3685,11402,32GB
3686,11402,64GB
3687,11251,128GB
3688,11251,1TB
3689,11251,256GB
3690,11251,512GB
3691,11252,128GB
3692,11252,256GB
3693,11253,128GB
3694,11253,256GB
3695,11274,128GB
3696,11274,256GB
3697,11274,512GB
3698,11342,128GB
3699,11342,256GB
3700,11342,512GB
3701,11343,128GB
3702,11343,256GB
3703,10954,128GB
3704,10954,256GB
3705,11265,128GB
3706,11265,32GB
3707,11265,64GB
3708,11149,128GB
3709,11149,64GB
3710,11244,128GB
3711,11244,32GB
3712,11244,64GB
3713,11215,32GB
3714,11124,128GB
3715,11110,128GB
3716,11011,128GB
3717,11011,64GB
3718,11062,128GB
3719,10937,32GB
3720,10937,64GB
3721,11039,128GB
3722,11039,256GB
3723,10906,
3724,11044,
3725,11046,16GB
3726,11045,16GB
3727,11087,128GB
3728,11087,64GB
3729,11041,128GB
3730,11041,32GB
3731,11041,64GB
3732,11015,128GB
3733,11015,64GB
3734,10996,128GB
3735,10996,64GB
3736,10887,
3737,10873,128GB
3738,10873,64GB
3739,10948,128GB
3740,10948,64GB
3741,10933,32GB
3742,10933,64GB
3743,10922,128GB
3744,10922,256GB
3745,10922,64GB
3746,10900,128GB
3747,10848,128GB
3748,10860,128GB
3749,10860,32GB
3750,10860,64GB
3751,10850,128GB
3752,10825,128GB
3753,10825,64GB
3754,10824,32GB
3755,10824,64GB
3756,10469,128GB
3757,10469,256GB
3758,10631,128GB
3759,10631,256GB
3760,10641,128GB
3761,10641,256GB
3762,10718,64GB
3763,10753,128GB
3764,10753,64GB
3765,10749,128GB
3766,10749,256GB
3767,10740,128GB
3768,10578,128GB
3769,10578,64GB
3770,10596,128GB
3771,10596,256GB
3772,10596,512GB
3773,10625,128GB
3774,10625,256GB
3775,10626,128GB
3776,10626,256GB
3777,10648,128GB
3778,10648,64GB
3779,10663,32GB
3780,10663,64GB
3781,10604,128GB
3782,10604,32GB
3783,10604,64GB
3784,10709,32GB
3785,10708,32GB
3786,10708,64GB
3787,10603,16GB
3788,10603,32GB
3789,10603,64GB
3790,10580,128GB
3791,10580,64GB
3792,10496,128GB
3793,10498,128GB
3794,10498,64GB
3795,10476,128GB
3796,10476,64GB
3797,10377,128GB
3798,10377,256GB
3799,10428,128GB
3800,10428,256GB
3801,10412,128GB
3802,10411,32GB
3803,10411,64GB
3804,10148,128GB
3805,10371,128GB
3806,10342,
3807,10261,128GB
3808,10261,256GB
3809,10261,512GB
3810,10355,256GB
3811,10355,512GB
3812,10325,128GB
3813,10325,256GB
3814,10338,256GB
3815,10315,4GB
3816,10315,8GB
3817,10336,128GB
3818,10336,256GB
3819,10336,512GB
3820,10337,128GB
3821,10337,256GB
3822,10337,512GB
3823,10244,
3824,10333,128GB
3825,10335,32GB
3826,10316,16GB
3827,10316,32GB
3828,10314,16GB
3829,10314,32GB
3830,10276,128GB
3831,10216,32GB
3832,10239,128GB
3833,10239,32GB
3834,10239,64GB
3835,10208,16GB
3836,10243,128GB
3837,10146,128GB
3838,10157,128GB
3839,10172,32GB
3840,10483,32GB
3841,10158,128GB
3842,10158,64GB
3843,10124,32GB
3844,10124,64GB
3845,10149,128GB
3846,10149,64GB
3847,10138,64GB
3848,10111,128GB
3849,10111,64GB
3850,10132,32GB
3851,10132,64GB
3852,10079,128GB
3853,10079,64GB
3854,10040,128GB
3855,10040,256GB
3856,10040,512GB
3857,10084,128GB
3858,10084,512GB
3859,10041,128GB
3860,10041,256GB
3861,10041,512GB
3862,10080,128GB
3863,10254,128GB
3864,10044,128GB
3865,10081,128GB
3866,10054,
3867,10004,128GB
3868,10001,64GB
3869,10003,128GB
3870,9917,128GB
3871,9917,512GB
3872,9999,16GB
3873,9999,32GB
3874,9995,128GB
3875,9963,128GB
3876,9963,256GB
3877,9963,64GB
3878,9937,64GB
3879,9899,128GB
3880,9852,32GB
3881,9852,64GB
3882,9818,128GB
3883,9818,64GB
3884,9861,32GB
3885,9851,
3886,9523,
3887,9850,64GB
3888,9795,128GB
3889,9796,128GB
3890,9796,32GB
3891,9796,64GB
3892,9806,128GB
3893,9806,64GB
3894,9787,256GB
3895,9787,512GB
3896,9732,256GB
3897,9732,512GB
3898,9789,256GB
3899,9788,256GB
3900,9784,4GB
3901,9786,4GB
3902,9793,32GB
3903,9790,32GB
3904,9781,128GB
3905,9781,256GB
3906,9781,64GB
3907,9760,32GB
3908,9760,64GB
3909,9730,32GB
3910,9636,16GB
3911,9636,8GB
3912,9589,4GB
3913,9672,64GB
3914,9588,256GB
3915,9588,512GB
3916,9535,128GB
3917,9535,1TB
3918,9535,512GB
3919,9536,128GB
3920,9536,512GB
3921,9537,128GB
3922,9537,256GB
3923,9721,128GB
3924,9721,64GB
3925,9505,128GB
3926,9505,32GB
3927,9505,64GB
3928,9506,32GB
3929,9506,64GB
3930,9508,16GB
3931,9508,32GB
3932,9659,128GB
3933,9646,128GB
3934,9616,128GB
3935,9616,64GB
3936,9554,128GB
3937,9554,64GB
3938,9642,128GB
3939,9642,64GB
3940,9579,32GB
3941,9579,64GB
3942,9661,32GB
3943,9640,32GB
3944,9580,32GB
3945,9581,128GB
3946,9581,64GB
3947,9582,128GB
3948,9582,16GB
3949,9582,32GB
3950,9582,64GB
3951,9651,32GB
3952,9264,32GB
3953,9665,32GB
3954,9262,256GB
3955,9262,64GB
3956,9263,32GB
3957,9432,128GB
3958,9352,128GB
3959,9352,64GB
3960,9344,128GB
3961,9344,64GB
3962,9340,128GB
3963,9340,64GB
3964,9163,128GB
3965,9163,512GB
3966,9289,4GB
3967,9334,32GB
3968,9334,64GB
3969,9397,16GB
3970,9335,16GB
3971,9335,32GB
3972,9255,16GB
3973,9255,8GB
3974,9260,32GB
3975,9260,64GB
3976,9234,16GB
3977,9234,32GB
3978,8928,16GB
3979,9220,64GB
3980,9202,64GB
3981,9205,32GB
3982,9205,64GB
3983,9203,32GB
3984,9203,64GB
3985,9204,16GB
3986,9204,32GB
3987,9156,32GB
3988,9156,64GB
3989,9155,32GB
3990,9155,64GB
3991,9153,32GB
3992,9135,32GB
3993,8967,128GB
3994,8967,256GB
3995,8967,64GB
3996,8966,128GB
3997,8966,256GB
3998,8966,64GB
3999,8904,16GB
4000,8790,32GB
4001,8790,64GB
4002,8886,32GB
4003,8886,64GB
4004,8900,8GB
4005,8897,16GB
4006,8725,16GB
4007,8725,32GB
4008,8789,32GB
4009,8839,4GB
4010,8505,128GB
4011,8505,256GB
4012,8505,64GB
4013,8676,64GB
4014,8778,16GB
4015,8683,64GB
4016,8684,32GB
4017,8675,16GB
4018,8561,16GB
4019,8561,32GB
4020,8561,64GB
4021,8705,16GB
4022,8705,32GB
4023,8438,16GB
4024,9331,16GB
4025,9331,32GB
4026,8682,8GB
4027,8161,64GB
4028,8523,128GB
4029,8523,64GB
4030,8627,4GB
4031,8437,64GB
4032,8577,16GB
4033,8554,128GB
4034,8554,32GB
4035,8397,8GB
4036,8486,16GB
4037,8435,64GB
4038,8335,32GB
4039,8494,32GB
4040,8494,64GB
4041,8336,16GB
4042,8385,16GB
4043,8385,8GB
4044,8424,16GB
4045,8424,8GB
4046,8347,64GB
4047,7801,32GB
4048,8367,16GB
4049,8265,32GB
4050,8309,4GB
4051,8308,4GB
4052,8307,4GB
4053,8342,16GB
4054,8342,32GB
4055,8314,16GB
4056,8314,32GB
4057,8314,64GB
4058,8288,8GB
4059,8242,64GB
4060,8082,64GB
4061,8140,16GB
4062,8192,16GB
4063,8227,8GB
4064,8186,8GB
4065,8228,16GB
4066,8083,8GB
4067,8170,8GB
4068,8455,8GB
4069,8004,32GB
4070,8126,16GB
4071,8046,32GB
4072,8046,64GB
4073,8047,32GB
4074,8047,64GB
4075,7903,32GB
4076,7870,16GB
4077,7869,16GB
4078,8090,16GB
4079,8090,32GB
4080,7880,8GB
4081,7821,32GB
4082,7821,64GB
4083,7945,128GB
4084,7945,32GB
4085,7945,64GB
4086,7961,32GB
4087,7960,32GB
4088,7768,8GB
4089,7934,4GB
4090,7879,16GB
4091,7864,8GB
4092,7641,32GB
4093,7759,16GB
4094,7789,16GB
4095,7791,16GB
4096,8022,16GB
4097,7760,16GB
4098,7760,8GB
4099,7704,32GB
4100,7704,64GB
4101,7679,8GB
4102,7648,8GB
4103,7273,8GB
4104,7673,4GB
4105,7673,8GB
4106,7677,4GB
4107,7678,4GB
4108,7585,4GB
4109,7504,32GB
4110,7504,64GB
4111,7431,128GB
4112,7431,32GB
4113,7431,64GB
4114,7508,32GB
4115,7508,64GB
4116,7505,32GB
4117,7505,64GB
4118,7467,32GB
4119,7467,64GB
4120,7509,32GB
4121,7509,64GB
4122,6506,16GB
4123,7468,8GB
4124,7453,8GB
4125,7438,32GB
4126,7438,64GB
4127,7439,32GB
4128,7439,64GB
4129,7506,32GB
4130,7249,32GB
4131,7395,4GB
4132,8785,16GB
4133,8785,32GB
4134,7185,16GB
4135,7184,16GB
4136,7184,8GB
4137,6980,16GB
4138,7295,16GB
4139,7295,8GB
4140,7794,
4141,7751,
4142,7119,256MB
4143,7114,32GB
4144,7114,64GB
4145,7134,8GB
4146,7443,16GB
4147,7122,16GB
4148,7122,32GB
4149,8883,16GB
4150,7121,16GB
4151,7121,32GB
4152,6990,8GB
4153,7166,128GB
4154,7166,32GB
4155,7166,64GB
4156,7164,128GB
4157,7164,32GB
4158,7164,64GB
4159,7079,128GB
4160,7079,32GB
4161,7079,64GB
4162,7377,128GB
4163,7377,32GB
4164,7377,64GB
4165,6849,128GB
4166,6849,32GB
4167,6849,64GB
4168,7034,4GB
4169,7357,8GB
4170,6907,4GB
4171,7110,8GB
4172,6894,4GB
4173,7132,16GB
4174,6763,16GB
4175,6905,16GB
4176,6879,16GB
4177,6906,16GB
4178,6716,8GB
4179,6802,16GB
4180,6761,16GB
4181,6803,16GB
4182,6762,16GB
4183,6748,16GB
4184,6748,32GB
4185,4881,4GB
4186,6725,4GB
4187,6790,8GB
4188,6708,8GB
4189,6706,8GB
4190,6631,32GB
4191,6631,64GB
4192,6749,16GB
4193,6758,32GB
4194,6434,32GB
4195,6658,16GB
4196,6659,16GB
4197,6482,16GB
4198,6620,4GB
4199,7715,4GB
4200,7714,4GB
4201,7717,4GB
4202,7716,4GB
4203,6576,16GB
4204,6576,32GB
4205,6580,32GB
4206,6573,32GB
4207,6563,16GB
4208,6542,16GB
4209,6662,4GB
4210,6651,
4211,6650,
4212,6969,16GB
4213,6534,4GB
4214,6391,4GB
4215,6252,16GB
4216,6478,4GB
4217,6479,4GB
4218,6480,4GB
4219,6481,4GB
4220,6331,4GB
4221,6460,16GB
4222,6450,16GB
4223,6450,32GB
4224,6435,16GB
4225,6435,32GB
4226,6439,16GB
4227,6439,32GB
4228,6235,16GB
4229,6235,32GB
4230,6438,16GB
4231,6438,32GB
4232,6432,8GB
4233,6433,16GB
4234,6404,16GB
4235,6403,16GB
4236,6356,16GB
4237,6210,8GB
4238,6328,
4239,6289,16GB
4240,6284,4GB
4241,6245,16GB
4242,6251,16GB
4243,6251,8GB
4244,6250,16GB
4245,6250,8GB
4246,6241,16GB
4247,6241,8GB
4248,6249,16GB
4249,6248,16GB
4250,6240,16GB
4251,6247,16GB
4252,6246,16GB
4253,6239,16GB
4254,6209,8GB
4255,6190,16GB
4256,6190,8GB
4257,6272,16GB
4258,6237,16GB
4259,6237,32GB
4260,6338,16GB
4261,6033,16GB
4262,6033,32GB
4263,6846,16GB
4264,6099,8GB
4265,6505,256MB
4266,6170,32MB
4267,6170,64MB
4268,6054,4GB
4269,6015,16GB
4270,5961,16GB
4271,5975,8GB
4272,5969,8GB
4273,5958,16GB
4274,5958,8GB
4275,5945,32GB
4276,5945,64GB
4277,5944,32GB
4278,5944,64GB
4279,6048,32GB
4280,6048,64GB
4281,5943,32GB
4282,5943,64GB
4283,5942,32GB
4284,5942,64GB
4285,6212,32GB
4286,6212,64GB
4287,5941,16GB
4288,5941,32GB
4289,5940,16GB
4290,5940,32GB
4291,6049,16GB
4292,6049,32GB
4293,5946,16GB
4294,5946,32GB
4295,5928,8GB
4296,5904,8GB
4297,5889,16GB
4298,5889,32GB
4299,5887,16GB
4300,5886,8GB
4301,5876,4GB
4302,5862,8GB
4303,5814,16GB
4304,5846,
4305,5803,8GB
4306,5542,16GB
4307,5542,32GB
4308,5786,8GB
4309,5766,32GB
4310,5841,4GB
4311,5842,4GB
4312,6216,4GB
4313,6213,4GB
4314,5749,4GB
4315,5677,16GB
4316,5677,32GB
4317,5677,64GB
4318,5665,16GB
4319,5665,32GB
4320,5665,64GB
4321,5634,28MB
4322,5597,4GB
4323,5599,256MB
4324,5548,16GB
4325,5447,8GB
4326,6785,4GB
4327,5479,
4328,5375,8GB
4329,5446,16GB
4330,5456,16GB
4331,5456,32GB
4332,5491,16GB
4333,5491,32GB
4334,5490,16GB
4335,5490,32GB
4336,5478,16GB
4337,5478,32GB
4338,5468,4GB
4339,5419,8GB
4340,5423,16GB
4341,5423,8GB
4342,5422,16GB
4343,5422,8GB
4344,5398,16GB
4345,5398,8GB
4346,5396,8GB
4347,5394,4GB
4348,5392,8GB
4349,5391,4GB
4350,5314,4GB
4351,5371,16GB
4352,5371,32GB
4353,5371,64GB
4354,5125,16GB
4355,5125,32GB
4356,5125,64GB
4357,5420,16GB
4358,5420,32GB
4359,5420,64GB
4360,5388,16GB
4361,5252,16GB
4362,5252,32GB
4363,5253,16GB
4364,5253,32GB
4365,5357,4GB
4366,5301,10MB
4367,5300,20MB
4368,5299,10MB
4369,5298,30MB
4370,5312,
4371,5362,
4372,5361,
4373,5280,4GB
4374,5279,4GB
4375,5271,4GB
4376,5271,8GB
4377,5263,4GB
4378,5221,8GB
4379,5213,8GB
4380,5163,8GB
4381,5162,8GB
4382,5059,
4383,5151,16GB
4384,5151,32GB
4385,5151,64GB
4386,5146,256MB
4387,5144,4GB
4388,5124,8GB
4389,5111,4GB
4390,5272,16GB
4391,5272,8GB
4392,5047,16GB
4393,5047,8GB
4394,5084,16GB
4395,5084,32GB
4396,5081,32GB
4397,5081,64GB
4398,5079,256MB
4399,5033,16GB
4400,5033,8GB
4401,5027,4GB
4402,5026,4GB
4403,5019,8GB
4404,5018,8GB
4405,4931,34MB
4406,5001,16GB
4407,4992,4GB
4408,4999,20MB
4409,4914,8GB
4410,4965,3GB
4411,4854,16GB
4412,4854,32GB
4413,4854,64GB
4414,5152,16GB
4415,4960,16GB
4416,4960,32GB
4417,4961,4GB
4418,4957,2GB
4419,4954,4GB
4420,4953,4GB
4421,4923,8GB
4422,4573,16GB
4423,4573,32GB
4424,4573,64GB
4425,4670,16GB
4426,4670,32GB
4427,4670,64GB
4428,4909,256MB
4429,4909,40MB
4430,4900,1.4GB
4431,4883,4GB
4432,5342,30MB
4433,5341,20MB
4434,5311,
4435,4919,
4436,4870,20MB
4437,4866,4GB
4438,4865,256MB
4439,4857,4GB
4440,5114,4GB
4441,4777,3GB
4442,4771,4GB
4443,4769,16GB
4444,4769,32GB
4445,4851,
4446,4753,36MB
4447,4754,1GB
4448,4752,16GB
4449,4750,4GB
4450,4750,8GB
4451,4745,8GB
4452,4804,16GB
4453,4804,32GB
4454,4803,16GB
4455,4799,16GB
4456,4799,32GB
4457,4238,16GB
4458,4238,32GB
4459,4238,64GB
4460,5343,
4461,4641,256MB
4462,4633,1632GB
4463,5461,4GB
4464,4612,3GB
4465,4566,8GB
4466,5592,16GB
4467,5592,8GB
4468,4669,16GB
4469,4669,32GB
4470,4669,8GB
4471,4567,16GB
4472,4567,32GB
4473,4564,4GB
4474,4660,16GB
4475,5340,4GB
4476,4559,4GB
4477,3883,4GB
4478,4548,
4479,4544,160MB
4480,4671,16GB
4481,4671,32GB
4482,4671,8GB
4483,4543,16GB
4484,4543,32GB
4485,4543,8GB
4486,4469,16GB
4487,4469,8GB
4488,4403,30MB
4489,4448,20MB
4490,4447,20MB
4491,4432,16GB
4492,4431,
4493,4420,3GB
4494,4419,16GB
4495,4419,32GB
4496,4406,32GB
4497,4415,4GB
4498,4414,
4499,4952,16GB
4500,4374,16GB
4501,4401,4GB
4502,4397,3GB
4503,4387,16GB
4504,4385,512MB
4505,4371,512MB
4506,4380,40MB
4507,4405,256MB
4508,4350,2GB
4509,4344,2GB
4510,5556,
4511,4337,
4512,4336,
4513,4158,16GB
4514,4158,32GB
4515,4159,8GB
4516,4303,16GB
4517,4217,20MB
4518,4277,1GB
4519,4271,38MB
4520,4218,28MB
4521,4301,32GB
4522,4219,16GB
4523,4327,16GB
4524,4262,4GB
4525,4284,125MB
4526,4071,8GB
4527,4239,260MB
4528,4270,952MB
4529,4667,16GB
4530,4667,32GB
4531,4208,16GB
4532,4208,32GB
4533,4200,8GB
4534,4198,16GB
4535,4096,80MB
4536,4668,16GB
4537,4668,32GB
4538,4668,64GB
4539,4136,16GB
4540,4136,32GB
4541,4136,64GB
4542,4135,16GB
4543,4135,32GB
4544,4130,16GB
4545,4130,32GB
4546,4468,16GB
4547,4129,16GB
4548,4129,32GB
4549,3956,16GB
4550,4126,4GB
4551,4054,150MB
4552,4127,150MB
4553,4376,16GB
4554,4124,16GB
4555,4125,16GB
4556,4125,32GB
4557,4114,2GB
4558,4115,
4559,4116,160MB
4560,4694,180MB
4561,4117,180MB
4562,4123,115MB
4563,3437,
4564,4191,108MB
4565,4100,100MB
4566,4091,150MB
4567,4059,16GB
4568,3967,8GB
4569,4269,
4570,4283,256MB
4571,4026,1GB
4572,4058,
4573,4039,100MB
4574,3991,
4575,3969,150MB
4576,3968,1GB
4577,4274,8MB
4578,4056,120MB
4579,4034,
4580,4093,50MB
4581,4055,
4582,3941,45MB
4583,3992,
4584,3940,20MB
4585,3939,
4586,3908,16GB
4587,3908,8GB
4588,3986,20MB
4589,3921,30MB
4590,3993,43MB
4591,4611,47MB
4592,3927,512MB
4593,3916,117MB
4594,3913,4GB
4595,3920,16GB
4596,3910,16GB
4597,3904,4MB
4598,3919,16GB
4599,3892,16GB
4600,3892,32GB
4601,3892,64GB
4602,4069,16GB
4603,4069,32GB
4604,3894,16GB
4605,3894,32GB
4606,3894,64GB
4607,3891,16GB
4608,3891,32GB
4609,3891,64GB
4610,3893,16GB
4611,3893,32GB
4612,3893,64GB
4613,3884,16GB
4614,3878,256MB
4615,3765,26MB
4616,3850,
4617,3621,16GB
4618,3621,32GB
4619,3844,50MB
4620,3845,50MB
4621,3838,816GB
4622,3831,1632GB
4623,3778,100MB
4624,3729,20MB
4625,4030,36MB
4626,3766,36MB
4627,3836,4MB
4628,3761,16GB
4629,3761,4GB
4630,4664,158MB
4631,3724,158MB
4632,3726,160MB
4633,3741,158MB
4634,3725,160MB
4635,3879,164MB
4636,3719,1GB
4637,3718,30MB
4638,3705,16GB
4639,3774,
4640,3733,2GB
4641,3620,16GB
4642,3736,16GB
4643,3634,60MB
4644,3767,90MB
4645,3668,50MB
4646,3625,16GB
4647,3617,256MB
4648,3616,256MB
4649,3665,
4650,3738,124MB
4651,3753,135MB
4652,3618,
4653,3615,2GB
4654,4396,54MB
4655,3588,54MB
4656,3586,
4657,3742,351KB
4658,3743,597KB
4659,3744,42MB
4660,3745,8MB
4661,3746,104MB
4662,3747,85MB
4663,3748,
4664,3749,
4665,3453,8GB
4666,3537,816GB
4667,3547,100MB
4668,3536,2GB
4669,3768,1.7GB
4670,3672,16GB
4671,3370,16GB
4672,3370,32GB
4673,3673,2GB
4674,3769,2GB
4675,3582,100MB
4676,3671,100MB
4677,3614,
4678,3487,16GB
4679,3752,100MB
4680,3750,
4681,3584,8GB
4682,3580,2GB
4683,3581,512MB
4684,3579,42MB
4685,3515,160MB
4686,3531,165MB
4687,3415,30MB
4688,4638,40MB
4689,4087,37MB
4690,3493,90MB
4691,3490,8GB
4692,3448,
4693,3368,40MB
4694,3482,64MB
4695,3492,2GB
4696,3416,16GB
4697,3467,512MB
4698,3336,50MB
4699,3335,70MB
4700,3334,50MB
4701,3333,42MB
4702,3408,16GB
4703,3401,200MB
4704,3402,220MB
4705,3433,24MB
4706,3433,64MB
4707,3450,
4708,3434,256MB
4709,3410,512MB
4710,3430,
4711,3429,
4712,3435,100MB
4713,3436,123MB
4714,3438,
4715,3928,50MB
4716,3399,100MB
4717,3400,100MB
4718,3371,170MB
4719,3432,512MB
4720,3395,512MB
4721,3362,270MB
4722,3355,70MB
4723,3346,30MB
4724,3319,
4725,3418,16GB
4726,3294,1GB
4727,3115,16GB
4728,3115,8GB
4729,3234,50MB
4730,3002,180MB
4731,3332,16MB
4732,3273,
4733,3272,79MB
4734,3047,50MB
4735,3243,83MB
4736,3232,80MB
4737,3231,190MB
4738,3146,390MB
4739,3150,16GB
4740,3151,45MB
4741,3091,50MB
4742,3152,40MB
4743,3148,13MB
4744,3149,40MB
4745,3117,200MB
4746,3074,110MB
4747,3085,44MB
4748,3194,
4749,3086,100MB
4750,3018,30MB
4751,3084,15MB
4752,3048,80MB
4753,3441,128MB
4754,3441,94MB
4755,3442,124MB
4756,7270,
4757,12534,128GB
4758,12534,256GB
4759,12263,256GB
4760,12263,512GB
4761,12264,128GB
4762,11838,128GB
4763,11838,256GB
4764,11521,256GB
4765,11521,512GB
4766,11522,128GB
4767,11174,512GB
4768,11064,64GB
4769,10712,256GB
4770,10712,512GB
4771,10851,128GB
4772,10851,256GB
4773,10698,128GB
4774,10698,256GB
4775,10707,512GB
4776,10396,128GB
4777,10396,256GB
4778,10096,256GB
4779,10095,128GB
4780,10095,64GB
4781,10091,64GB
4782,9840,128GB
4783,9543,128GB
4784,9543,64GB
4785,9591,64GB
4786,9353,64GB
4787,9592,32GB
4788,9268,32GB
4789,9268,64GB
4790,9232,64GB
4791,9166,64GB
4792,9081,64GB
4793,9082,64GB
4794,8985,32GB
4795,8985,64GB
4796,8986,32GB
4797,8987,32GB
4798,8922,16GB
4799,8922,32GB
4800,8804,64GB
4801,8840,32GB
4802,8610,32GB
4803,8619,16GB
4804,8599,32GB
4805,8599,64GB
4806,8593,64GB
4807,8595,32GB
4808,8595,64GB
4809,8596,32GB
4810,8292,32GB
4811,8313,32GB
4812,8313,64GB
4813,8113,16GB
4814,8102,16GB
4815,7949,32GB
4816,7949,64GB
4817,7948,32GB
4818,7948,64GB
4819,7957,16GB
4820,7950,16GB
4821,7538,32GB
4822,7536,32GB
4823,7537,32GB
4824,7534,32GB
4825,7535,32GB
4826,7465,16GB
4827,7464,16GB
4828,7466,16GB
4829,7463,16GB
4830,7296,32GB
4831,7257,32GB
4832,6878,32GB
4833,7228,16GB
4834,7227,16GB
4835,7100,16GB
4836,7100,8GB
4837,7068,16GB
4838,7068,8GB
4839,7238,32GB
4840,7069,32GB
4841,7059,8GB
4842,7060,8GB
4843,7031,8GB
4844,6882,8GB
4845,6663,4GB
4846,6634,4GB
4847,6633,16GB
4848,6632,16GB
4849,6632,32GB
4850,6796,32GB
4851,6539,16GB
4852,6539,32GB
4853,6582,8GB
4854,6538,16GB
4855,6489,8GB
4856,6488,8GB
4857,6456,16GB
4858,6408,8GB
4859,7691,4GB
4860,7719,
4861,6146,8GB
4862,6162,8GB
4863,6145,16GB
4864,6161,16GB
4865,6161,32GB
4866,6144,16GB
4867,5967,4GB
4868,5966,4GB
4869,5968,8GB
4870,5965,8GB
4871,5950,32GB
4872,5753,16GB
4873,5596,16GB
4874,5540,16GB
4875,5541,4GB
4876,5497,4GB
4877,5421,8GB
4878,5363,8GB
4879,5364,8GB
4880,5326,16GB
4881,5326,32GB
4882,5255,16GB
4883,5204,16GB
4884,5203,16GB
4885,5148,4GB
4886,5149,4GB
4887,5015,16GB
4888,4993,16GB
4889,4993,32GB
4890,4993,64GB
4891,4913,16GB
4892,4913,32GB
4893,4913,64GB
4894,4958,8GB
4895,4930,4GB
4896,4959,16GB
4897,4899,16GB
4898,4894,32GB
4899,4832,2.9GB
4900,4718,2.9GB
4901,4831,4GB
4902,4782,8GB
4903,4781,16GB
4904,4775,4GB
4905,4774,16GB
4906,4773,11GB
4907,4772,11GB
4908,4647,1GB
4909,4408,8GB
4910,4437,8GB
4911,4436,16GB
4912,4369,32GB
4913,4798,13.2GB
4914,4412,16GB
4915,4648,
4916,4139,
4917,4138,
4918,4137,
4919,4734,
4920,7022,
4921,6958,
4922,6957,
4923,6384,
4924,5336,
4925,12749,256GB
4926,12749,512GB
4927,12750,128GB
4928,12750,256GB
4929,12572,256GB
4930,12572,512GB
4931,12581,128GB
4932,12581,256GB
4933,12581,512GB
4934,12776,128GB
4935,12776,256GB
4936,12717,256GB
4937,12717,512GB
4938,12723,256GB
4939,12723,512GB
4940,12779,256GB
4941,12779,512GB
4942,12737,128GB
4943,12737,256GB
4944,12735,128GB
4945,12726,128GB
4946,12726,256GB
4947,12714,1TB
4948,12714,256GB
4949,12714,512GB
4950,12715,1TB
4951,12715,256GB
4952,12715,512GB
4953,12716,1TB
4954,12716,256GB
4955,12716,512GB
4956,12711,
4957,12697,256GB
4958,12689,128GB
4959,12689,256GB
4960,12684,128GB
4961,12684,256GB
4962,12643,
4963,12626,
4964,12388,1TB
4965,12388,256GB
4966,12388,512GB
4967,12389,256GB
4968,12587,32GB
4969,12582,128GB
4970,12582,256GB
4971,12466,128GB
4972,12466,256GB
4973,12470,1TB
4974,12470,256GB
4975,12470,512GB
4976,12468,
4977,12463,1TB
4978,12463,256GB
4979,12463,512GB
4980,12452,128GB
4981,12452,256GB
4982,12452,64GB
4983,12449,
4984,12446,128GB
4985,12446,256GB
4986,12392,128GB
4987,12392,256GB
4988,12245,256GB
4989,12328,128GB
4990,12328,256GB
4991,12298,128GB
4992,12298,256GB
4993,12298,512GB
4994,12134,1TB
4995,12134,256GB
4996,12134,512GB
4997,12257,256GB
4998,12257,512GB
4999,12258,256GB
5000,12236,1TB
5001,12236,256GB
5002,12236,512GB
5003,12238,128GB
5004,12238,256GB
5005,12238,512GB
5006,12237,128GB
5007,12237,256GB
5008,12215,128GB
5009,12215,64GB
5010,12218,128GB
5011,12218,256GB
5012,12218,64GB
5013,12209,128GB
5014,12209,256GB
5015,12181,1TB
5016,12181,256GB
5017,12181,512GB
5018,12197,128GB
5019,12197,32GB
5020,12197,64GB
5021,12124,32GB
5022,12124,64GB
5023,12188,128GB
5024,12188,256GB
5025,12188,64GB
5026,11962,
5027,12013,
5028,12072,128GB
5029,12072,256GB
5030,12126,128GB
5031,12126,64GB
5032,12094,128GB
5033,12094,256GB
5034,12092,128GB
5035,12092,256GB
5036,12063,128GB
5037,12063,256GB
5038,12053,32GB
5039,12045,128GB
5040,12045,256GB
5041,12046,
5042,12047,128GB
5043,12047,256GB
5044,12047,512GB
5045,11975,
5046,12048,
5047,12023,
5048,12051,128GB
5049,12051,32GB
5050,12051,64GB
5051,11953,256GB
5052,11954,256GB
5053,11955,128GB
5054,11955,256GB
5055,11956,128GB
5056,11956,256GB
5057,11887,128GB
5058,11887,256GB
5059,11888,128GB
5060,11888,256GB
5061,11911,128GB
5062,11911,64GB
5063,11904,128GB
5064,11909,32GB
5065,11906,128GB
5066,11906,256GB
5067,11855,128GB
5068,11855,64GB
5069,11834,128GB
5070,11834,64GB
5071,11848,32GB
5072,11832,128GB
5073,11832,256GB
5074,11832,64GB
5075,11850,128GB
5076,11850,64GB
5077,11869,128GB
5078,11869,64GB
5079,11819,128GB
5080,11819,64GB
5081,11762,128GB
5082,11762,64GB
5083,11760,
5084,11580,128GB
5085,11580,256GB
5086,11580,512GB
5087,11758,
5088,11759,128GB
5089,11759,256GB
5090,11759,512GB
5091,11653,128GB
5092,11653,256GB
5093,11472,128GB
5094,11472,256GB
5095,11614,256GB
5096,11614,512GB
5097,11651,
5098,11645,
5099,11652,128GB
5100,11652,256GB
5101,11627,128GB
5102,11627,256GB
5103,11626,128GB
5104,11626,256GB
5105,11468,32GB
5106,11468,64GB
5107,11549,128GB
5108,11549,256GB
5109,11549,512GB
5110,11550,128GB
5111,11550,256GB
5112,11550,512GB
5113,11551,128GB
5114,11519,128GB
5115,11519,64GB
5116,11427,128GB
5117,11427,64GB
5118,11479,128GB
5119,11479,256GB
5120,11495,
5121,11487,128GB
5122,11487,256GB
5123,11486,128GB
5124,11453,128GB
5125,11453,256GB
5126,11453,512GB
5127,11454,128GB
5128,11454,256GB
5129,11455,256GB
5130,11449,128GB
5131,11449,32GB
5132,11449,64GB
5133,11419,128GB
5134,11419,64GB
5135,11425,128GB
5136,11425,64GB
5137,11180,128GB
5138,11180,256GB
5139,11372,128GB
5140,11372,256GB
5141,11372,512GB
5142,11430,128GB
5143,11430,256GB
5144,11430,512GB
5145,11431,128GB
5146,11431,256GB
5147,11287,128GB
5148,11287,256GB
5149,11285,128GB
5150,11285,256GB
5151,11292,128GB
5152,11292,256GB
5153,11422,
5154,11424,128GB
5155,11424,64GB
5156,11418,128GB
5157,11418,64GB
5158,11412,128GB
5159,11412,256GB
5160,11412,64GB
5161,11395,128GB
5162,11395,256GB
5163,11396,128GB
5164,11371,128GB
5165,11371,256GB
5166,11371,64GB
5167,11388,128GB
5168,11388,256GB
5169,11388,64GB
5170,11362,128GB
5171,11362,256GB
5172,11357,128GB
5173,11357,64GB
5174,11333,128GB
5175,11333,64GB
5176,11334,128GB
5177,11334,64GB
5178,11335,128GB
5179,11335,64GB
5180,11336,128GB
5181,11336,64GB
5182,11186,128GB
5183,11186,256GB
5184,11185,128GB
5185,11185,256GB
5186,11293,
5187,11217,128GB
5188,11217,64GB
5189,11241,128GB
5190,11193,128GB
5191,11193,256GB
5192,11193,64GB
5193,11159,128GB
5194,11159,256GB
5195,11181,128GB
5196,11181,256GB
5197,11187,
5198,11182,
5199,11152,256GB
5200,11152,512GB
5201,11153,128GB
5202,11153,256GB
5203,11137,128GB
5204,11137,64GB
5205,11119,128GB
5206,11119,256GB
5207,11126,
5208,11129,128GB
5209,11129,64GB
5210,11128,32GB
5211,11134,32GB
5212,11134,64GB
5213,11127,128GB
5214,11127,64GB
5215,11100,128GB
5216,11100,256GB
5217,11099,128GB
5218,11099,256GB
5219,11101,128GB
5220,11101,256GB
5221,11079,128GB
5222,11079,64GB
5223,11060,128GB
5224,11060,64GB
5225,11043,128GB
5226,11043,256GB
5227,11042,128GB
5228,11042,256GB
5229,11040,128GB
5230,11040,256GB
5231,11040,512GB
5232,10949,128GB
5233,10949,256GB
5234,10886,128GB
5235,10886,256GB
5236,11008,128GB
5237,11008,64GB
5238,10977,
5239,10930,128GB
5240,10930,256GB
5241,10919,128GB
5242,10919,64GB
5243,10857,128GB
5244,10857,64GB
5245,10880,128GB
5246,10880,256GB
5247,10776,128GB
5248,10776,256GB
5249,10775,128GB
5250,10867,64GB
5251,10817,
5252,10737,256GB
5253,10737,512GB
5254,10816,128GB
5255,10816,256GB
5256,10777,128GB
5257,10777,256GB
5258,10815,128GB
5259,10815,256GB
5260,10815,64GB
5261,10665,128GB
5262,10665,64GB
5263,10805,128GB
5264,10805,256GB
5265,10805,512GB
5266,10714,128GB
5267,10714,256GB
5268,10802,128GB
5269,10802,256GB
5270,10758,128GB
5271,10758,256GB
5272,10780,128GB
5273,10780,256GB
5274,10662,128GB
5275,10662,256GB
5276,10662,64GB
5277,10768,128GB
5278,10768,256GB
5279,10768,64GB
5280,10769,128GB
5281,10769,64GB
5282,10247,128GB
5283,10247,64GB
5284,10770,128GB
5285,10770,64GB
5286,10771,128GB
5287,10771,64GB
5288,10752,256GB
5289,10727,128GB
5290,10727,256GB
5291,10728,128GB
5292,10728,256GB
5293,10661,128GB
5294,10661,64GB
5295,10670,128GB
5296,10670,64GB
5297,10615,128GB
5298,10656,
5299,10616,128GB
5300,10616,64GB
5301,10633,
5302,10582,128GB
5303,10582,256GB
5304,10581,128GB
5305,10581,256GB
5306,10581,64GB
5307,10609,128GB
5308,10609,256GB
5309,10610,
5310,10599,128GB
5311,10599,64GB
5312,10517,128GB
5313,10517,256GB
5314,10541,
5315,10482,32GB
5316,10482,64GB
5317,10437,128GB
5318,10437,256GB
5319,10473,128GB
5320,10480,128GB
5321,10480,64GB
5322,10481,
5323,10305,
5324,10591,32GB
5325,10399,128GB
5326,10399,64GB
5327,10434,128GB
5328,10434,64GB
5329,10461,128GB
5330,10461,64GB
5331,10415,128GB
5332,10415,64GB
5333,10398,128GB
5334,10398,64GB
5335,10361,128GB
5336,10361,256GB
5337,10361,512GB
5338,10349,128GB
5339,10349,256GB
5340,10349,512GB
5341,10353,128GB
5342,10353,64GB
5343,10350,128GB
5344,10350,256GB
5345,10318,128GB
5346,10318,64GB
5347,10279,128GB
5348,10279,32GB
5349,10279,64GB
5350,10277,128GB
5351,10277,32GB
5352,10277,64GB
5353,10278,128GB
5354,10278,32GB
5355,10278,64GB
5356,10233,128GB
5357,10233,32GB
5358,10233,64GB
5359,10267,128GB
5360,10267,256GB
5361,10266,128GB
5362,10266,256GB
5363,10266,64GB
5364,10202,128GB
5365,10200,128GB
5366,10200,256GB
5367,10220,128GB
5368,10220,256GB
5369,10235,128GB
5370,10217,128GB
5371,10217,64GB
5372,10192,128GB
5373,10192,64GB
5374,10183,128GB
5375,10183,64GB
5376,10207,128GB
5377,10207,256GB
5378,10207,64GB
5379,10159,128GB
5380,10159,256GB
5381,10159,64GB
5382,10150,128GB
5383,10150,256GB
5384,10150,512GB
5385,10140,128GB
5386,10140,256GB
5387,10147,128GB
5388,10147,64GB
5389,10126,128GB
5390,10126,64GB
5391,10120,128GB
5392,10120,64GB
5393,10109,256GB
5394,10109,512GB
5395,10110,128GB
5396,10110,256GB
5397,10055,256GB
5398,10055,512GB
5399,10082,128GB
5400,10082,256GB
5401,10169,32GB
5402,10078,32GB
5403,10078,64GB
5404,10050,128GB
5405,10050,256GB
5406,10050,64GB
5407,9991,128GB
5408,9991,256GB
5409,9991,64GB
5410,9979,128GB
5411,9979,256GB
5412,9979,64GB
5413,9946,128GB
5414,9946,32GB
5415,9946,64GB
5416,9945,256GB
5417,9936,128GB
5418,9936,256GB
5419,9935,128GB
5420,9935,256GB
5421,10014,
5422,9941,8GB
5423,9800,32GB
5424,9800,64GB
5425,9897,32GB
5426,9897,64GB
5427,9893,512GB
5428,9892,128GB
5429,9892,256GB
5430,9892,512GB
5431,9891,128GB
5432,9891,256GB
5433,9891,512GB
5434,9884,128GB
5435,9884,512GB
5436,9862,128GB
5437,9862,64GB
5438,9812,128GB
5439,9812,256GB
5440,9812,64GB
5441,9779,128GB
5442,9779,256GB
5443,9769,128GB
5444,9769,64GB
5445,9716,16GB
5446,9716,32GB
5447,9759,128GB
5448,9759,64GB
5449,9749,128GB
5450,9749,256GB
5451,9749,64GB
5452,9814,128GB
5453,9814,32GB
5454,9814,64GB
5455,9791,128GB
5456,9791,256GB
5457,9791,64GB
5458,9738,128GB
5459,9738,64GB
5460,9720,128GB
5461,9720,256GB
5462,9720,64GB
5463,9708,128GB
5464,9708,256GB
5465,9708,64GB
5466,9707,32GB
5467,9707,64GB
5468,9674,32GB
5469,9674,64GB
5470,9639,128GB
5471,9639,256GB
5472,9498,16GB
5473,9498,32GB
5474,9498,64GB
5475,9521,128GB
5476,9521,64GB
5477,9602,128GB
5478,9602,64GB
5479,9584,256GB
5480,9583,128GB
5481,9583,64GB
5482,9507,128GB
5483,9507,256GB
5484,9507,64GB
5485,9534,16GB
5486,9534,8GB
5487,9513,128GB
5488,9513,32GB
5489,9513,64GB
5490,9499,128GB
5491,9499,64GB
5492,9382,128GB
5493,9382,256GB
5494,9378,128GB
5495,9378,256GB
5496,9333,32GB
5497,9333,64GB
5498,9336,128GB
5499,9329,128GB
5500,9329,64GB
5501,9293,128GB
5502,9293,256GB
5503,9293,64GB
5504,9140,128GB
5505,9140,32GB
5506,9140,64GB
5507,9247,32GB
5508,9247,64GB
5509,8963,128GB
5510,8963,64GB
5511,9295,128GB
5512,9295,64GB
5513,9249,32GB
5514,9249,64GB
5515,9237,32GB
5516,9237,64GB
5517,9217,16GB
5518,9217,32GB
5519,9218,128GB
5520,9065,128GB
5521,9065,256GB
5522,9065,64GB
5523,9219,128GB
5524,9219,64GB
5525,9185,32GB
5526,9185,64GB
5527,9067,128GB
5528,9067,256GB
5529,9067,64GB
5530,9120,32GB
5531,9120,64GB
5532,8893,64GB
5533,9164,128GB
5534,9164,64GB
5535,8959,32GB
5536,8959,64GB
5537,8768,16GB
5538,8768,32GB
5539,8768,64GB
5540,8898,16GB
5541,8898,32GB
5542,8753,32GB
5543,8753,64GB
5544,8818,16GB
5545,8707,128GB
5546,8707,64GB
5547,8529,128GB
5548,8529,256GB
5549,8529,64GB
5550,8776,32GB
5551,8776,64GB
5552,8582,128GB
5553,8582,32GB
5554,8582,64GB
5555,8608,16GB
5556,8608,32GB
5557,8608,64GB
5558,8507,128GB
5559,8507,64GB
5560,8477,64GB
5561,8439,64GB
5562,8580,16GB
5563,8580,32GB
5564,8580,64GB
5565,8531,32GB
5566,8531,64GB
5567,8420,16GB
5568,8420,32GB
5569,8419,16GB
5570,8263,32GB
5571,8400,128GB
5572,8400,256GB
5573,8014,128GB
5574,8014,64GB
5575,8350,128GB
5576,8350,64GB
5577,7260,128GB
5578,7260,64GB
5579,8291,16GB
5580,8291,64GB
5581,8233,128GB
5582,8233,32GB
5583,8233,64GB
5584,8212,32GB
5585,8250,32GB
5586,8150,16GB
5587,8150,32GB
5588,8007,32GB
5589,8057,128GB
5590,8057,16GB
5591,8057,32GB
5592,8057,64GB
5593,6948,128GB
5594,6948,32GB
5595,6948,64GB
5596,7962,64GB
5597,7863,16GB
5598,7863,32GB
5599,7862,16GB
5600,7862,32GB
5601,7822,16GB
5602,7770,16GB
5603,7770,64GB
5604,7769,16GB
5605,7769,32GB
5606,7512,16GB
5607,7512,32GB
5608,6992,16GB
5609,6992,32GB
5610,7710,16GB
5611,7480,16GB
5612,7211,16GB
5613,7211,32GB
5614,6952,64GB
5615,6944,16GB
5616,6944,64GB
5617,7159,8GB
5618,6884,16GB
5619,6884,8GB
5620,6866,16GB
5621,6561,8GB
5622,6518,16GB
5623,6518,64GB
5624,6365,16GB
5625,6365,64GB
5626,6217,8GB
5627,5678,16GB
5628,5678,64GB
5629,6373,8GB
5630,5609,4GB
5631,5646,16GB
5632,5397,16GB
5633,5397,32GB
5634,4928,16GB
5635,4928,32GB
5636,4929,4GB
5637,10916,128GB
5638,10916,64GB
5639,12751,1TB
5640,12751,256GB
5641,12751,512GB
5642,12708,1TB
5643,12708,256GB
5644,12708,512GB
5645,12709,256GB
5646,12709,512GB
5647,12712,128GB
5648,12712,256GB
5649,12692,256GB
5650,12613,256GB
5651,12615,
5652,12769,128GB
5653,12769,64GB
5654,12612,128GB
5655,12611,128GB
5656,12435,256GB
5657,12428,1TB
5658,12428,256GB
5659,12402,256GB
5660,12402,512GB
5661,12399,1TB
5662,12399,256GB
5663,12399,512GB
5664,12398,128GB
5665,12398,256GB
5666,12398,512GB
5667,12455,128GB
5668,12341,256GB
5669,12228,256GB
5670,12228,512GB
5671,12229,256GB
5672,12229,512GB
5673,12157,1TB
5674,12157,256GB
5675,12157,512GB
5676,12152,
5677,12104,
5678,12096,128GB
5679,12042,1TB
5680,12042,256GB
5681,12042,512GB
5682,12015,128GB
5683,12015,256GB
5684,12015,512GB
5685,12031,
5686,12018,
5687,12006,256GB
5688,12005,1TB
5689,12005,512GB
5690,11944,128GB
5691,11917,128GB
5692,11901,128GB
5693,11901,256GB
5694,11698,128GB
5695,11698,1TB
5696,11698,256GB
5697,11698,512GB
5698,11649,1TB
5699,11649,256GB
5700,11649,512GB
5701,11664,128GB
5702,11664,256GB
5703,11664,512GB
5704,11660,128GB
5705,11958,128GB
5706,11958,64GB
5707,11612,128GB
5708,11612,64GB
5709,11927,32GB
5710,11611,32GB
5711,11611,64GB
5712,11516,128GB
5713,11516,256GB
5714,11516,512GB
5715,11510,128GB
5716,11510,1TB
5717,11510,256GB
5718,11510,512GB
5719,11379,128GB
5720,11379,1TB
5721,11379,256GB
5722,11379,512GB
5723,11579,128GB
5724,11364,128GB
5725,11364,1TB
5726,11364,256GB
5727,11364,512GB
5728,11363,128GB
5729,11363,256GB
5730,11363,512GB
5731,11702,16GB
5732,11700,32GB
5733,11243,256GB
5734,11721,32GB
5735,11240,64GB
5736,11237,32GB
5737,11238,32GB
5738,11946,32GB
5739,11239,32GB
5740,11239,64GB
5741,11203,32GB
5742,11083,128GB
5743,11083,256GB
5744,11083,512GB
5745,11082,128GB
5746,11082,256GB
5747,11020,128GB
5748,11020,256GB
5749,11018,128GB
5750,11009,128GB
5751,10929,128GB
5752,10929,256GB
5753,10914,256GB
5754,10914,512GB
5755,10885,64GB
5756,10837,128GB
5757,10837,1TB
5758,10837,256GB
5759,10858,128GB
5760,10858,256GB
5761,10798,256GB
5762,10820,128GB
5763,10820,256GB
5764,10821,128GB
5765,10772,128GB
5766,10772,256GB
5767,10772,512GB
5768,10773,128GB
5769,10773,256GB
5770,10823,
5771,10774,
5772,11722,8GB
5773,10706,128GB
5774,10613,128GB
5775,11727,8GB
5776,10614,128GB
5777,10611,
5778,10571,64GB
5779,10567,128GB
5780,11728,32GB
5781,11197,32GB
5782,11197,64GB
5783,10617,256GB
5784,10370,128GB
5785,10370,256GB
5786,10601,128GB
5787,11729,16GB
5788,11723,32GB
5789,10341,8GB
5790,10339,128GB
5791,10339,256GB
5792,11726,32GB
5793,10282,256GB
5794,10281,128GB
5795,11725,32GB
5796,11724,32GB
5797,10193,128GB
5798,10193,256GB
5799,10284,128GB
5800,10139,128GB
5801,10139,256GB
5802,10071,128GB
5803,10071,256GB
5804,9998,128GB
5805,9998,256GB
5806,11705,8GB
5807,10070,32GB
5808,9955,32GB
5809,9954,64GB
5810,11731,16GB
5811,9921,128GB
5812,9839,128GB
5813,9839,256GB
5814,9780,128GB
5815,9780,512GB
5816,9712,16GB
5817,9713,16GB
5818,9713,32GB
5819,9714,16GB
5820,9692,128GB
5821,9692,256GB
5822,9692,64GB
5823,11730,16GB
5824,9612,8GB
5825,9610,128GB
5826,9610,256GB
5827,9695,128GB
5828,9695,256GB
5829,9611,32GB
5830,9611,64GB
5831,9715,32GB
5832,9715,64GB
5833,9433,128GB
5834,9433,256GB
5835,9433,64GB
5836,9347,128GB
5837,9347,256GB
5838,9347,512GB
5839,9347,64GB
5840,9171,128GB
5841,9171,64GB
5842,9069,128GB
5843,9174,128GB
5844,9174,64GB
5845,9701,16GB
5846,9701,32GB
5847,9697,32GB
5848,9697,64GB
5849,9161,128GB
5850,9161,64GB
5851,9133,64GB
5852,9110,64GB
5853,9088,16GB
5854,9088,32GB
5855,8971,32GB
5856,8971,64GB
5857,9083,8GB
5858,9038,32GB
5859,8970,32GB
5860,9033,8GB
5861,8913,16GB
5862,8902,64GB
5863,8901,128GB
5864,8901,64GB
5865,8896,64GB
5866,8838,64GB
5867,8290,32GB
5868,8895,16GB
5869,8894,8GB
5870,8793,8GB
5871,8779,8GB
5872,8752,16GB
5873,8752,32GB
5874,8567,4GB
5875,8748,64GB
5876,8746,64GB
5877,8747,32GB
5878,8747,64GB
5879,8726,32GB
5880,8677,128GB
5881,8677,64GB
5882,8658,128GB
5883,8660,16GB
5884,8660,32GB
5885,8615,64GB
5886,8609,16GB
5887,8609,8GB
5888,8607,16GB
5889,8600,16GB
5890,8601,16GB
5891,8562,32GB
5892,8530,32GB
5893,8504,32GB
5894,8501,16GB
5895,8501,32GB
5896,8401,16GB
5897,8401,64GB
5898,8638,16GB
5899,8398,32GB
5900,8387,128GB
5901,8387,64GB
5902,8232,32GB
5903,8300,16GB
5904,8096,32GB
5905,8182,32GB
5906,8182,64GB
5907,8092,64GB
5908,8067,64GB
5909,8091,64GB
5910,8548,4GB
5911,8548,8GB
5912,8110,16GB
5913,8044,64GB
5914,8063,8GB
5915,7963,16GB
5916,8294,16GB
5917,8294,8GB
5918,8293,16GB
5919,8295,8GB
5920,7943,16GB
5921,9152,16GB
5922,8143,16GB
5923,7944,16GB
5924,7938,32GB
5925,7868,64GB
5926,7852,16GB
5927,7853,8GB
5928,7761,16GB
5929,7762,8GB
5930,7763,8GB
5931,7692,4GB
5932,7686,32GB
5933,7670,32GB
5934,7646,32GB
5935,7572,16GB
5936,7542,32GB
5937,7485,16GB
5938,7485,32GB
5939,7441,128GB
5940,7430,16GB
5941,7799,8GB
5942,7428,16GB
5943,7422,32GB
5944,7422,64GB
5945,8114,8GB
5946,7481,4GB
5947,7656,16GB
5948,7356,4GB
5949,7790,8GB
5950,7355,8GB
5951,8244,8GB
5952,7294,8GB
5953,7207,32GB
5954,7207,64GB
5955,7168,16GB
5956,7116,16GB
5957,7149,16GB
5958,7106,8GB
5959,7078,16GB
5960,7891,8GB
5961,7105,8GB
5962,7057,4GB
5963,7058,4GB
5964,7056,8GB
5965,6954,16GB
5966,7157,8GB
5967,6915,16GB
5968,6914,16GB
5969,6904,8GB
5970,6898,8GB
5971,6847,16GB
5972,7155,8GB
5973,7156,4GB
5974,6718,8GB
5975,6697,16GB
5976,6645,16GB
5977,6644,8GB
5978,6641,4GB
5979,6607,16GB
5980,6490,32GB
5981,6491,32GB
5982,6492,16GB
5983,6367,4GB
5984,6579,512MB
5985,6381,4GB
5986,6679,4GB
5987,6324,16GB
5988,6236,128GB
5989,6236,32GB
5990,6236,64GB
5991,6154,16GB
5992,6155,4GB
5993,6156,2GB
5994,5962,8GB
5995,5963,4GB
5996,5948,16GB
5997,5852,16GB
5998,5852,32GB
5999,5853,16GB
6000,5834,16GB
6001,5826,4GB
6002,5825,4GB
6003,5824,4GB
6004,5755,8GB
6005,5682,4GB
6006,5620,4GB
6007,5659,4GB
6008,5552,
6009,5511,8GB
6010,5499,4GB
6011,5455,
6012,5376,4GB
6013,5425,
6014,5402,16GB
6015,5402,8GB
6016,5330,16GB
6017,5320,512MB
6018,5277,4GB
6019,5470,4GB
6020,5269,4GB
6021,5240,16GB
6022,5173,4GB
6023,5136,4GB
6024,5135,4GB
6025,5134,512MB
6026,5133,1GB
6027,5647,32GB
6028,4893,8GB
6029,5006,4GB
6030,5007,4GB
6031,5004,4GB
6032,4983,4GB
6033,4962,16GB
6034,4962,4GB
6035,4880,4GB
6036,4873,4GB
6037,4597,4GB
6038,4776,4GB
6039,4650,4GB
6040,4595,
6041,4593,
6042,4590,
6043,4591,
6044,4592,16GB
6045,4581,
6046,4582,8GB
6047,4583,
6048,4585,4GB
6049,4586,512MB
6050,4598,4GB
6051,4599,512MB
6052,4600,4GB
6053,4601,1GB
6054,4602,
6055,4603,
6056,4607,
6057,4608,512MB
6058,4557,
6059,4556,
6060,4506,16GB
6061,4467,4GB
6062,4466,512MB
6063,4388,512MB
6064,4345,512MB
6065,4310,
6066,4304,4GB
6067,4313,4GB
6068,4311,512MB
6069,4244,512MB
6070,3902,
6071,3903,512MB
6072,4760,150MB
6073,3784,
6074,4042,256MB
6075,3785,
6076,4290,256MB
6077,3791,
6078,3790,
6079,4073,1MB
6080,3391,512MB
6081,3737,10MB
6082,3603,
6083,3602,20MB
6084,3601,32MB
6085,4078,10MB
6086,4341,2MB
6087,4342,2MB
6088,3604,5MB
6089,3600,64MB
6090,3491,
6091,3727,35MB
6092,3485,100MB
6093,3423,256MB
6094,3489,
6095,3244,5MB
6096,3197,
