Device ID,Network,is 2g,is 3g,is 4g,is 5g
7095,No,0.0,0.0,0.0,0.0
6936,4G,1.0,1.0,1.0,0.0
6934,4G,1.0,1.0,1.0,0.0
6933,4G,1.0,1.0,1.0,0.0
6979,3G,1.0,1.0,0.0,0.0
6774,3G,1.0,1.0,0.0,0.0
6773,3G,1.0,1.0,0.0,0.0
6732,3G,1.0,1.0,0.0,0.0
6712,2G,1.0,0.0,0.0,0.0
6657,4G,1.0,1.0,1.0,0.0
6656,4G,1.0,1.0,1.0,0.0
7154,3G,1.0,1.0,0.0,0.0
7153,3G,1.0,1.0,0.0,0.0
6655,4G,1.0,1.0,1.0,0.0
6654,4G,1.0,1.0,1.0,0.0
6653,4G,1.0,1.0,1.0,0.0
6619,3G,1.0,1.0,0.0,0.0
6599,3G,1.0,1.0,0.0,0.0
6516,3G,1.0,1.0,0.0,0.0
6153,4G,1.0,1.0,1.0,0.0
6152,4G,1.0,1.0,1.0,0.0
6151,4G,1.0,1.0,1.0,0.0
6139,3G,1.0,1.0,0.0,0.0
6138,3G,1.0,1.0,0.0,0.0
6134,4G,1.0,1.0,1.0,0.0
6130,3G,1.0,1.0,0.0,0.0
6135,4G,1.0,1.0,1.0,0.0
6131,3G,1.0,1.0,0.0,0.0
6132,3G,1.0,1.0,0.0,0.0
5937,3G,1.0,1.0,0.0,0.0
5938,3G,1.0,1.0,0.0,0.0
5741,3G,1.0,1.0,0.0,0.0
5740,3G,1.0,1.0,0.0,0.0
5693,3G,1.0,1.0,0.0,0.0
5692,3G,1.0,1.0,0.0,0.0
5687,3G,1.0,1.0,0.0,0.0
5691,3G,1.0,1.0,0.0,0.0
5671,3G,1.0,1.0,0.0,0.0
5672,3G,1.0,1.0,0.0,0.0
5668,4G,1.0,1.0,1.0,0.0
5669,3G,1.0,1.0,0.0,0.0
5449,No,0.0,0.0,0.0,0.0
5681,3G,1.0,1.0,0.0,0.0
5318,3G,1.0,1.0,0.0,0.0
5319,3G,1.0,1.0,0.0,0.0
5332,3G,1.0,1.0,0.0,0.0
5231,3G,1.0,1.0,0.0,0.0
5230,3G,1.0,1.0,0.0,0.0
5229,3G,1.0,1.0,0.0,0.0
5228,3G,1.0,1.0,0.0,0.0
5242,3G,1.0,1.0,0.0,0.0
5226,4G,1.0,1.0,1.0,0.0
5218,3G,1.0,1.0,0.0,0.0
5139,3G,1.0,1.0,0.0,0.0
5110,3G,1.0,1.0,0.0,0.0
5165,3G,1.0,1.0,0.0,0.0
5080,3G,1.0,1.0,0.0,0.0
4663,3G,1.0,1.0,0.0,0.0
4661,3G,1.0,1.0,0.0,0.0
4659,3G,1.0,1.0,0.0,0.0
4528,3G,1.0,1.0,0.0,0.0
12558,5G,1.0,1.0,1.0,1.0
12559,5G,1.0,1.0,1.0,1.0
11773,5G,1.0,1.0,1.0,1.0
11860,5G,1.0,1.0,1.0,1.0
11862,5G,1.0,1.0,1.0,1.0
11861,5G,1.0,1.0,1.0,1.0
11410,5G,1.0,1.0,1.0,1.0
11089,5G,1.0,1.0,1.0,1.0
11102,5G,1.0,1.0,1.0,1.0
11103,5G,1.0,1.0,1.0,1.0
11104,5G,1.0,1.0,1.0,1.0
10237,5G,1.0,1.0,1.0,1.0
10508,5G,1.0,1.0,1.0,1.0
10509,5G,1.0,1.0,1.0,1.0
10510,5G,1.0,1.0,1.0,1.0
10170,4G,1.0,1.0,1.0,0.0
9846,4G,1.0,1.0,1.0,0.0
9847,4G,1.0,1.0,1.0,0.0
9848,4G,1.0,1.0,1.0,0.0
9319,4G,1.0,1.0,1.0,0.0
9318,4G,1.0,1.0,1.0,0.0
9320,4G,1.0,1.0,1.0,0.0
8858,4G,1.0,1.0,1.0,0.0
8131,4G,1.0,1.0,1.0,0.0
8573,4G,1.0,1.0,1.0,0.0
8065,4G,1.0,1.0,1.0,0.0
8064,4G,1.0,1.0,1.0,0.0
7969,4G,1.0,1.0,1.0,0.0
7243,4G,1.0,1.0,1.0,0.0
7242,4G,1.0,1.0,1.0,0.0
6665,4G,1.0,1.0,1.0,0.0
6378,4G,1.0,1.0,1.0,0.0
5685,4G,1.0,1.0,1.0,0.0
5690,4G,1.0,1.0,1.0,0.0
5070,No,0.0,0.0,0.0,0.0
5061,4G,1.0,1.0,1.0,0.0
4910,4G,1.0,1.0,1.0,0.0
4212,3G,1.0,1.0,0.0,0.0
3275,3G,1.0,1.0,0.0,0.0
3716,3G,1.0,1.0,0.0,0.0
12380,5G,1.0,1.0,1.0,1.0
11656,5G,1.0,1.0,1.0,1.0
10892,5G,1.0,1.0,1.0,1.0
10893,5G,1.0,1.0,1.0,1.0
10393,5G,1.0,1.0,1.0,1.0
10379,5G,1.0,1.0,1.0,1.0
10296,5G,1.0,1.0,1.0,1.0
10328,5G,1.0,1.0,1.0,1.0
9770,4G,1.0,1.0,1.0,0.0
9698,4G,1.0,1.0,1.0,0.0
9634,4G,1.0,1.0,1.0,0.0
9633,4G,1.0,1.0,1.0,0.0
9410,4G,1.0,1.0,1.0,0.0
9373,4G,1.0,1.0,1.0,0.0
9372,4G,1.0,1.0,1.0,0.0
9224,4G,1.0,1.0,1.0,0.0
9194,4G,1.0,1.0,1.0,0.0
9173,4G,1.0,1.0,1.0,0.0
9096,4G,1.0,1.0,1.0,0.0
9061,4G,1.0,1.0,1.0,0.0
9068,4G,1.0,1.0,1.0,0.0
9097,4G,1.0,1.0,1.0,0.0
8953,4G,1.0,1.0,1.0,0.0
8866,4G,1.0,1.0,1.0,0.0
8783,4G,1.0,1.0,1.0,0.0
8782,4G,1.0,1.0,1.0,0.0
8892,4G,1.0,1.0,1.0,0.0
8862,4G,1.0,1.0,1.0,0.0
8808,4G,1.0,1.0,1.0,0.0
8784,4G,1.0,1.0,1.0,0.0
8811,4G,1.0,1.0,1.0,0.0
8814,4G,1.0,1.0,1.0,0.0
8810,4G,1.0,1.0,1.0,0.0
8749,4G,1.0,1.0,1.0,0.0
8801,4G,1.0,1.0,1.0,0.0
8681,4G,1.0,1.0,1.0,0.0
8579,4G,1.0,1.0,1.0,0.0
8550,4G,1.0,1.0,1.0,0.0
8502,4G,1.0,1.0,1.0,0.0
8509,4G,1.0,1.0,1.0,0.0
8503,3G,1.0,1.0,0.0,0.0
8493,4G,1.0,1.0,1.0,0.0
8467,4G,1.0,1.0,1.0,0.0
8425,4G,1.0,1.0,1.0,0.0
8384,4G,1.0,1.0,1.0,0.0
8218,No,0.0,0.0,0.0,0.0
8207,4G,1.0,1.0,1.0,0.0
8206,4G,1.0,1.0,1.0,0.0
8197,4G,1.0,1.0,1.0,0.0
8156,4G,1.0,1.0,1.0,0.0
8130,4G,1.0,1.0,1.0,0.0
8129,4G,1.0,1.0,1.0,0.0
8106,4G,1.0,1.0,1.0,0.0
8111,4G,1.0,1.0,1.0,0.0
8262,4G,1.0,1.0,1.0,0.0
8097,3G,1.0,1.0,0.0,0.0
8095,4G,1.0,1.0,1.0,0.0
8045,4G,1.0,1.0,1.0,0.0
8048,3G,1.0,1.0,0.0,0.0
7866,3G,1.0,1.0,0.0,0.0
7733,4G,1.0,1.0,1.0,0.0
7577,4G,1.0,1.0,1.0,0.0
7368,3G,1.0,1.0,0.0,0.0
7476,4G,1.0,1.0,1.0,0.0
7475,4G,1.0,1.0,1.0,0.0
7479,4G,1.0,1.0,1.0,0.0
7757,4G,1.0,1.0,1.0,0.0
7477,4G,1.0,1.0,1.0,0.0
7478,3G,1.0,1.0,0.0,0.0
7474,4G,1.0,1.0,1.0,0.0
7473,3G,1.0,1.0,0.0,0.0
7444,4G,1.0,1.0,1.0,0.0
7378,4G,1.0,1.0,1.0,0.0
7255,4G,1.0,1.0,1.0,0.0
7256,3G,1.0,1.0,0.0,0.0
7261,4G,1.0,1.0,1.0,0.0
7044,4G,1.0,1.0,1.0,0.0
7120,4G,1.0,1.0,1.0,0.0
6917,4G,1.0,1.0,1.0,0.0
7045,4G,1.0,1.0,1.0,0.0
6982,3G,1.0,1.0,0.0,0.0
6953,3G,1.0,1.0,0.0,0.0
6918,4G,1.0,1.0,1.0,0.0
6897,4G,1.0,0.0,1.0,0.0
6737,4G,1.0,1.0,1.0,0.0
6630,4G,1.0,1.0,1.0,0.0
6629,No,0.0,0.0,0.0,0.0
6429,4G,1.0,1.0,1.0,0.0
6428,3G,1.0,1.0,0.0,0.0
6414,4G,1.0,1.0,1.0,0.0
6413,No,0.0,0.0,0.0,0.0
6412,No,0.0,0.0,0.0,0.0
6394,3G,1.0,1.0,0.0,0.0
6519,4G,1.0,1.0,1.0,0.0
6238,4G,1.0,1.0,1.0,0.0
6120,4G,1.0,1.0,1.0,0.0
6853,3G,1.0,1.0,0.0,0.0
5953,3G,1.0,1.0,0.0,0.0
7160,3G,1.0,1.0,0.0,0.0
5952,3G,1.0,1.0,0.0,0.0
5891,3G,1.0,1.0,0.0,0.0
5706,4G,1.0,1.0,1.0,0.0
5675,No,0.0,0.0,0.0,0.0
5674,4G,1.0,1.0,1.0,0.0
5494,3G,1.0,1.0,0.0,0.0
5329,3G,1.0,1.0,0.0,0.0
5328,4G,1.0,1.0,1.0,0.0
5249,No,0.0,0.0,0.0,0.0
5091,3G,1.0,1.0,0.0,0.0
5017,4G,1.0,1.0,1.0,0.0
4850,No,0.0,0.0,0.0,0.0
4422,No,0.0,0.0,0.0,0.0
3965,3G,1.0,1.0,0.0,0.0
12603,5G,1.0,1.0,1.0,1.0
12459,4G,1.0,1.0,1.0,0.0
12458,4G,1.0,1.0,1.0,0.0
12457,4G,1.0,1.0,1.0,0.0
12456,4G,1.0,1.0,1.0,0.0
12153,5G,1.0,1.0,1.0,1.0
12102,4G,1.0,1.0,1.0,0.0
11830,4G,1.0,1.0,1.0,0.0
11829,4G,1.0,1.0,1.0,0.0
11828,4G,1.0,1.0,1.0,0.0
11757,5G,1.0,1.0,1.0,1.0
11716,4G,1.0,1.0,1.0,0.0
11715,4G,1.0,1.0,1.0,0.0
11673,3G,1.0,1.0,0.0,0.0
11672,3G,1.0,1.0,0.0,0.0
11643,4G,1.0,1.0,1.0,0.0
11509,4G,1.0,1.0,1.0,0.0
11368,4G,1.0,1.0,1.0,0.0
11348,4G,1.0,1.0,1.0,0.0
11319,3G,1.0,1.0,0.0,0.0
11318,3G,1.0,1.0,0.0,0.0
11258,4G,1.0,1.0,1.0,0.0
11096,4G,1.0,1.0,1.0,0.0
11095,4G,1.0,1.0,1.0,0.0
11094,4G,1.0,1.0,1.0,0.0
11073,4G,1.0,1.0,1.0,0.0
10934,4G,1.0,1.0,1.0,0.0
10935,3G,1.0,1.0,0.0,0.0
10781,4G,1.0,1.0,1.0,0.0
10745,4G,1.0,1.0,1.0,0.0
10741,3G,1.0,1.0,0.0,0.0
10730,4G,1.0,1.0,1.0,0.0
10729,3G,1.0,1.0,0.0,0.0
10731,4G,1.0,1.0,1.0,0.0
10732,4G,1.0,1.0,1.0,0.0
10607,4G,1.0,1.0,1.0,0.0
10535,4G,1.0,1.0,1.0,0.0
10537,3G,1.0,1.0,0.0,0.0
10538,4G,1.0,1.0,1.0,0.0
10540,4G,1.0,1.0,1.0,0.0
10539,3G,1.0,1.0,0.0,0.0
10470,4G,1.0,1.0,1.0,0.0
10453,4G,1.0,1.0,1.0,0.0
10403,4G,1.0,1.0,1.0,0.0
10359,3G,1.0,1.0,0.0,0.0
10313,4G,1.0,1.0,1.0,0.0
10312,4G,1.0,1.0,1.0,0.0
10160,3G,1.0,1.0,0.0,0.0
10107,3G,1.0,1.0,0.0,0.0
10106,3G,1.0,1.0,0.0,0.0
10105,3G,1.0,1.0,0.0,0.0
10047,4G,1.0,1.0,1.0,0.0
10046,4G,1.0,1.0,1.0,0.0
10045,4G,1.0,1.0,1.0,0.0
9967,3G,1.0,1.0,0.0,0.0
9930,3G,1.0,1.0,0.0,0.0
9929,3G,1.0,1.0,0.0,0.0
9855,4G,1.0,1.0,1.0,0.0
9877,4G,1.0,1.0,1.0,0.0
9876,4G,1.0,1.0,1.0,0.0
9718,4G,1.0,1.0,1.0,0.0
9597,4G,1.0,1.0,1.0,0.0
9542,4G,1.0,1.0,1.0,0.0
9482,4G,1.0,1.0,1.0,0.0
9470,4G,1.0,1.0,1.0,0.0
9360,3G,1.0,1.0,0.0,0.0
9325,3G,1.0,1.0,0.0,0.0
9314,4G,1.0,1.0,1.0,0.0
9307,4G,1.0,1.0,1.0,0.0
9302,3G,1.0,1.0,0.0,0.0
9301,3G,1.0,1.0,0.0,0.0
9277,3G,1.0,1.0,0.0,0.0
9254,3G,1.0,1.0,0.0,0.0
9253,4G,1.0,1.0,1.0,0.0
9223,4G,1.0,1.0,1.0,0.0
9184,3G,1.0,1.0,0.0,0.0
9165,4G,1.0,1.0,1.0,0.0
9154,4G,1.0,1.0,1.0,0.0
9146,3G,1.0,1.0,0.0,0.0
9131,4G,1.0,1.0,1.0,0.0
9072,4G,1.0,1.0,1.0,0.0
9064,4G,1.0,1.0,1.0,0.0
9063,4G,1.0,1.0,1.0,0.0
9007,3G,1.0,1.0,0.0,0.0
8835,4G,1.0,1.0,1.0,0.0
8621,4G,1.0,1.0,1.0,0.0
7892,3G,1.0,1.0,0.0,0.0
7558,4G,1.0,1.0,1.0,0.0
7523,3G,1.0,1.0,0.0,0.0
6928,3G,1.0,1.0,0.0,0.0
6927,3G,1.0,1.0,0.0,0.0
6925,3G,1.0,1.0,0.0,0.0
6924,3G,1.0,1.0,0.0,0.0
6900,4G,1.0,1.0,1.0,0.0
6899,4G,1.0,1.0,1.0,0.0
6838,3G,1.0,1.0,0.0,0.0
6835,3G,1.0,1.0,0.0,0.0
6669,3G,1.0,1.0,0.0,0.0
6565,3G,1.0,1.0,0.0,0.0
6567,3G,1.0,1.0,0.0,0.0
6406,3G,1.0,1.0,0.0,0.0
6405,3G,1.0,1.0,0.0,0.0
6346,3G,1.0,1.0,0.0,0.0
6330,3G,1.0,1.0,0.0,0.0
6277,3G,1.0,1.0,0.0,0.0
6276,3G,1.0,1.0,0.0,0.0
6244,3G,1.0,1.0,0.0,0.0
6243,2G,1.0,0.0,0.0,0.0
6242,3G,1.0,1.0,0.0,0.0
6041,3G,1.0,1.0,0.0,0.0
5986,3G,1.0,1.0,0.0,0.0
5957,3G,1.0,1.0,0.0,0.0
5956,3G,1.0,1.0,0.0,0.0
5955,3G,1.0,1.0,0.0,0.0
5954,3G,1.0,1.0,0.0,0.0
5935,3G,1.0,1.0,0.0,0.0
5920,3G,1.0,1.0,0.0,0.0
5909,3G,1.0,1.0,0.0,0.0
5908,3G,1.0,1.0,0.0,0.0
5873,3G,1.0,1.0,0.0,0.0
5761,3G,1.0,1.0,0.0,0.0
5661,3G,1.0,1.0,0.0,0.0
5660,3G,1.0,1.0,0.0,0.0
5662,2G,1.0,0.0,0.0,0.0
5593,3G,1.0,1.0,0.0,0.0
5489,3G,1.0,1.0,0.0,0.0
5458,3G,1.0,1.0,0.0,0.0
5459,3G,1.0,1.0,0.0,0.0
5460,3G,1.0,1.0,0.0,0.0
5411,3G,1.0,1.0,0.0,0.0
5360,3G,1.0,1.0,0.0,0.0
5358,3G,1.0,1.0,0.0,0.0
5359,3G,1.0,1.0,0.0,0.0
5295,3G,1.0,1.0,0.0,0.0
5282,3G,1.0,1.0,0.0,0.0
5281,3G,1.0,1.0,0.0,0.0
5209,3G,1.0,1.0,0.0,0.0
5208,3G,1.0,1.0,0.0,0.0
5206,3G,1.0,1.0,0.0,0.0
5205,No,0.0,0.0,0.0,0.0
5202,3G,1.0,1.0,0.0,0.0
5201,No,0.0,0.0,0.0,0.0
5023,3G,1.0,1.0,0.0,0.0
4947,3G,1.0,1.0,0.0,0.0
4946,3G,1.0,1.0,0.0,0.0
4901,3G,1.0,1.0,0.0,0.0
4370,3G,1.0,1.0,0.0,0.0
4224,3G,1.0,1.0,0.0,0.0
3548,3G,1.0,1.0,0.0,0.0
12454,4G,1.0,1.0,1.0,0.0
12269,5G,1.0,1.0,1.0,1.0
12522,4G,1.0,1.0,1.0,0.0
12523,4G,1.0,1.0,1.0,0.0
11948,4G,1.0,1.0,1.0,0.0
11642,5G,1.0,1.0,1.0,1.0
10790,4G,1.0,1.0,1.0,0.0
10681,5G,1.0,1.0,1.0,1.0
10529,4G,1.0,1.0,1.0,0.0
10594,4G,1.0,1.0,1.0,0.0
10357,4G,1.0,1.0,1.0,0.0
10593,4G,1.0,1.0,1.0,0.0
10592,4G,1.0,1.0,1.0,0.0
10595,4G,1.0,1.0,1.0,0.0
10297,4G,1.0,1.0,1.0,0.0
9965,4G,1.0,1.0,1.0,0.0
9924,4G,1.0,1.0,1.0,0.0
9797,4G,1.0,1.0,1.0,0.0
9735,4G,1.0,1.0,1.0,0.0
9734,4G,1.0,1.0,1.0,0.0
9487,4G,1.0,1.0,1.0,0.0
9179,4G,1.0,1.0,1.0,0.0
9119,4G,1.0,1.0,1.0,0.0
9102,4G,1.0,1.0,1.0,0.0
9071,4G,1.0,1.0,1.0,0.0
8990,4G,1.0,1.0,1.0,0.0
8908,4G,1.0,1.0,1.0,0.0
8885,4G,1.0,1.0,1.0,0.0
8630,4G,1.0,1.0,1.0,0.0
8519,4G,1.0,1.0,1.0,0.0
8518,4G,1.0,1.0,1.0,0.0
8404,4G,1.0,1.0,1.0,0.0
8444,4G,1.0,1.0,1.0,0.0
8277,4G,1.0,1.0,1.0,0.0
8884,4G,1.0,1.0,1.0,0.0
8297,4G,1.0,1.0,1.0,0.0
8276,4G,1.0,1.0,1.0,0.0
8633,4G,1.0,1.0,1.0,0.0
8128,4G,1.0,1.0,1.0,0.0
8086,4G,1.0,1.0,1.0,0.0
8066,4G,1.0,1.0,1.0,0.0
8072,4G,1.0,1.0,1.0,0.0
8031,4G,1.0,1.0,1.0,0.0
7884,4G,1.0,1.0,1.0,0.0
7942,4G,1.0,1.0,1.0,0.0
7941,4G,1.0,1.0,1.0,0.0
7940,4G,1.0,1.0,1.0,0.0
8348,4G,1.0,1.0,1.0,0.0
7836,4G,1.0,1.0,1.0,0.0
7758,4G,1.0,1.0,1.0,0.0
7731,4G,1.0,1.0,1.0,0.0
7753,4G,1.0,1.0,1.0,0.0
7627,4G,1.0,1.0,1.0,0.0
7592,4G,1.0,1.0,1.0,0.0
7591,4G,1.0,1.0,1.0,0.0
7576,4G,1.0,1.0,1.0,0.0
7418,4G,1.0,1.0,1.0,0.0
7419,4G,1.0,1.0,1.0,0.0
7275,4G,1.0,1.0,1.0,0.0
7267,3G,1.0,1.0,0.0,0.0
7194,3G,1.0,1.0,0.0,0.0
6977,4G,1.0,1.0,1.0,0.0
7165,4G,1.0,1.0,1.0,0.0
7111,4G,1.0,1.0,1.0,0.0
7310,4G,1.0,1.0,1.0,0.0
6891,4G,1.0,1.0,1.0,0.0
7115,4G,1.0,1.0,1.0,0.0
7183,3G,1.0,1.0,0.0,0.0
6968,4G,1.0,1.0,1.0,0.0
6947,3G,1.0,1.0,0.0,0.0
6921,4G,1.0,1.0,1.0,0.0
6913,3G,1.0,1.0,0.0,0.0
6841,3G,1.0,1.0,0.0,0.0
6830,4G,1.0,1.0,1.0,0.0
6736,3G,1.0,1.0,0.0,0.0
6713,4G,1.0,1.0,1.0,0.0
6715,4G,1.0,1.0,1.0,0.0
6719,4G,1.0,1.0,1.0,0.0
6854,4G,1.0,1.0,1.0,0.0
6637,4G,1.0,1.0,1.0,0.0
6636,4G,1.0,1.0,1.0,0.0
6621,4G,1.0,1.0,1.0,0.0
6608,4G,1.0,1.0,1.0,0.0
6589,4G,1.0,1.0,1.0,0.0
6588,3G,1.0,1.0,0.0,0.0
6581,4G,1.0,1.0,1.0,0.0
6528,4G,1.0,1.0,1.0,0.0
6483,4G,1.0,1.0,1.0,0.0
6463,3G,1.0,1.0,0.0,0.0
6397,4G,1.0,1.0,1.0,0.0
6345,4G,1.0,1.0,1.0,0.0
6234,3G,1.0,1.0,0.0,0.0
6316,3G,1.0,1.0,0.0,0.0
6233,4G,1.0,1.0,1.0,0.0
6074,4G,1.0,1.0,1.0,0.0
6009,3G,1.0,1.0,0.0,0.0
6487,3G,1.0,1.0,0.0,0.0
6073,4G,1.0,1.0,1.0,0.0
6160,4G,1.0,1.0,1.0,0.0
5907,3G,1.0,1.0,0.0,0.0
6552,3G,1.0,1.0,0.0,0.0
5870,3G,1.0,1.0,0.0,0.0
5871,3G,1.0,1.0,0.0,0.0
5704,4G,1.0,1.0,1.0,0.0
5666,3G,1.0,1.0,0.0,0.0
5667,4G,1.0,1.0,1.0,0.0
5623,3G,1.0,1.0,0.0,0.0
5505,4G,1.0,1.0,1.0,0.0
5547,4G,1.0,1.0,1.0,0.0
5537,4G,1.0,1.0,1.0,0.0
5536,3G,1.0,1.0,0.0,0.0
5465,3G,1.0,1.0,0.0,0.0
5395,4G,1.0,1.0,1.0,0.0
5498,3G,1.0,1.0,0.0,0.0
5313,4G,1.0,1.0,1.0,0.0
5261,3G,1.0,1.0,0.0,0.0
5118,4G,1.0,1.0,1.0,0.0
5113,4G,1.0,1.0,1.0,0.0
5106,4G,1.0,1.0,1.0,0.0
5105,4G,1.0,1.0,1.0,0.0
5100,3G,1.0,1.0,0.0,0.0
5016,4G,1.0,1.0,1.0,0.0
4976,4G,1.0,1.0,1.0,0.0
5104,4G,1.0,1.0,1.0,0.0
4975,4G,1.0,1.0,1.0,0.0
5000,3G,1.0,1.0,0.0,0.0
4980,2G,1.0,0.0,0.0,0.0
4979,3G,1.0,1.0,0.0,0.0
4951,3G,1.0,1.0,0.0,0.0
4830,3G,1.0,1.0,0.0,0.0
5861,3G,1.0,1.0,0.0,0.0
4829,3G,1.0,1.0,0.0,0.0
4805,3G,1.0,1.0,0.0,0.0
4759,3G,1.0,1.0,0.0,0.0
4997,3G,1.0,1.0,0.0,0.0
4744,4G,1.0,1.0,1.0,0.0
4665,4G,1.0,1.0,1.0,0.0
4977,3G,1.0,1.0,0.0,0.0
4320,3G,1.0,1.0,0.0,0.0
4614,4G,1.0,1.0,1.0,0.0
4572,4G,1.0,1.0,1.0,0.0
4836,3G,1.0,1.0,0.0,0.0
4574,3G,1.0,1.0,0.0,0.0
4575,3G,1.0,1.0,0.0,0.0
4525,4G,1.0,1.0,1.0,0.0
4435,4G,1.0,1.0,1.0,0.0
4099,4G,1.0,1.0,1.0,0.0
4302,4G,1.0,1.0,1.0,0.0
4202,3G,1.0,1.0,0.0,0.0
4161,3G,1.0,1.0,0.0,0.0
4102,3G,1.0,1.0,0.0,0.0
4097,3G,1.0,1.0,0.0,0.0
3958,4G,1.0,1.0,1.0,0.0
4132,3G,1.0,1.0,0.0,0.0
4285,3G,1.0,1.0,0.0,0.0
4196,3G,1.0,1.0,0.0,0.0
4164,3G,1.0,1.0,0.0,0.0
4027,3G,1.0,1.0,0.0,0.0
4131,3G,1.0,1.0,0.0,0.0
4070,3G,1.0,1.0,0.0,0.0
4022,3G,1.0,1.0,0.0,0.0
3964,3G,1.0,1.0,0.0,0.0
3938,3G,1.0,1.0,0.0,0.0
3922,3G,1.0,1.0,0.0,0.0
3901,3G,1.0,1.0,0.0,0.0
3875,3G,1.0,1.0,0.0,0.0
3895,3G,1.0,1.0,0.0,0.0
3887,3G,1.0,1.0,0.0,0.0
3739,3G,1.0,1.0,0.0,0.0
3788,3G,1.0,1.0,0.0,0.0
3776,3G,1.0,1.0,0.0,0.0
3777,3G,1.0,1.0,0.0,0.0
3786,3G,1.0,1.0,0.0,0.0
3787,3G,1.0,1.0,0.0,0.0
3829,3G,1.0,1.0,0.0,0.0
3953,No,0.0,0.0,0.0,0.0
3896,3G,1.0,1.0,0.0,0.0
3706,3G,1.0,1.0,0.0,0.0
3703,4G,1.0,1.0,1.0,0.0
3702,3G,1.0,1.0,0.0,0.0
3585,3G,1.0,1.0,0.0,0.0
3338,3G,1.0,1.0,0.0,0.0
3576,3G,1.0,1.0,0.0,0.0
3557,3G,1.0,1.0,0.0,0.0
3530,3G,1.0,1.0,0.0,0.0
3118,3G,1.0,1.0,0.0,0.0
3556,3G,1.0,1.0,0.0,0.0
3468,3G,1.0,1.0,0.0,0.0
3421,3G,1.0,1.0,0.0,0.0
5058,3G,1.0,1.0,0.0,0.0
3392,3G,1.0,1.0,0.0,0.0
3577,3G,1.0,1.0,0.0,0.0
3337,3G,1.0,1.0,0.0,0.0
3163,3G,1.0,1.0,0.0,0.0
3077,3G,1.0,1.0,0.0,0.0
3141,3G,1.0,1.0,0.0,0.0
3069,3G,1.0,1.0,0.0,0.0
3427,3G,1.0,1.0,0.0,0.0
12720,4G,1.0,1.0,1.0,0.0
12648,4G,1.0,1.0,1.0,0.0
12585,5G,1.0,1.0,1.0,1.0
12530,5G,1.0,1.0,1.0,1.0
12259,4G,1.0,1.0,1.0,0.0
12020,4G,1.0,1.0,1.0,0.0
11918,4G,1.0,1.0,1.0,0.0
11858,4G,1.0,1.0,1.0,0.0
11856,4G,1.0,1.0,1.0,0.0
11641,4G,1.0,1.0,1.0,0.0
11489,4G,1.0,1.0,1.0,0.0
11247,4G,1.0,1.0,1.0,0.0
11328,4G,1.0,1.0,1.0,0.0
11177,4G,1.0,1.0,1.0,0.0
11120,4G,1.0,1.0,1.0,0.0
11121,4G,1.0,1.0,1.0,0.0
11048,4G,1.0,1.0,1.0,0.0
11030,4G,1.0,1.0,1.0,0.0
10755,4G,1.0,1.0,1.0,0.0
10642,5G,1.0,1.0,1.0,1.0
10645,5G,1.0,1.0,1.0,1.0
10652,4G,1.0,1.0,1.0,0.0
10579,5G,1.0,1.0,1.0,1.0
10551,5G,1.0,1.0,1.0,1.0
10550,5G,1.0,1.0,1.0,1.0
10555,5G,1.0,1.0,1.0,1.0
10519,5G,1.0,1.0,1.0,1.0
10546,4G,1.0,1.0,1.0,0.0
10475,4G,1.0,1.0,1.0,0.0
10429,4G,1.0,1.0,1.0,0.0
10417,5G,1.0,1.0,1.0,1.0
10418,5G,1.0,1.0,1.0,1.0
10299,5G,1.0,1.0,1.0,1.0
10252,5G,1.0,1.0,1.0,1.0
10292,4G,1.0,1.0,1.0,0.0
10249,4G,1.0,1.0,1.0,0.0
10236,5G,1.0,1.0,1.0,1.0
10219,4G,1.0,1.0,1.0,0.0
10231,4G,1.0,1.0,1.0,0.0
10227,4G,1.0,1.0,1.0,0.0
10222,4G,1.0,1.0,1.0,0.0
10223,4G,1.0,1.0,1.0,0.0
10212,4G,1.0,1.0,1.0,0.0
10203,5G,1.0,1.0,1.0,1.0
10204,5G,1.0,1.0,1.0,1.0
10205,5G,1.0,1.0,1.0,1.0
11010,4G,1.0,1.0,1.0,0.0
10153,5G,1.0,1.0,1.0,1.0
10112,4G,1.0,1.0,1.0,0.0
10073,4G,1.0,1.0,1.0,0.0
10074,4G,1.0,1.0,1.0,0.0
10012,4G,1.0,1.0,1.0,0.0
9799,4G,1.0,1.0,1.0,0.0
9956,4G,1.0,1.0,1.0,0.0
9922,4G,1.0,1.0,1.0,0.0
9933,4G,1.0,1.0,1.0,0.0
9905,4G,1.0,1.0,1.0,0.0
9887,5G,1.0,1.0,1.0,1.0
9880,5G,1.0,1.0,1.0,1.0
9885,4G,1.0,1.0,1.0,0.0
9881,5G,1.0,1.0,1.0,1.0
9886,4G,1.0,1.0,1.0,0.0
9765,4G,1.0,1.0,1.0,0.0
9830,4G,1.0,1.0,1.0,0.0
9803,4G,1.0,1.0,1.0,0.0
9823,4G,1.0,1.0,1.0,0.0
9747,4G,1.0,1.0,1.0,0.0
9746,4G,1.0,1.0,1.0,0.0
9728,4G,1.0,1.0,1.0,0.0
9742,4G,1.0,1.0,1.0,0.0
9694,4G,1.0,1.0,1.0,0.0
9705,5G,1.0,1.0,1.0,1.0
9635,4G,1.0,1.0,1.0,0.0
9530,4G,1.0,1.0,1.0,0.0
9545,4G,1.0,1.0,1.0,0.0
9627,4G,1.0,1.0,1.0,0.0
9675,4G,1.0,1.0,1.0,0.0
9645,4G,1.0,1.0,1.0,0.0
9644,4G,1.0,1.0,1.0,0.0
9643,4G,1.0,1.0,1.0,0.0
9668,4G,1.0,1.0,1.0,0.0
9576,4G,1.0,1.0,1.0,0.0
9620,4G,1.0,1.0,1.0,0.0
9625,4G,1.0,1.0,1.0,0.0
9531,4G,1.0,1.0,1.0,0.0
9500,4G,1.0,1.0,1.0,0.0
9501,4G,1.0,1.0,1.0,0.0
9409,4G,1.0,1.0,1.0,0.0
9466,4G,1.0,1.0,1.0,0.0
9368,4G,1.0,1.0,1.0,0.0
9369,4G,1.0,1.0,1.0,0.0
9343,4G,1.0,1.0,1.0,0.0
9367,4G,1.0,1.0,1.0,0.0
9324,4G,1.0,1.0,1.0,0.0
9284,4G,1.0,1.0,1.0,0.0
9272,4G,1.0,1.0,1.0,0.0
9632,4G,1.0,1.0,1.0,0.0
9267,4G,1.0,1.0,1.0,0.0
9209,4G,1.0,1.0,1.0,0.0
9196,4G,1.0,1.0,1.0,0.0
9502,4G,1.0,1.0,1.0,0.0
9162,4G,1.0,1.0,1.0,0.0
9141,4G,1.0,1.0,1.0,0.0
9106,4G,1.0,1.0,1.0,0.0
9107,4G,1.0,1.0,1.0,0.0
9098,4G,1.0,1.0,1.0,0.0
9188,4G,1.0,1.0,1.0,0.0
9114,4G,1.0,1.0,1.0,0.0
9265,4G,1.0,1.0,1.0,0.0
9112,4G,1.0,1.0,1.0,0.0
9092,4G,1.0,1.0,1.0,0.0
8961,4G,1.0,1.0,1.0,0.0
8943,4G,1.0,1.0,1.0,0.0
8899,4G,1.0,1.0,1.0,0.0
8854,4G,1.0,1.0,1.0,0.0
8877,4G,1.0,1.0,1.0,0.0
8857,4G,1.0,1.0,1.0,0.0
8833,4G,1.0,1.0,1.0,0.0
8632,4G,1.0,1.0,1.0,0.0
8715,4G,1.0,1.0,1.0,0.0
8637,4G,1.0,1.0,1.0,0.0
8703,4G,1.0,1.0,1.0,0.0
8672,4G,1.0,1.0,1.0,0.0
8663,4G,1.0,1.0,1.0,0.0
8578,4G,1.0,1.0,1.0,0.0
8635,No,0.0,0.0,0.0,0.0
8687,4G,1.0,1.0,1.0,0.0
8695,4G,1.0,1.0,1.0,0.0
8640,4G,1.0,1.0,1.0,0.0
8686,4G,1.0,1.0,1.0,0.0
8515,4G,1.0,1.0,1.0,0.0
8514,4G,1.0,1.0,1.0,0.0
8598,4G,1.0,1.0,1.0,0.0
8516,4G,1.0,1.0,1.0,0.0
8458,4G,1.0,1.0,1.0,0.0
8396,4G,1.0,1.0,1.0,0.0
8415,4G,1.0,1.0,1.0,0.0
8073,4G,1.0,1.0,1.0,0.0
8402,4G,1.0,1.0,1.0,0.0
8315,4G,1.0,1.0,1.0,0.0
8312,4G,1.0,1.0,1.0,0.0
8284,4G,1.0,1.0,1.0,0.0
8302,4G,1.0,1.0,1.0,0.0
8301,4G,1.0,1.0,1.0,0.0
8285,4G,1.0,1.0,1.0,0.0
8138,3G,1.0,1.0,0.0,0.0
8084,4G,1.0,1.0,1.0,0.0
8037,4G,1.0,1.0,1.0,0.0
8036,4G,1.0,1.0,1.0,0.0
7983,4G,1.0,1.0,1.0,0.0
7745,4G,1.0,1.0,1.0,0.0
7972,4G,1.0,1.0,1.0,0.0
7793,4G,1.0,1.0,1.0,0.0
7239,4G,1.0,1.0,1.0,0.0
7744,4G,1.0,1.0,1.0,0.0
7647,4G,1.0,1.0,1.0,0.0
7588,4G,1.0,1.0,1.0,0.0
7533,4G,1.0,1.0,1.0,0.0
7440,4G,1.0,1.0,1.0,0.0
7309,4G,1.0,1.0,1.0,0.0
7829,4G,1.0,1.0,1.0,0.0
7206,3G,1.0,1.0,0.0,0.0
7279,4G,1.0,1.0,1.0,0.0
7201,4G,1.0,1.0,1.0,0.0
7200,4G,1.0,1.0,1.0,0.0
7006,4G,1.0,1.0,1.0,0.0
7187,4G,1.0,1.0,1.0,0.0
7075,4G,1.0,1.0,1.0,0.0
7076,4G,1.0,1.0,1.0,0.0
7077,3G,1.0,1.0,0.0,0.0
6909,3G,1.0,1.0,0.0,0.0
6908,3G,1.0,1.0,0.0,0.0
6896,4G,1.0,1.0,1.0,0.0
6869,4G,1.0,1.0,1.0,0.0
7308,4G,1.0,1.0,1.0,0.0
6705,3G,1.0,1.0,0.0,0.0
6677,4G,1.0,1.0,1.0,0.0
6676,4G,1.0,1.0,1.0,0.0
6646,4G,1.0,1.0,1.0,0.0
6543,4G,1.0,1.0,1.0,0.0
6678,4G,1.0,1.0,1.0,0.0
6499,3G,1.0,1.0,0.0,0.0
6493,3G,1.0,1.0,0.0,0.0
6124,4G,1.0,1.0,1.0,0.0
6332,4G,1.0,1.0,1.0,0.0
6290,3G,1.0,1.0,0.0,0.0
6278,3G,1.0,1.0,0.0,0.0
6168,4G,1.0,1.0,1.0,0.0
6136,3G,1.0,1.0,0.0,0.0
6137,4G,1.0,1.0,1.0,0.0
6129,4G,1.0,1.0,1.0,0.0
6103,3G,1.0,1.0,0.0,0.0
5981,3G,1.0,1.0,0.0,0.0
5979,3G,1.0,1.0,0.0,0.0
5949,4G,1.0,1.0,1.0,0.0
5936,3G,1.0,1.0,0.0,0.0
5921,3G,1.0,1.0,0.0,0.0
5840,4G,1.0,1.0,1.0,0.0
5910,3G,1.0,1.0,0.0,0.0
5485,3G,1.0,1.0,0.0,0.0
5633,3G,1.0,1.0,0.0,0.0
5699,3G,1.0,1.0,0.0,0.0
5632,3G,1.0,1.0,0.0,0.0
5698,3G,1.0,1.0,0.0,0.0
5539,3G,1.0,1.0,0.0,0.0
5467,3G,1.0,1.0,0.0,0.0
5386,3G,1.0,1.0,0.0,0.0
5382,4G,1.0,0.0,1.0,0.0
5365,3G,1.0,1.0,0.0,0.0
5267,4G,1.0,1.0,1.0,0.0
5257,3G,1.0,1.0,0.0,0.0
5327,4G,1.0,1.0,1.0,0.0
5648,3G,1.0,1.0,0.0,0.0
5439,3G,1.0,1.0,0.0,0.0
5065,3G,1.0,1.0,0.0,0.0
5237,3G,1.0,1.0,0.0,0.0
5164,3G,1.0,1.0,0.0,0.0
5250,3G,1.0,1.0,0.0,0.0
5141,3G,1.0,1.0,0.0,0.0
5112,3G,1.0,1.0,0.0,0.0
5077,3G,1.0,1.0,0.0,0.0
5068,3G,1.0,1.0,0.0,0.0
5022,4G,1.0,1.0,1.0,0.0
5020,3G,1.0,1.0,0.0,0.0
4963,3G,1.0,1.0,0.0,0.0
4966,3G,1.0,1.0,0.0,0.0
4882,3G,1.0,1.0,0.0,0.0
4839,3G,1.0,1.0,0.0,0.0
4838,3G,1.0,1.0,0.0,0.0
5383,3G,1.0,1.0,0.0,0.0
4594,3G,1.0,1.0,0.0,0.0
4410,3G,1.0,1.0,0.0,0.0
5002,3G,1.0,1.0,0.0,0.0
4570,3G,1.0,1.0,0.0,0.0
4569,3G,1.0,1.0,0.0,0.0
4568,3G,1.0,1.0,0.0,0.0
4409,3G,1.0,1.0,0.0,0.0
4381,3G,1.0,1.0,0.0,0.0
4264,3G,1.0,1.0,0.0,0.0
4265,No,0.0,0.0,0.0,0.0
4260,3G,1.0,1.0,0.0,0.0
4234,3G,1.0,1.0,0.0,0.0
4109,3G,1.0,1.0,0.0,0.0
4057,3G,1.0,1.0,0.0,0.0
4226,3G,1.0,1.0,0.0,0.0
4204,3G,1.0,1.0,0.0,0.0
3789,3G,1.0,1.0,0.0,0.0
3595,3G,1.0,1.0,0.0,0.0
3596,3G,1.0,1.0,0.0,0.0
3840,3G,1.0,1.0,0.0,0.0
3513,3G,1.0,1.0,0.0,0.0
3451,3G,1.0,1.0,0.0,0.0
11924,4G,1.0,1.0,1.0,0.0
11822,4G,1.0,1.0,1.0,0.0
11498,4G,1.0,1.0,1.0,0.0
11473,4G,1.0,1.0,1.0,0.0
12476,No,0.0,0.0,0.0,0.0
12052,4G,1.0,1.0,1.0,0.0
12521,4G,1.0,1.0,1.0,0.0
11747,5G,1.0,1.0,1.0,1.0
11394,4G,1.0,1.0,1.0,0.0
12008,4G,1.0,1.0,1.0,0.0
10972,4G,1.0,1.0,1.0,0.0
10992,4G,1.0,1.0,1.0,0.0
10970,4G,1.0,1.0,1.0,0.0
10630,4G,1.0,1.0,1.0,0.0
10733,4G,1.0,1.0,1.0,0.0
10406,4G,1.0,1.0,1.0,0.0
10329,5G,1.0,1.0,1.0,1.0
9821,4G,1.0,1.0,1.0,0.0
9822,4G,1.0,1.0,1.0,0.0
9826,4G,1.0,1.0,1.0,0.0
9825,4G,1.0,1.0,1.0,0.0
9824,4G,1.0,1.0,1.0,0.0
9757,4G,1.0,1.0,1.0,0.0
9754,5G,1.0,1.0,1.0,1.0
9711,4G,1.0,1.0,1.0,0.0
9671,4G,1.0,1.0,1.0,0.0
9655,4G,1.0,1.0,1.0,0.0
9609,4G,1.0,1.0,1.0,0.0
9490,4G,1.0,1.0,1.0,0.0
9436,4G,1.0,1.0,1.0,0.0
9489,4G,1.0,1.0,1.0,0.0
9349,4G,1.0,1.0,1.0,0.0
9375,4G,1.0,1.0,1.0,0.0
9374,4G,1.0,1.0,1.0,0.0
9371,4G,1.0,1.0,1.0,0.0
9222,4G,1.0,1.0,1.0,0.0
9226,4G,1.0,1.0,1.0,0.0
9225,4G,1.0,1.0,1.0,0.0
9144,4G,1.0,1.0,1.0,0.0
9143,4G,1.0,1.0,1.0,0.0
9116,4G,1.0,1.0,1.0,0.0
8973,4G,1.0,1.0,1.0,0.0
8942,4G,1.0,1.0,1.0,0.0
8941,4G,1.0,1.0,1.0,0.0
8834,4G,1.0,1.0,1.0,0.0
8850,4G,1.0,1.0,1.0,0.0
8794,4G,1.0,1.0,1.0,0.0
8603,4G,1.0,1.0,1.0,0.0
8602,4G,1.0,1.0,1.0,0.0
8559,4G,1.0,1.0,1.0,0.0
8423,4G,1.0,1.0,1.0,0.0
8376,4G,1.0,1.0,1.0,0.0
8375,4G,1.0,1.0,1.0,0.0
8506,4G,1.0,1.0,1.0,0.0
8320,3G,1.0,1.0,0.0,0.0
8319,4G,1.0,1.0,1.0,0.0
8318,4G,1.0,1.0,1.0,0.0
8317,4G,1.0,1.0,1.0,0.0
8316,4G,1.0,1.0,1.0,0.0
8208,3G,1.0,1.0,0.0,0.0
8193,4G,1.0,1.0,1.0,0.0
8147,4G,1.0,1.0,1.0,0.0
8146,4G,1.0,1.0,1.0,0.0
8145,4G,1.0,1.0,1.0,0.0
8125,4G,1.0,1.0,1.0,0.0
8101,4G,1.0,1.0,1.0,0.0
8038,4G,1.0,1.0,1.0,0.0
7952,4G,1.0,1.0,1.0,0.0
7951,4G,1.0,1.0,1.0,0.0
7947,4G,1.0,1.0,1.0,0.0
7946,4G,1.0,1.0,1.0,0.0
7939,4G,1.0,1.0,1.0,0.0
7918,4G,1.0,1.0,1.0,0.0
7878,4G,1.0,1.0,1.0,0.0
7865,4G,1.0,1.0,1.0,0.0
7850,4G,1.0,1.0,1.0,0.0
7802,4G,1.0,1.0,1.0,0.0
7755,4G,1.0,1.0,1.0,0.0
7742,4G,1.0,1.0,1.0,0.0
7605,3G,1.0,1.0,0.0,0.0
8142,4G,1.0,1.0,1.0,0.0
7557,4G,1.0,1.0,1.0,0.0
7539,4G,1.0,1.0,1.0,0.0
7711,4G,1.0,1.0,1.0,0.0
7552,4G,1.0,1.0,1.0,0.0
7540,4G,1.0,1.0,1.0,0.0
7354,4G,1.0,1.0,1.0,0.0
7511,4G,1.0,1.0,1.0,0.0
7507,4G,1.0,1.0,1.0,0.0
8043,4G,1.0,1.0,1.0,0.0
7233,4G,1.0,1.0,1.0,0.0
7214,4G,1.0,1.0,1.0,0.0
7197,4G,1.0,1.0,1.0,0.0
7192,3G,1.0,1.0,0.0,0.0
7147,4G,1.0,1.0,1.0,0.0
7046,4G,1.0,1.0,1.0,0.0
7886,4G,1.0,1.0,1.0,0.0
7088,4G,1.0,1.0,1.0,0.0
7167,3G,1.0,1.0,0.0,0.0
7090,4G,1.0,1.0,1.0,0.0
7063,4G,1.0,1.0,1.0,0.0
6956,3G,1.0,1.0,0.0,0.0
8185,No,0.0,0.0,0.0,0.0
6955,No,0.0,0.0,0.0,0.0
6938,4G,1.0,1.0,1.0,0.0
6920,4G,1.0,1.0,1.0,0.0
6919,4G,1.0,1.0,1.0,0.0
6848,4G,1.0,0.0,1.0,0.0
6842,4G,1.0,1.0,1.0,0.0
6855,4G,1.0,1.0,1.0,0.0
6789,3G,1.0,1.0,0.0,0.0
6788,4G,1.0,1.0,1.0,0.0
6787,3G,1.0,1.0,0.0,0.0
6739,4G,1.0,1.0,1.0,0.0
6746,4G,1.0,1.0,1.0,0.0
6730,3G,1.0,1.0,0.0,0.0
6681,4G,1.0,1.0,1.0,0.0
6643,4G,1.0,1.0,1.0,0.0
6642,4G,1.0,1.0,1.0,0.0
6595,3G,1.0,1.0,0.0,0.0
6396,4G,1.0,1.0,1.0,0.0
6529,4G,1.0,1.0,1.0,0.0
6293,2G,1.0,0.0,0.0,0.0
6370,3G,1.0,1.0,0.0,0.0
6673,3G,1.0,1.0,0.0,0.0
6369,3G,1.0,1.0,0.0,0.0
6368,3G,1.0,1.0,0.0,0.0
6296,3G,1.0,1.0,0.0,0.0
6674,3G,1.0,1.0,0.0,0.0
6283,3G,1.0,1.0,0.0,0.0
6281,3G,1.0,1.0,0.0,0.0
6280,3G,1.0,1.0,0.0,0.0
6279,2G,1.0,0.0,0.0,0.0
6159,3G,1.0,1.0,0.0,0.0
6158,3G,1.0,1.0,0.0,0.0
6157,3G,1.0,1.0,0.0,0.0
6047,3G,1.0,1.0,0.0,0.0
5934,3G,1.0,1.0,0.0,0.0
5894,3G,1.0,1.0,0.0,0.0
5893,3G,1.0,1.0,0.0,0.0
5843,4G,1.0,1.0,1.0,0.0
5830,3G,1.0,1.0,0.0,0.0
5851,3G,1.0,1.0,0.0,0.0
5684,3G,1.0,1.0,0.0,0.0
5683,3G,1.0,1.0,0.0,0.0
5689,3G,1.0,1.0,0.0,0.0
5612,3G,1.0,1.0,0.0,0.0
5544,3G,1.0,1.0,0.0,0.0
5486,3G,1.0,1.0,0.0,0.0
5450,3G,1.0,1.0,0.0,0.0
5850,3G,1.0,1.0,0.0,0.0
5385,3G,1.0,1.0,0.0,0.0
5353,3G,1.0,1.0,0.0,0.0
5352,No,0.0,0.0,0.0,0.0
5241,3G,1.0,1.0,0.0,0.0
5244,3G,1.0,1.0,0.0,0.0
5247,3G,1.0,1.0,0.0,0.0
5463,3G,1.0,1.0,0.0,0.0
5462,3G,1.0,1.0,0.0,0.0
5245,3G,1.0,1.0,0.0,0.0
5333,3G,1.0,1.0,0.0,0.0
5246,3G,1.0,1.0,0.0,0.0
5243,3G,1.0,1.0,0.0,0.0
5140,3G,1.0,1.0,0.0,0.0
5095,3G,1.0,1.0,0.0,0.0
5094,3G,1.0,1.0,0.0,0.0
5060,3G,1.0,1.0,0.0,0.0
4985,3G,1.0,1.0,0.0,0.0
4956,3G,1.0,1.0,0.0,0.0
4911,3G,1.0,1.0,0.0,0.0
4424,3G,1.0,1.0,0.0,0.0
4445,3G,1.0,1.0,0.0,0.0
10742,4G,1.0,1.0,1.0,0.0
10743,4G,1.0,1.0,1.0,0.0
10744,4G,1.0,1.0,1.0,0.0
10585,4G,1.0,1.0,1.0,0.0
10586,4G,1.0,1.0,1.0,0.0
10564,5G,1.0,1.0,1.0,1.0
10464,4G,1.0,1.0,1.0,0.0
10558,4G,1.0,1.0,1.0,0.0
10463,4G,1.0,1.0,1.0,0.0
10459,4G,1.0,1.0,1.0,0.0
10597,4G,1.0,1.0,1.0,0.0
10368,5G,1.0,1.0,1.0,1.0
10451,4G,1.0,1.0,1.0,0.0
10382,4G,1.0,1.0,1.0,0.0
10090,4G,1.0,1.0,1.0,0.0
10088,4G,1.0,1.0,1.0,0.0
10087,4G,1.0,1.0,1.0,0.0
10086,4G,1.0,1.0,1.0,0.0
9906,5G,1.0,1.0,1.0,1.0
9844,4G,1.0,1.0,1.0,0.0
9827,4G,1.0,1.0,1.0,0.0
9828,4G,1.0,1.0,1.0,0.0
9805,4G,1.0,1.0,1.0,0.0
9804,4G,1.0,1.0,1.0,0.0
9753,4G,1.0,1.0,1.0,0.0
9752,4G,1.0,1.0,1.0,0.0
9751,4G,1.0,1.0,1.0,0.0
9758,4G,1.0,1.0,1.0,0.0
9607,5G,1.0,1.0,1.0,1.0
9540,4G,1.0,1.0,1.0,0.0
9585,4G,1.0,1.0,1.0,0.0
9586,4G,1.0,1.0,1.0,0.0
9587,4G,1.0,1.0,1.0,0.0
9411,4G,1.0,1.0,1.0,0.0
9300,4G,1.0,1.0,1.0,0.0
9544,4G,1.0,1.0,1.0,0.0
9309,4G,1.0,1.0,1.0,0.0
9305,4G,1.0,1.0,1.0,0.0
9304,4G,1.0,1.0,1.0,0.0
9285,4G,1.0,1.0,1.0,0.0
9278,4G,1.0,1.0,1.0,0.0
9251,4G,1.0,1.0,1.0,0.0
9228,4G,1.0,1.0,1.0,0.0
9191,4G,1.0,1.0,1.0,0.0
9206,4G,1.0,1.0,1.0,0.0
9115,4G,1.0,1.0,1.0,0.0
9090,4G,1.0,1.0,1.0,0.0
9122,4G,1.0,1.0,1.0,0.0
10072,4G,1.0,1.0,1.0,0.0
9190,4G,1.0,1.0,1.0,0.0
9074,4G,1.0,1.0,1.0,0.0
9073,4G,1.0,1.0,1.0,0.0
9047,4G,1.0,1.0,1.0,0.0
9006,4G,1.0,1.0,1.0,0.0
8712,4G,1.0,1.0,1.0,0.0
8781,4G,1.0,1.0,1.0,0.0
8756,4G,1.0,1.0,1.0,0.0
8780,4G,1.0,1.0,1.0,0.0
8696,4G,1.0,1.0,1.0,0.0
8466,4G,1.0,1.0,1.0,0.0
8584,4G,1.0,1.0,1.0,0.0
8694,4G,1.0,1.0,1.0,0.0
8492,4G,1.0,1.0,1.0,0.0
8679,4G,1.0,1.0,1.0,0.0
8678,4G,1.0,1.0,1.0,0.0
8491,4G,1.0,1.0,1.0,0.0
8490,4G,1.0,1.0,1.0,0.0
8817,4G,1.0,1.0,1.0,0.0
8489,4G,1.0,1.0,1.0,0.0
8488,4G,1.0,1.0,1.0,0.0
8238,4G,1.0,1.0,1.0,0.0
8184,4G,1.0,1.0,1.0,0.0
8183,4G,1.0,1.0,1.0,0.0
8159,4G,1.0,1.0,1.0,0.0
8158,4G,1.0,1.0,1.0,0.0
8081,4G,1.0,1.0,1.0,0.0
8133,4G,1.0,1.0,1.0,0.0
8132,4G,1.0,1.0,1.0,0.0
8079,4G,1.0,1.0,1.0,0.0
8085,4G,1.0,1.0,1.0,0.0
7980,4G,1.0,1.0,1.0,0.0
8269,4G,1.0,1.0,1.0,0.0
8056,4G,1.0,1.0,1.0,0.0
7815,4G,1.0,1.0,1.0,0.0
7977,4G,1.0,1.0,1.0,0.0
7976,4G,1.0,1.0,1.0,0.0
7927,4G,1.0,1.0,1.0,0.0
7926,4G,1.0,1.0,1.0,0.0
7849,4G,1.0,1.0,1.0,0.0
7848,4G,1.0,1.0,1.0,0.0
7883,4G,1.0,1.0,1.0,0.0
7773,3G,1.0,1.0,0.0,0.0
7675,4G,1.0,1.0,1.0,0.0
7606,4G,1.0,1.0,1.0,0.0
7556,4G,1.0,1.0,1.0,0.0
7575,4G,1.0,1.0,1.0,0.0
7496,4G,1.0,1.0,1.0,0.0
7451,4G,1.0,1.0,1.0,0.0
7442,4G,1.0,1.0,1.0,0.0
7437,3G,1.0,1.0,0.0,0.0
7363,4G,1.0,1.0,1.0,0.0
7250,4G,1.0,1.0,1.0,0.0
7253,4G,1.0,1.0,1.0,0.0
7245,4G,1.0,1.0,1.0,0.0
7212,4G,1.0,1.0,1.0,0.0
7148,4G,1.0,1.0,1.0,0.0
7051,4G,1.0,1.0,1.0,0.0
7052,4G,1.0,1.0,1.0,0.0
7053,4G,1.0,1.0,1.0,0.0
7054,4G,1.0,1.0,1.0,0.0
6916,4G,1.0,1.0,1.0,0.0
6812,4G,1.0,1.0,1.0,0.0
6776,3G,1.0,1.0,0.0,0.0
6764,4G,1.0,1.0,1.0,0.0
6750,4G,1.0,1.0,1.0,0.0
6709,4G,1.0,1.0,1.0,0.0
6606,3G,1.0,1.0,0.0,0.0
6555,3G,1.0,1.0,0.0,0.0
6593,3G,1.0,1.0,0.0,0.0
6592,3G,1.0,1.0,0.0,0.0
6575,4G,1.0,1.0,1.0,0.0
6569,4G,1.0,1.0,1.0,0.0
6562,4G,1.0,1.0,1.0,0.0
6554,4G,0.0,1.0,1.0,0.0
6546,3G,1.0,1.0,0.0,0.0
6545,4G,1.0,1.0,1.0,0.0
6520,4G,1.0,0.0,1.0,0.0
6475,4G,1.0,1.0,1.0,0.0
6315,3G,1.0,1.0,0.0,0.0
6572,4G,1.0,1.0,1.0,0.0
6294,4G,1.0,1.0,1.0,0.0
6357,4G,1.0,0.0,1.0,0.0
6353,No,0.0,0.0,0.0,0.0
6352,No,0.0,0.0,0.0,0.0
7038,3G,1.0,1.0,0.0,0.0
6326,4G,1.0,1.0,1.0,0.0
6307,3G,1.0,1.0,0.0,0.0
6173,4G,0.0,0.0,1.0,0.0
6133,4G,1.0,1.0,1.0,0.0
6118,4G,1.0,1.0,1.0,0.0
6117,4G,1.0,1.0,1.0,0.0
6077,3G,1.0,1.0,0.0,0.0
6171,3G,1.0,1.0,0.0,0.0
6100,3G,1.0,1.0,0.0,0.0
6285,3G,1.0,1.0,0.0,0.0
6101,3G,1.0,1.0,0.0,0.0
6286,3G,1.0,1.0,0.0,0.0
6102,3G,1.0,1.0,0.0,0.0
6052,4G,1.0,1.0,1.0,0.0
6032,3G,1.0,1.0,0.0,0.0
5998,4G,1.0,1.0,1.0,0.0
5901,4G,1.0,1.0,1.0,0.0
5705,4G,1.0,1.0,1.0,0.0
5806,4G,1.0,1.0,1.0,0.0
5772,3G,1.0,1.0,0.0,0.0
5736,3G,1.0,1.0,0.0,0.0
5750,3G,1.0,1.0,0.0,0.0
5673,No,0.0,0.0,0.0,0.0
5543,4G,1.0,1.0,1.0,0.0
5650,3G,1.0,1.0,0.0,0.0
5649,4G,1.0,1.0,1.0,0.0
5602,3G,1.0,1.0,0.0,0.0
5488,3G,1.0,1.0,0.0,0.0
5487,3G,1.0,1.0,0.0,0.0
5554,3G,1.0,1.0,0.0,0.0
5509,4G,1.0,1.0,1.0,0.0
5390,4G,1.0,1.0,1.0,0.0
5315,4G,1.0,1.0,1.0,0.0
5722,4G,1.0,1.0,1.0,0.0
5316,4G,1.0,1.0,1.0,0.0
5254,4G,1.0,1.0,1.0,0.0
5372,3G,1.0,1.0,0.0,0.0
5275,3G,1.0,1.0,0.0,0.0
5373,3G,1.0,1.0,0.0,0.0
5293,3G,1.0,1.0,0.0,0.0
5389,3G,1.0,1.0,0.0,0.0
5292,3G,1.0,1.0,0.0,0.0
5608,3G,1.0,1.0,0.0,0.0
5048,3G,1.0,1.0,0.0,0.0
5078,4G,1.0,1.0,1.0,0.0
5032,4G,1.0,1.0,1.0,0.0
5025,3G,1.0,1.0,0.0,0.0
5062,4G,1.0,1.0,1.0,0.0
4751,4G,1.0,1.0,1.0,0.0
4941,4G,1.0,1.0,1.0,0.0
5005,4G,1.0,1.0,1.0,0.0
4982,3G,1.0,1.0,0.0,0.0
4981,4G,1.0,1.0,1.0,0.0
4964,3G,1.0,1.0,0.0,0.0
4955,3G,1.0,1.0,0.0,0.0
4948,4G,1.0,1.0,1.0,0.0
4932,3G,1.0,1.0,0.0,0.0
4835,3G,1.0,1.0,0.0,0.0
4749,3G,1.0,1.0,0.0,0.0
4739,4G,1.0,1.0,1.0,0.0
4717,4G,1.0,1.0,1.0,0.0
4653,4G,1.0,1.0,1.0,0.0
4649,3G,1.0,1.0,0.0,0.0
4563,3G,1.0,1.0,0.0,0.0
4562,3G,1.0,1.0,0.0,0.0
4545,3G,1.0,1.0,0.0,0.0
4565,3G,1.0,1.0,0.0,0.0
4571,3G,1.0,1.0,0.0,0.0
4554,4G,1.0,1.0,1.0,0.0
4461,3G,1.0,1.0,0.0,0.0
4430,4G,1.0,1.0,1.0,0.0
4416,4G,1.0,1.0,1.0,0.0
4377,4G,1.0,1.0,1.0,0.0
4064,3G,1.0,1.0,0.0,0.0
4329,4G,1.0,1.0,1.0,0.0
4353,4G,1.0,1.0,1.0,0.0
4257,3G,1.0,1.0,0.0,0.0
4213,4G,1.0,1.0,1.0,0.0
4188,4G,1.0,1.0,1.0,0.0
4201,3G,1.0,1.0,0.0,0.0
4140,3G,1.0,1.0,0.0,0.0
4157,3G,1.0,1.0,0.0,0.0
4067,3G,1.0,1.0,0.0,0.0
4309,3G,1.0,1.0,0.0,0.0
4043,3G,1.0,1.0,0.0,0.0
4289,4G,1.0,1.0,1.0,0.0
4287,3G,1.0,1.0,0.0,0.0
4037,3G,1.0,1.0,0.0,0.0
4040,3G,1.0,1.0,0.0,0.0
3886,3G,1.0,1.0,0.0,0.0
3759,3G,1.0,1.0,0.0,0.0
3704,3G,1.0,1.0,0.0,0.0
3762,3G,1.0,1.0,0.0,0.0
3598,3G,1.0,1.0,0.0,0.0
3731,3G,1.0,1.0,0.0,0.0
3558,3G,1.0,1.0,0.0,0.0
3532,3G,1.0,1.0,0.0,0.0
3516,3G,1.0,1.0,0.0,0.0
3081,3G,1.0,1.0,0.0,0.0
12471,5G,1.0,1.0,1.0,1.0
12381,5G,1.0,1.0,1.0,1.0
12321,4G,1.0,1.0,1.0,0.0
12244,5G,1.0,1.0,1.0,1.0
12184,4G,1.0,1.0,1.0,0.0
12139,4G,1.0,1.0,1.0,0.0
12137,4G,1.0,1.0,1.0,0.0
12085,4G,1.0,1.0,1.0,0.0
11831,5G,1.0,1.0,1.0,1.0
11826,5G,1.0,1.0,1.0,1.0
11825,4G,1.0,1.0,1.0,0.0
11669,4G,1.0,1.0,1.0,0.0
11644,4G,1.0,1.0,1.0,0.0
11629,4G,1.0,1.0,1.0,0.0
11381,4G,1.0,1.0,1.0,0.0
11380,4G,1.0,1.0,1.0,0.0
11382,4G,1.0,1.0,1.0,0.0
11358,4G,1.0,1.0,1.0,0.0
11356,4G,1.0,1.0,1.0,0.0
11207,5G,1.0,1.0,1.0,1.0
11135,5G,1.0,1.0,1.0,1.0
11077,5G,1.0,1.0,1.0,1.0
11013,5G,1.0,1.0,1.0,1.0
10967,4G,1.0,1.0,1.0,0.0
11019,3G,1.0,1.0,0.0,0.0
10959,4G,1.0,1.0,1.0,0.0
10955,4G,1.0,1.0,1.0,0.0
10838,5G,1.0,1.0,1.0,1.0
10840,5G,1.0,1.0,1.0,1.0
10841,4G,1.0,1.0,1.0,0.0
10842,4G,1.0,1.0,1.0,0.0
10843,4G,1.0,1.0,1.0,0.0
10844,3G,1.0,1.0,0.0,0.0
10700,4G,1.0,1.0,1.0,0.0
10624,4G,1.0,1.0,1.0,0.0
10584,4G,1.0,1.0,1.0,0.0
10588,5G,1.0,1.0,1.0,1.0
10547,4G,1.0,1.0,1.0,0.0
10404,4G,1.0,1.0,1.0,0.0
10460,4G,1.0,1.0,1.0,0.0
10351,4G,1.0,1.0,1.0,0.0
10273,4G,1.0,1.0,1.0,0.0
10275,4G,1.0,1.0,1.0,0.0
10274,4G,1.0,1.0,1.0,0.0
10142,5G,1.0,1.0,1.0,1.0
10117,4G,1.0,1.0,1.0,0.0
10143,4G,1.0,1.0,1.0,0.0
9993,3G,1.0,1.0,0.0,0.0
9988,4G,1.0,1.0,1.0,0.0
9833,4G,1.0,1.0,1.0,0.0
9834,4G,1.0,1.0,1.0,0.0
9731,4G,1.0,1.0,1.0,0.0
9652,4G,1.0,1.0,1.0,0.0
8867,4G,1.0,1.0,1.0,0.0
9603,4G,1.0,1.0,1.0,0.0
10619,4G,1.0,1.0,1.0,0.0
9604,4G,1.0,1.0,1.0,0.0
9538,4G,1.0,1.0,1.0,0.0
9342,4G,1.0,1.0,1.0,0.0
9364,4G,1.0,1.0,1.0,0.0
9354,4G,1.0,1.0,1.0,0.0
9178,4G,1.0,1.0,1.0,0.0
9246,4G,1.0,1.0,1.0,0.0
9214,4G,1.0,1.0,1.0,0.0
9215,4G,1.0,1.0,1.0,0.0
9216,4G,1.0,1.0,1.0,0.0
9087,4G,1.0,1.0,1.0,0.0
9058,4G,1.0,1.0,1.0,0.0
8972,4G,1.0,1.0,1.0,0.0
9052,4G,1.0,1.0,1.0,0.0
8513,4G,1.0,1.0,1.0,0.0
8907,4G,1.0,1.0,1.0,0.0
8522,4G,1.0,1.0,1.0,0.0
8572,4G,1.0,1.0,1.0,0.0
8571,4G,1.0,1.0,1.0,0.0
6885,4G,1.0,1.0,1.0,0.0
6877,4G,1.0,1.0,1.0,0.0
6814,No,0.0,0.0,0.0,0.0
6640,3G,1.0,1.0,0.0,0.0
6639,4G,1.0,1.0,1.0,0.0
6638,4G,1.0,1.0,1.0,0.0
6524,3G,1.0,1.0,0.0,0.0
6523,3G,1.0,1.0,0.0,0.0
6383,3G,1.0,1.0,0.0,0.0
6227,4G,1.0,1.0,1.0,0.0
6254,4G,1.0,1.0,1.0,0.0
6255,3G,1.0,1.0,0.0,0.0
6232,3G,1.0,1.0,0.0,0.0
6148,3G,1.0,1.0,0.0,0.0
6147,3G,1.0,1.0,0.0,0.0
6067,3G,1.0,1.0,0.0,0.0
5833,4G,1.0,1.0,1.0,0.0
5869,3G,1.0,1.0,0.0,0.0
5760,4G,1.0,1.0,1.0,0.0
5791,4G,1.0,1.0,1.0,0.0
5438,4G,1.0,1.0,1.0,0.0
5506,4G,1.0,1.0,1.0,0.0
5451,4G,1.0,1.0,1.0,0.0
5437,4G,1.0,1.0,1.0,0.0
5321,3G,1.0,1.0,0.0,0.0
5322,3G,1.0,1.0,0.0,0.0
5150,3G,1.0,1.0,0.0,0.0
5147,3G,1.0,1.0,0.0,0.0
5090,4G,1.0,1.0,1.0,0.0
5069,3G,1.0,1.0,0.0,0.0
5024,3G,1.0,1.0,0.0,0.0
4967,4G,1.0,1.0,1.0,0.0
4968,4G,1.0,1.0,1.0,0.0
4695,3G,1.0,1.0,0.0,0.0
4662,3G,1.0,1.0,0.0,0.0
4576,3G,1.0,1.0,0.0,0.0
4578,3G,1.0,1.0,0.0,0.0
4275,4G,1.0,1.0,1.0,0.0
4240,3G,1.0,1.0,0.0,0.0
4372,3G,1.0,1.0,0.0,0.0
4276,3G,1.0,1.0,0.0,0.0
4220,2G,1.0,0.0,0.0,0.0
4223,2G,1.0,0.0,0.0,0.0
4222,3G,1.0,1.0,0.0,0.0
3398,3G,1.0,1.0,0.0,0.0
3885,3G,1.0,1.0,0.0,0.0
3578,3G,1.0,1.0,0.0,0.0
3545,3G,1.0,1.0,0.0,0.0
3524,3G,1.0,1.0,0.0,0.0
3394,3G,1.0,1.0,0.0,0.0
3397,3G,1.0,1.0,0.0,0.0
3390,2G,1.0,0.0,0.0,0.0
3252,3G,1.0,1.0,0.0,0.0
3109,3G,1.0,1.0,0.0,0.0
12773,5G,1.0,1.0,1.0,1.0
12784,5G,1.0,1.0,1.0,1.0
12785,5G,1.0,1.0,1.0,1.0
12616,4G,1.0,1.0,1.0,0.0
12520,5G,1.0,1.0,1.0,1.0
12584,4G,1.0,1.0,1.0,0.0
12189,5G,1.0,1.0,1.0,1.0
12074,5G,1.0,1.0,1.0,1.0
12024,5G,1.0,1.0,1.0,1.0
12083,5G,1.0,1.0,1.0,1.0
12082,5G,1.0,1.0,1.0,1.0
12151,4G,1.0,1.0,1.0,0.0
12004,5G,1.0,1.0,1.0,1.0
11945,4G,1.0,1.0,1.0,0.0
11803,4G,1.0,1.0,1.0,0.0
11736,5G,1.0,1.0,1.0,1.0
11665,4G,1.0,1.0,1.0,0.0
11600,5G,1.0,1.0,1.0,1.0
11564,4G,1.0,1.0,1.0,0.0
11439,5G,1.0,1.0,1.0,1.0
11459,5G,1.0,1.0,1.0,1.0
11268,5G,1.0,1.0,1.0,1.0
11429,5G,1.0,1.0,1.0,1.0
11403,5G,1.0,1.0,1.0,1.0
11373,4G,1.0,1.0,1.0,0.0
11402,4G,1.0,1.0,1.0,0.0
10954,5G,1.0,1.0,1.0,1.0
11149,5G,1.0,1.0,1.0,1.0
11244,4G,1.0,1.0,1.0,0.0
11215,4G,1.0,1.0,1.0,0.0
11124,5G,1.0,1.0,1.0,1.0
11110,5G,1.0,1.0,1.0,1.0
11011,4G,1.0,1.0,1.0,0.0
11062,5G,1.0,1.0,1.0,1.0
10937,4G,1.0,1.0,1.0,0.0
11039,5G,1.0,1.0,1.0,1.0
11087,4G,1.0,1.0,1.0,0.0
11041,4G,1.0,1.0,1.0,0.0
11015,4G,1.0,1.0,1.0,0.0
10996,4G,1.0,1.0,1.0,0.0
10873,5G,1.0,1.0,1.0,1.0
10948,4G,1.0,1.0,1.0,0.0
10900,5G,1.0,1.0,1.0,1.0
10848,5G,1.0,1.0,1.0,1.0
10860,4G,1.0,1.0,1.0,0.0
10850,5G,1.0,1.0,1.0,1.0
10825,4G,1.0,1.0,1.0,0.0
10824,4G,1.0,1.0,1.0,0.0
10469,4G,1.0,1.0,1.0,0.0
10631,5G,1.0,1.0,1.0,1.0
10641,4G,1.0,1.0,1.0,0.0
10718,4G,1.0,1.0,1.0,0.0
10753,4G,1.0,1.0,1.0,0.0
10740,4G,1.0,1.0,1.0,0.0
10578,4G,1.0,1.0,1.0,0.0
10648,5G,1.0,1.0,1.0,1.0
10663,4G,1.0,1.0,1.0,0.0
10604,4G,1.0,1.0,1.0,0.0
10709,4G,1.0,1.0,1.0,0.0
10708,4G,1.0,1.0,1.0,0.0
10603,4G,1.0,1.0,1.0,0.0
10580,4G,1.0,1.0,1.0,0.0
10496,4G,1.0,1.0,1.0,0.0
10498,4G,1.0,1.0,1.0,0.0
10377,5G,1.0,1.0,1.0,1.0
10428,4G,1.0,1.0,1.0,0.0
10412,5G,1.0,1.0,1.0,1.0
10148,4G,1.0,1.0,1.0,0.0
10371,5G,1.0,1.0,1.0,1.0
10261,5G,1.0,1.0,1.0,1.0
10355,4G,1.0,1.0,1.0,0.0
10338,4G,1.0,1.0,1.0,0.0
10333,4G,1.0,1.0,1.0,0.0
10335,4G,1.0,1.0,1.0,0.0
10316,4G,1.0,1.0,1.0,0.0
10314,4G,1.0,1.0,1.0,0.0
10216,4G,1.0,1.0,1.0,0.0
10239,4G,1.0,1.0,1.0,0.0
10208,4G,1.0,1.0,1.0,0.0
10243,5G,1.0,1.0,1.0,1.0
10157,5G,1.0,1.0,1.0,1.0
10483,4G,1.0,1.0,1.0,0.0
10124,4G,1.0,1.0,1.0,0.0
10149,4G,1.0,1.0,1.0,0.0
10138,4G,1.0,1.0,1.0,0.0
10111,4G,1.0,1.0,1.0,0.0
10132,4G,1.0,1.0,1.0,0.0
10079,4G,1.0,1.0,1.0,0.0
10040,5G,1.0,1.0,1.0,1.0
10084,4G,1.0,1.0,1.0,0.0
10041,5G,1.0,1.0,1.0,1.0
10080,4G,1.0,1.0,1.0,0.0
10254,5G,1.0,1.0,1.0,1.0
10044,5G,1.0,1.0,1.0,1.0
10081,4G,1.0,1.0,1.0,0.0
10004,5G,1.0,1.0,1.0,1.0
10001,4G,1.0,1.0,1.0,0.0
10003,4G,1.0,1.0,1.0,0.0
9917,4G,1.0,1.0,1.0,0.0
9999,4G,1.0,1.0,1.0,0.0
9995,4G,1.0,1.0,1.0,0.0
9963,4G,1.0,1.0,1.0,0.0
9937,4G,1.0,1.0,1.0,0.0
9899,4G,1.0,1.0,1.0,0.0
9852,4G,1.0,1.0,1.0,0.0
9818,4G,1.0,1.0,1.0,0.0
9861,4G,1.0,1.0,1.0,0.0
9795,5G,1.0,1.0,1.0,1.0
9796,4G,1.0,1.0,1.0,0.0
9806,4G,1.0,1.0,1.0,0.0
9787,5G,1.0,1.0,1.0,1.0
9732,4G,1.0,1.0,1.0,0.0
9789,5G,1.0,1.0,1.0,1.0
9788,4G,1.0,1.0,1.0,0.0
9793,4G,1.0,1.0,1.0,0.0
9790,4G,1.0,1.0,1.0,0.0
9781,4G,1.0,1.0,1.0,0.0
9730,4G,1.0,1.0,1.0,0.0
9636,4G,1.0,1.0,1.0,0.0
9588,5G,1.0,1.0,1.0,1.0
9536,4G,1.0,1.0,1.0,0.0
9537,4G,1.0,1.0,1.0,0.0
9721,4G,1.0,1.0,1.0,0.0
9505,4G,1.0,1.0,1.0,0.0
9506,4G,1.0,1.0,1.0,0.0
9508,4G,1.0,1.0,1.0,0.0
9659,4G,1.0,1.0,1.0,0.0
9646,4G,1.0,1.0,1.0,0.0
9616,4G,1.0,1.0,1.0,0.0
9554,4G,1.0,1.0,1.0,0.0
9642,4G,1.0,1.0,1.0,0.0
9579,4G,1.0,1.0,1.0,0.0
9661,4G,1.0,1.0,1.0,0.0
9640,4G,1.0,1.0,1.0,0.0
9580,4G,1.0,1.0,1.0,0.0
9581,4G,1.0,1.0,1.0,0.0
9665,4G,1.0,1.0,1.0,0.0
9432,4G,1.0,1.0,1.0,0.0
9352,4G,1.0,1.0,1.0,0.0
9344,4G,1.0,1.0,1.0,0.0
9340,4G,1.0,1.0,1.0,0.0
9163,4G,1.0,1.0,1.0,0.0
9334,4G,1.0,1.0,1.0,0.0
9397,4G,1.0,1.0,1.0,0.0
9335,4G,1.0,1.0,1.0,0.0
9255,4G,1.0,1.0,1.0,0.0
9260,4G,1.0,1.0,1.0,0.0
9234,4G,1.0,1.0,1.0,0.0
8928,4G,1.0,1.0,1.0,0.0
9220,4G,1.0,1.0,1.0,0.0
9202,4G,1.0,1.0,1.0,0.0
9205,4G,1.0,1.0,1.0,0.0
9203,4G,1.0,1.0,1.0,0.0
9204,4G,1.0,1.0,1.0,0.0
9156,4G,1.0,1.0,1.0,0.0
9155,4G,1.0,1.0,1.0,0.0
9153,4G,1.0,1.0,1.0,0.0
9135,4G,1.0,1.0,1.0,0.0
8967,4G,1.0,1.0,1.0,0.0
8966,4G,1.0,1.0,1.0,0.0
8904,4G,1.0,1.0,1.0,0.0
8790,4G,1.0,1.0,1.0,0.0
8886,4G,1.0,1.0,1.0,0.0
8900,4G,1.0,1.0,1.0,0.0
8725,4G,1.0,1.0,1.0,0.0
8789,4G,1.0,1.0,1.0,0.0
8505,4G,1.0,1.0,1.0,0.0
8676,4G,1.0,1.0,1.0,0.0
8778,4G,1.0,1.0,1.0,0.0
8683,4G,1.0,1.0,1.0,0.0
8684,4G,1.0,1.0,1.0,0.0
8675,4G,1.0,1.0,1.0,0.0
8561,4G,1.0,1.0,1.0,0.0
8705,4G,1.0,1.0,1.0,0.0
8438,4G,1.0,1.0,1.0,0.0
9331,4G,1.0,1.0,1.0,0.0
8682,4G,1.0,1.0,1.0,0.0
8161,4G,1.0,1.0,1.0,0.0
8523,4G,1.0,1.0,1.0,0.0
8437,4G,1.0,1.0,1.0,0.0
8577,4G,1.0,1.0,1.0,0.0
8397,4G,1.0,1.0,1.0,0.0
8486,4G,1.0,1.0,1.0,0.0
8435,4G,1.0,1.0,1.0,0.0
8335,4G,1.0,1.0,1.0,0.0
8494,4G,1.0,1.0,1.0,0.0
8336,4G,1.0,1.0,1.0,0.0
8385,4G,1.0,1.0,1.0,0.0
8424,4G,1.0,1.0,1.0,0.0
8347,4G,1.0,1.0,1.0,0.0
7801,4G,1.0,1.0,1.0,0.0
8367,4G,1.0,1.0,1.0,0.0
8265,4G,1.0,1.0,1.0,0.0
8342,4G,1.0,1.0,1.0,0.0
8314,4G,1.0,1.0,1.0,0.0
8288,4G,1.0,1.0,1.0,0.0
8242,4G,1.0,1.0,1.0,0.0
8082,4G,1.0,1.0,1.0,0.0
8140,4G,1.0,1.0,1.0,0.0
8192,4G,1.0,1.0,1.0,0.0
8186,4G,1.0,1.0,1.0,0.0
8228,4G,1.0,1.0,1.0,0.0
8083,4G,1.0,1.0,1.0,0.0
8455,4G,1.0,1.0,1.0,0.0
8004,4G,1.0,1.0,1.0,0.0
8126,4G,1.0,1.0,1.0,0.0
8046,4G,1.0,1.0,1.0,0.0
8047,4G,1.0,1.0,1.0,0.0
7903,4G,1.0,1.0,1.0,0.0
7870,4G,1.0,1.0,1.0,0.0
7869,4G,1.0,1.0,1.0,0.0
7880,4G,1.0,1.0,1.0,0.0
7821,4G,1.0,1.0,1.0,0.0
7945,4G,1.0,1.0,1.0,0.0
7961,4G,1.0,1.0,1.0,0.0
7960,4G,1.0,1.0,1.0,0.0
7768,3G,1.0,1.0,0.0,0.0
7879,4G,1.0,1.0,1.0,0.0
7864,4G,1.0,1.0,1.0,0.0
7641,4G,1.0,1.0,1.0,0.0
7759,4G,1.0,1.0,1.0,0.0
7789,4G,1.0,1.0,1.0,0.0
7791,4G,1.0,1.0,1.0,0.0
8022,4G,1.0,1.0,1.0,0.0
7760,4G,1.0,1.0,1.0,0.0
7679,4G,1.0,1.0,1.0,0.0
7648,4G,1.0,1.0,1.0,0.0
7273,3G,1.0,1.0,0.0,0.0
7673,4G,1.0,1.0,1.0,0.0
7504,4G,1.0,1.0,1.0,0.0
7431,4G,1.0,1.0,1.0,0.0
7508,4G,1.0,1.0,1.0,0.0
7505,4G,1.0,1.0,1.0,0.0
7467,4G,1.0,1.0,1.0,0.0
7509,4G,1.0,1.0,1.0,0.0
6506,4G,1.0,1.0,1.0,0.0
7468,4G,1.0,1.0,1.0,0.0
7453,4G,1.0,1.0,1.0,0.0
7506,4G,1.0,1.0,1.0,0.0
7249,4G,1.0,1.0,1.0,0.0
7395,3G,1.0,1.0,0.0,0.0
8785,4G,1.0,1.0,1.0,0.0
7185,4G,1.0,1.0,1.0,0.0
7184,4G,1.0,1.0,1.0,0.0
7114,4G,1.0,1.0,1.0,0.0
7134,3G,1.0,1.0,0.0,0.0
8883,4G,1.0,1.0,1.0,0.0
7121,4G,1.0,1.0,1.0,0.0
6990,4G,1.0,1.0,1.0,0.0
7166,4G,1.0,1.0,1.0,0.0
7164,4G,1.0,1.0,1.0,0.0
7079,4G,1.0,1.0,1.0,0.0
7377,4G,1.0,1.0,1.0,0.0
6849,4G,1.0,1.0,1.0,0.0
7034,4G,1.0,1.0,1.0,0.0
7357,4G,1.0,1.0,1.0,0.0
6907,3G,1.0,1.0,0.0,0.0
7110,No,0.0,0.0,0.0,0.0
6894,3G,1.0,1.0,0.0,0.0
7132,4G,1.0,1.0,1.0,0.0
6763,4G,1.0,1.0,1.0,0.0
6905,4G,1.0,1.0,1.0,0.0
6879,4G,1.0,1.0,1.0,0.0
6906,3G,1.0,1.0,0.0,0.0
6716,4G,1.0,1.0,1.0,0.0
6802,4G,1.0,1.0,1.0,0.0
6761,4G,1.0,1.0,1.0,0.0
6803,4G,1.0,1.0,1.0,0.0
6762,4G,1.0,1.0,1.0,0.0
6748,4G,1.0,1.0,1.0,0.0
6725,3G,1.0,1.0,0.0,0.0
6790,3G,1.0,1.0,0.0,0.0
6708,4G,1.0,1.0,1.0,0.0
6706,4G,1.0,1.0,1.0,0.0
6631,4G,1.0,1.0,1.0,0.0
6749,4G,1.0,1.0,1.0,0.0
6758,4G,1.0,1.0,1.0,0.0
6434,4G,1.0,1.0,1.0,0.0
6658,4G,1.0,1.0,1.0,0.0
6659,No,0.0,0.0,0.0,0.0
6482,4G,1.0,1.0,1.0,0.0
6576,4G,1.0,1.0,1.0,0.0
6580,4G,1.0,1.0,1.0,0.0
6573,4G,1.0,1.0,1.0,0.0
6563,3G,1.0,1.0,0.0,0.0
6542,4G,1.0,1.0,1.0,0.0
6662,3G,1.0,1.0,0.0,0.0
6534,3G,1.0,1.0,0.0,0.0
6391,2G,1.0,0.0,0.0,0.0
6252,4G,1.0,1.0,1.0,0.0
6478,4G,1.0,1.0,1.0,0.0
6479,3G,1.0,1.0,0.0,0.0
6480,3G,1.0,1.0,0.0,0.0
6481,2G,1.0,0.0,0.0,0.0
6331,3G,1.0,1.0,0.0,0.0
6460,4G,1.0,1.0,1.0,0.0
6450,4G,1.0,1.0,1.0,0.0
6435,4G,1.0,1.0,1.0,0.0
6439,No,0.0,0.0,0.0,0.0
6432,4G,1.0,1.0,1.0,0.0
6433,3G,1.0,1.0,0.0,0.0
6404,4G,1.0,1.0,1.0,0.0
6356,4G,1.0,1.0,1.0,0.0
6210,4G,1.0,1.0,1.0,0.0
6289,3G,1.0,1.0,0.0,0.0
6284,3G,1.0,1.0,0.0,0.0
6251,No,0.0,0.0,0.0,0.0
6250,3G,1.0,1.0,0.0,0.0
6241,4G,1.0,1.0,1.0,0.0
6249,No,0.0,0.0,0.0,0.0
6248,3G,1.0,1.0,0.0,0.0
6240,4G,1.0,1.0,1.0,0.0
6209,3G,1.0,1.0,0.0,0.0
6190,3G,1.0,1.0,0.0,0.0
6272,4G,1.0,1.0,1.0,0.0
6237,3G,1.0,1.0,0.0,0.0
6338,4G,1.0,1.0,1.0,0.0
6033,4G,1.0,1.0,1.0,0.0
6846,4G,1.0,1.0,1.0,0.0
6099,4G,1.0,1.0,1.0,0.0
6054,3G,1.0,1.0,0.0,0.0
6015,3G,1.0,1.0,0.0,0.0
5961,4G,1.0,1.0,1.0,0.0
5975,3G,1.0,1.0,0.0,0.0
5969,No,0.0,0.0,0.0,0.0
5958,3G,1.0,1.0,0.0,0.0
6049,4G,1.0,1.0,1.0,0.0
5946,No,0.0,0.0,0.0,0.0
5928,No,0.0,0.0,0.0,0.0
5904,3G,1.0,1.0,0.0,0.0
5889,4G,1.0,1.0,1.0,0.0
5887,4G,1.0,1.0,1.0,0.0
5886,3G,1.0,1.0,0.0,0.0
5876,3G,1.0,1.0,0.0,0.0
5862,4G,1.0,1.0,1.0,0.0
5814,3G,1.0,1.0,0.0,0.0
5803,4G,1.0,1.0,1.0,0.0
5542,4G,1.0,1.0,1.0,0.0
5786,4G,1.0,1.0,1.0,0.0
5766,4G,1.0,1.0,1.0,0.0
5841,3G,1.0,1.0,0.0,0.0
5749,2G,1.0,0.0,0.0,0.0
5665,4G,1.0,1.0,1.0,0.0
5597,3G,1.0,1.0,0.0,0.0
5548,4G,1.0,1.0,1.0,0.0
5447,4G,1.0,1.0,1.0,0.0
5375,4G,1.0,1.0,1.0,0.0
5446,4G,1.0,1.0,1.0,0.0
5456,4G,1.0,1.0,1.0,0.0
5468,3G,1.0,1.0,0.0,0.0
5419,3G,1.0,1.0,0.0,0.0
5423,No,0.0,0.0,0.0,0.0
5422,4G,1.0,1.0,1.0,0.0
5398,4G,1.0,1.0,1.0,0.0
5396,3G,1.0,1.0,0.0,0.0
5394,3G,1.0,1.0,0.0,0.0
5392,3G,1.0,1.0,0.0,0.0
5391,3G,1.0,1.0,0.0,0.0
5314,2G,1.0,0.0,0.0,0.0
5371,4G,1.0,1.0,1.0,0.0
5125,3G,1.0,1.0,0.0,0.0
5420,3G,1.0,1.0,0.0,0.0
5388,4G,1.0,1.0,1.0,0.0
5253,No,0.0,0.0,0.0,0.0
5280,3G,1.0,1.0,0.0,0.0
5279,3G,1.0,1.0,0.0,0.0
5271,4G,1.0,1.0,1.0,0.0
5263,3G,1.0,1.0,0.0,0.0
5221,4G,1.0,1.0,1.0,0.0
5213,3G,1.0,1.0,0.0,0.0
5163,3G,1.0,1.0,0.0,0.0
5162,3G,1.0,1.0,0.0,0.0
5144,4G,1.0,1.0,1.0,0.0
5124,4G,1.0,1.0,1.0,0.0
5111,3G,1.0,1.0,0.0,0.0
5272,4G,1.0,1.0,1.0,0.0
5047,4G,1.0,1.0,1.0,0.0
5033,3G,1.0,1.0,0.0,0.0
5027,3G,1.0,1.0,0.0,0.0
5026,3G,1.0,1.0,0.0,0.0
5019,4G,1.0,1.0,1.0,0.0
5018,4G,1.0,1.0,1.0,0.0
5001,4G,1.0,1.0,1.0,0.0
4992,4G,1.0,1.0,1.0,0.0
4914,3G,1.0,1.0,0.0,0.0
4854,4G,1.0,1.0,1.0,0.0
5152,4G,1.0,1.0,1.0,0.0
4960,3G,1.0,1.0,0.0,0.0
4961,4G,0.0,1.0,1.0,0.0
4957,3G,1.0,1.0,0.0,0.0
4954,4G,1.0,1.0,1.0,0.0
4953,3G,1.0,1.0,0.0,0.0
4923,4G,1.0,1.0,1.0,0.0
4883,3G,1.0,1.0,0.0,0.0
4857,2G,1.0,0.0,0.0,0.0
5114,3G,1.0,1.0,0.0,0.0
4777,3G,1.0,1.0,0.0,0.0
4771,3G,1.0,1.0,0.0,0.0
4750,3G,1.0,1.0,0.0,0.0
4804,4G,1.0,1.0,1.0,0.0
4803,4G,1.0,1.0,1.0,0.0
4799,4G,1.0,1.0,1.0,0.0
4238,3G,1.0,1.0,0.0,0.0
5461,3G,1.0,1.0,0.0,0.0
4566,3G,1.0,1.0,0.0,0.0
4564,3G,1.0,1.0,0.0,0.0
5340,3G,1.0,1.0,0.0,0.0
4559,3G,1.0,1.0,0.0,0.0
3883,3G,1.0,1.0,0.0,0.0
4544,3G,1.0,1.0,0.0,0.0
4671,No,0.0,0.0,0.0,0.0
4543,3G,1.0,1.0,0.0,0.0
4469,3G,1.0,1.0,0.0,0.0
4432,3G,1.0,1.0,0.0,0.0
4420,3G,1.0,1.0,0.0,0.0
4419,4G,1.0,1.0,1.0,0.0
4406,4G,1.0,1.0,1.0,0.0
4415,4G,1.0,1.0,1.0,0.0
4952,3G,1.0,1.0,0.0,0.0
4374,4G,1.0,1.0,1.0,0.0
4397,3G,1.0,1.0,0.0,0.0
4387,3G,1.0,1.0,0.0,0.0
4344,3G,1.0,1.0,0.0,0.0
4158,3G,1.0,1.0,0.0,0.0
4159,3G,1.0,1.0,0.0,0.0
4303,4G,1.0,1.0,1.0,0.0
4277,3G,1.0,1.0,0.0,0.0
4301,4G,1.0,1.0,1.0,0.0
4219,4G,1.0,1.0,1.0,0.0
4327,3G,1.0,1.0,0.0,0.0
4262,4G,1.0,1.0,1.0,0.0
4071,3G,1.0,1.0,0.0,0.0
4239,3G,1.0,1.0,0.0,0.0
4667,No,0.0,0.0,0.0,0.0
4208,3G,1.0,1.0,0.0,0.0
4200,3G,1.0,1.0,0.0,0.0
4198,4G,1.0,1.0,1.0,0.0
4668,No,0.0,0.0,0.0,0.0
4136,3G,1.0,1.0,0.0,0.0
4135,4G,1.0,1.0,1.0,0.0
4130,3G,1.0,1.0,0.0,0.0
4129,3G,1.0,1.0,0.0,0.0
3956,3G,1.0,1.0,0.0,0.0
4376,4G,1.0,1.0,1.0,0.0
4124,4G,1.0,1.0,1.0,0.0
4114,3G,1.0,1.0,0.0,0.0
4117,3G,1.0,1.0,0.0,0.0
4091,3G,1.0,1.0,0.0,0.0
4059,3G,1.0,1.0,0.0,0.0
3967,3G,1.0,1.0,0.0,0.0
4026,3G,1.0,1.0,0.0,0.0
3969,3G,1.0,1.0,0.0,0.0
3968,3G,1.0,1.0,0.0,0.0
3908,3G,1.0,1.0,0.0,0.0
3913,3G,1.0,1.0,0.0,0.0
3920,3G,1.0,1.0,0.0,0.0
3919,No,0.0,0.0,0.0,0.0
3893,No,0.0,0.0,0.0,0.0
3884,3G,1.0,1.0,0.0,0.0
3621,3G,1.0,1.0,0.0,0.0
3761,3G,1.0,1.0,0.0,0.0
3724,3G,1.0,1.0,0.0,0.0
3726,3G,1.0,1.0,0.0,0.0
3741,3G,1.0,1.0,0.0,0.0
3725,3G,1.0,1.0,0.0,0.0
3719,3G,1.0,1.0,0.0,0.0
3620,3G,1.0,1.0,0.0,0.0
3453,3G,1.0,1.0,0.0,0.0
3672,3G,1.0,1.0,0.0,0.0
3370,3G,1.0,1.0,0.0,0.0
3580,3G,1.0,1.0,0.0,0.0
3581,3G,1.0,1.0,0.0,0.0
3408,3G,1.0,1.0,0.0,0.0
3410,3G,1.0,1.0,0.0,0.0
3432,3G,1.0,1.0,0.0,0.0
3395,3G,1.0,1.0,0.0,0.0
3294,3G,1.0,1.0,0.0,0.0
3115,3G,1.0,1.0,0.0,0.0
12534,5G,1.0,1.0,1.0,1.0
12263,5G,1.0,1.0,1.0,1.0
12264,5G,1.0,1.0,1.0,1.0
11838,5G,1.0,1.0,1.0,1.0
11521,5G,1.0,1.0,1.0,1.0
11522,5G,1.0,1.0,1.0,1.0
11174,5G,1.0,1.0,1.0,1.0
11064,5G,1.0,1.0,1.0,1.0
10851,5G,1.0,1.0,1.0,1.0
10698,5G,1.0,1.0,1.0,1.0
10707,5G,1.0,1.0,1.0,1.0
10396,5G,1.0,1.0,1.0,1.0
10096,5G,1.0,1.0,1.0,1.0
10095,4G,1.0,1.0,1.0,0.0
10091,4G,1.0,1.0,1.0,0.0
9840,4G,1.0,1.0,1.0,0.0
9543,4G,1.0,1.0,1.0,0.0
9591,4G,1.0,1.0,1.0,0.0
9353,4G,1.0,1.0,1.0,0.0
9592,4G,1.0,1.0,1.0,0.0
9268,4G,1.0,1.0,1.0,0.0
9232,4G,1.0,1.0,1.0,0.0
9166,4G,1.0,1.0,1.0,0.0
9081,4G,1.0,1.0,1.0,0.0
9082,4G,1.0,1.0,1.0,0.0
8985,4G,1.0,1.0,1.0,0.0
8986,4G,1.0,1.0,1.0,0.0
8987,4G,1.0,1.0,1.0,0.0
8804,4G,1.0,1.0,1.0,0.0
8840,4G,1.0,1.0,1.0,0.0
8610,4G,1.0,1.0,1.0,0.0
8619,4G,1.0,1.0,1.0,0.0
8599,4G,1.0,1.0,1.0,0.0
8593,4G,1.0,1.0,1.0,0.0
8595,4G,1.0,1.0,1.0,0.0
8596,4G,1.0,1.0,1.0,0.0
8292,4G,1.0,1.0,1.0,0.0
8313,4G,1.0,1.0,1.0,0.0
8113,4G,1.0,1.0,1.0,0.0
8102,4G,1.0,1.0,1.0,0.0
7949,4G,1.0,1.0,1.0,0.0
7948,4G,1.0,1.0,1.0,0.0
7957,4G,1.0,1.0,1.0,0.0
7950,4G,1.0,1.0,1.0,0.0
7538,4G,1.0,1.0,1.0,0.0
7536,4G,1.0,1.0,1.0,0.0
7537,4G,1.0,1.0,1.0,0.0
7534,4G,1.0,1.0,1.0,0.0
7535,4G,1.0,1.0,1.0,0.0
7465,4G,1.0,1.0,1.0,0.0
7464,4G,1.0,1.0,1.0,0.0
7466,4G,1.0,1.0,1.0,0.0
7463,4G,1.0,1.0,1.0,0.0
7257,4G,1.0,1.0,1.0,0.0
6878,4G,1.0,1.0,1.0,0.0
7228,4G,1.0,1.0,1.0,0.0
7227,4G,1.0,1.0,1.0,0.0
7100,4G,1.0,1.0,1.0,0.0
7068,4G,1.0,1.0,1.0,0.0
7069,4G,1.0,1.0,1.0,0.0
7059,4G,1.0,1.0,1.0,0.0
7060,4G,1.0,1.0,1.0,0.0
7031,3G,1.0,1.0,0.0,0.0
6882,3G,1.0,1.0,0.0,0.0
6663,3G,1.0,1.0,0.0,0.0
6634,4G,1.0,1.0,1.0,0.0
6633,4G,1.0,1.0,1.0,0.0
6632,4G,1.0,1.0,1.0,0.0
6796,4G,1.0,1.0,1.0,0.0
6539,4G,1.0,1.0,1.0,0.0
6582,4G,1.0,1.0,1.0,0.0
6538,4G,1.0,1.0,1.0,0.0
6489,3G,1.0,1.0,0.0,0.0
6488,4G,1.0,1.0,1.0,0.0
6456,4G,1.0,1.0,1.0,0.0
6408,4G,1.0,1.0,1.0,0.0
6146,4G,1.0,1.0,1.0,0.0
6162,3G,1.0,1.0,0.0,0.0
6145,4G,1.0,1.0,1.0,0.0
6161,No,0.0,0.0,0.0,0.0
6144,4G,1.0,1.0,1.0,0.0
5967,3G,1.0,1.0,0.0,0.0
5966,3G,1.0,1.0,0.0,0.0
5968,3G,1.0,1.0,0.0,0.0
5950,4G,1.0,1.0,1.0,0.0
5753,4G,1.0,1.0,1.0,0.0
5596,4G,1.0,1.0,1.0,0.0
5540,4G,1.0,1.0,1.0,0.0
5541,3G,1.0,1.0,0.0,0.0
5497,3G,1.0,1.0,0.0,0.0
5421,4G,1.0,1.0,1.0,0.0
5363,3G,1.0,1.0,0.0,0.0
5364,4G,1.0,1.0,1.0,0.0
5204,4G,1.0,1.0,1.0,0.0
5203,4G,1.0,1.0,1.0,0.0
5148,3G,1.0,1.0,0.0,0.0
5149,3G,1.0,1.0,0.0,0.0
5015,4G,1.0,1.0,1.0,0.0
4958,4G,1.0,1.0,1.0,0.0
4930,3G,1.0,1.0,0.0,0.0
4959,3G,1.0,1.0,0.0,0.0
4899,3G,1.0,1.0,0.0,0.0
4894,3G,1.0,1.0,0.0,0.0
4832,3G,1.0,1.0,0.0,0.0
4718,3G,1.0,1.0,0.0,0.0
4831,3G,1.0,1.0,0.0,0.0
4782,3G,1.0,1.0,0.0,0.0
4781,3G,1.0,1.0,0.0,0.0
4775,4G,1.0,1.0,1.0,0.0
4774,4G,1.0,1.0,1.0,0.0
4773,3G,1.0,1.0,0.0,0.0
4772,3G,1.0,1.0,0.0,0.0
4647,3G,1.0,1.0,0.0,0.0
4408,3G,1.0,1.0,0.0,0.0
4437,3G,1.0,1.0,0.0,0.0
4436,3G,1.0,1.0,0.0,0.0
4369,3G,1.0,1.0,0.0,0.0
4798,3G,1.0,1.0,0.0,0.0
4412,4G,1.0,1.0,1.0,0.0
12572,5G,1.0,1.0,1.0,1.0
12581,5G,1.0,1.0,1.0,1.0
12776,5G,1.0,1.0,1.0,1.0
12714,5G,1.0,1.0,1.0,1.0
12715,5G,1.0,1.0,1.0,1.0
12716,5G,1.0,1.0,1.0,1.0
12697,5G,1.0,1.0,1.0,1.0
12689,4G,1.0,1.0,1.0,0.0
12684,4G,1.0,1.0,1.0,0.0
12388,5G,1.0,1.0,1.0,1.0
12389,5G,1.0,1.0,1.0,1.0
12582,5G,1.0,1.0,1.0,1.0
12470,5G,1.0,1.0,1.0,1.0
12245,5G,1.0,1.0,1.0,1.0
12134,5G,1.0,1.0,1.0,1.0
12257,5G,1.0,1.0,1.0,1.0
12258,5G,1.0,1.0,1.0,1.0
12218,4G,1.0,1.0,1.0,0.0
12209,4G,1.0,1.0,1.0,0.0
12181,5G,1.0,1.0,1.0,1.0
12197,4G,1.0,1.0,1.0,0.0
12124,4G,1.0,1.0,1.0,0.0
12188,4G,1.0,1.0,1.0,0.0
12072,5G,1.0,1.0,1.0,1.0
12094,5G,1.0,1.0,1.0,1.0
12092,5G,1.0,1.0,1.0,1.0
12063,5G,1.0,1.0,1.0,1.0
12053,4G,1.0,1.0,1.0,0.0
12045,5G,1.0,1.0,1.0,1.0
12047,5G,1.0,1.0,1.0,1.0
11953,5G,1.0,1.0,1.0,1.0
11954,5G,1.0,1.0,1.0,1.0
11955,5G,1.0,1.0,1.0,1.0
11956,5G,1.0,1.0,1.0,1.0
11887,5G,1.0,1.0,1.0,1.0
11888,5G,1.0,1.0,1.0,1.0
11904,5G,1.0,1.0,1.0,1.0
11909,4G,1.0,1.0,1.0,0.0
11906,5G,1.0,1.0,1.0,1.0
11855,4G,1.0,1.0,1.0,0.0
11834,5G,1.0,1.0,1.0,1.0
11848,4G,1.0,1.0,1.0,0.0
11832,4G,1.0,1.0,1.0,0.0
11850,4G,1.0,1.0,1.0,0.0
11869,4G,1.0,1.0,1.0,0.0
11819,4G,1.0,1.0,1.0,0.0
11762,5G,1.0,1.0,1.0,1.0
11580,5G,1.0,1.0,1.0,1.0
11472,5G,1.0,1.0,1.0,1.0
11652,5G,1.0,1.0,1.0,1.0
11551,5G,1.0,1.0,1.0,1.0
11519,4G,1.0,1.0,1.0,0.0
11427,5G,1.0,1.0,1.0,1.0
11479,5G,1.0,1.0,1.0,1.0
11487,5G,1.0,1.0,1.0,1.0
11453,5G,1.0,1.0,1.0,1.0
11454,5G,1.0,1.0,1.0,1.0
11455,5G,1.0,1.0,1.0,1.0
11449,4G,1.0,1.0,1.0,0.0
11419,5G,1.0,1.0,1.0,1.0
11425,5G,1.0,1.0,1.0,1.0
11180,5G,1.0,1.0,1.0,1.0
11372,5G,1.0,1.0,1.0,1.0
11430,5G,1.0,1.0,1.0,1.0
11431,5G,1.0,1.0,1.0,1.0
11287,5G,1.0,1.0,1.0,1.0
11285,5G,1.0,1.0,1.0,1.0
11292,5G,1.0,1.0,1.0,1.0
11412,5G,1.0,1.0,1.0,1.0
11395,5G,1.0,1.0,1.0,1.0
11396,5G,1.0,1.0,1.0,1.0
11371,5G,1.0,1.0,1.0,1.0
11388,4G,1.0,1.0,1.0,0.0
11362,5G,1.0,1.0,1.0,1.0
11357,4G,1.0,1.0,1.0,0.0
11333,5G,1.0,1.0,1.0,1.0
11334,4G,1.0,1.0,1.0,0.0
11335,4G,1.0,1.0,1.0,0.0
11336,4G,1.0,1.0,1.0,0.0
11186,5G,1.0,1.0,1.0,1.0
11193,5G,1.0,1.0,1.0,1.0
11159,5G,1.0,1.0,1.0,1.0
11181,5G,1.0,1.0,1.0,1.0
11152,5G,1.0,1.0,1.0,1.0
11153,5G,1.0,1.0,1.0,1.0
11137,4G,1.0,1.0,1.0,0.0
11119,5G,1.0,1.0,1.0,1.0
11129,4G,1.0,1.0,1.0,0.0
11128,4G,1.0,1.0,1.0,0.0
11134,4G,1.0,1.0,1.0,0.0
11127,4G,1.0,1.0,1.0,0.0
11100,5G,1.0,1.0,1.0,1.0
11099,5G,1.0,1.0,1.0,1.0
11101,5G,1.0,1.0,1.0,1.0
11079,4G,1.0,1.0,1.0,0.0
11060,4G,1.0,1.0,1.0,0.0
11040,5G,1.0,1.0,1.0,1.0
10949,5G,1.0,1.0,1.0,1.0
11008,5G,1.0,1.0,1.0,1.0
10930,5G,1.0,1.0,1.0,1.0
10919,4G,1.0,1.0,1.0,0.0
10857,5G,1.0,1.0,1.0,1.0
10880,5G,1.0,1.0,1.0,1.0
10867,4G,1.0,1.0,1.0,0.0
10737,5G,1.0,1.0,1.0,1.0
10777,5G,1.0,1.0,1.0,1.0
10815,5G,1.0,1.0,1.0,1.0
10665,4G,1.0,1.0,1.0,0.0
10805,5G,1.0,1.0,1.0,1.0
10714,5G,1.0,1.0,1.0,1.0
10802,4G,1.0,1.0,1.0,0.0
10758,5G,1.0,1.0,1.0,1.0
10780,5G,1.0,1.0,1.0,1.0
10662,4G,1.0,1.0,1.0,0.0
10768,5G,1.0,1.0,1.0,1.0
10769,4G,1.0,1.0,1.0,0.0
10247,4G,1.0,1.0,1.0,0.0
10770,4G,1.0,1.0,1.0,0.0
10771,4G,1.0,1.0,1.0,0.0
10752,5G,1.0,1.0,1.0,1.0
10727,5G,1.0,1.0,1.0,1.0
10728,5G,1.0,1.0,1.0,1.0
10661,5G,1.0,1.0,1.0,1.0
10670,4G,1.0,1.0,1.0,0.0
10615,5G,1.0,1.0,1.0,1.0
10616,4G,1.0,1.0,1.0,0.0
10582,5G,1.0,1.0,1.0,1.0
10581,5G,1.0,1.0,1.0,1.0
10609,4G,1.0,1.0,1.0,0.0
10599,4G,1.0,1.0,1.0,0.0
10517,5G,1.0,1.0,1.0,1.0
10437,5G,1.0,1.0,1.0,1.0
10473,5G,1.0,1.0,1.0,1.0
10480,5G,1.0,1.0,1.0,1.0
10591,4G,1.0,1.0,1.0,0.0
10399,4G,1.0,1.0,1.0,0.0
10461,4G,1.0,1.0,1.0,0.0
10415,4G,1.0,1.0,1.0,0.0
10398,4G,1.0,1.0,1.0,0.0
10361,5G,1.0,1.0,1.0,1.0
10349,5G,1.0,1.0,1.0,1.0
10350,5G,1.0,1.0,1.0,1.0
10318,4G,1.0,1.0,1.0,0.0
10279,4G,1.0,1.0,1.0,0.0
10277,4G,1.0,1.0,1.0,0.0
10278,4G,1.0,1.0,1.0,0.0
10233,4G,1.0,1.0,1.0,0.0
10267,5G,1.0,1.0,1.0,1.0
10266,5G,1.0,1.0,1.0,1.0
10202,4G,1.0,1.0,1.0,0.0
10200,5G,1.0,1.0,1.0,1.0
10220,5G,1.0,1.0,1.0,1.0
10235,5G,1.0,1.0,1.0,1.0
10217,4G,1.0,1.0,1.0,0.0
10192,4G,1.0,1.0,1.0,0.0
10183,4G,1.0,1.0,1.0,0.0
10207,5G,1.0,1.0,1.0,1.0
10159,5G,1.0,1.0,1.0,1.0
10150,5G,1.0,1.0,1.0,1.0
10140,5G,1.0,1.0,1.0,1.0
10147,4G,1.0,1.0,1.0,0.0
10126,4G,1.0,1.0,1.0,0.0
10120,4G,1.0,1.0,1.0,0.0
10109,5G,1.0,1.0,1.0,1.0
10110,5G,1.0,1.0,1.0,1.0
10055,5G,1.0,1.0,1.0,1.0
10082,5G,1.0,1.0,1.0,1.0
10169,4G,1.0,1.0,1.0,0.0
10078,4G,1.0,1.0,1.0,0.0
9991,4G,1.0,1.0,1.0,0.0
9979,5G,1.0,1.0,1.0,1.0
9946,4G,1.0,1.0,1.0,0.0
9945,4G,1.0,1.0,1.0,0.0
9936,4G,1.0,1.0,1.0,0.0
9935,4G,1.0,1.0,1.0,0.0
9800,4G,1.0,1.0,1.0,0.0
9897,4G,1.0,1.0,1.0,0.0
9892,5G,1.0,1.0,1.0,1.0
9891,4G,1.0,1.0,1.0,0.0
9884,4G,1.0,1.0,1.0,0.0
9862,4G,1.0,1.0,1.0,0.0
9812,4G,1.0,1.0,1.0,0.0
9779,4G,1.0,1.0,1.0,0.0
9769,4G,1.0,1.0,1.0,0.0
9716,4G,1.0,1.0,1.0,0.0
9759,4G,1.0,1.0,1.0,0.0
9749,4G,1.0,1.0,1.0,0.0
9791,4G,1.0,1.0,1.0,0.0
9738,4G,1.0,1.0,1.0,0.0
9720,4G,1.0,1.0,1.0,0.0
9708,4G,1.0,1.0,1.0,0.0
9707,4G,1.0,1.0,1.0,0.0
9639,4G,1.0,1.0,1.0,0.0
9498,4G,1.0,1.0,1.0,0.0
9521,4G,1.0,1.0,1.0,0.0
9602,5G,1.0,1.0,1.0,1.0
9584,4G,1.0,1.0,1.0,0.0
9583,4G,1.0,1.0,1.0,0.0
9507,4G,1.0,1.0,1.0,0.0
9534,4G,1.0,1.0,1.0,0.0
9513,4G,1.0,1.0,1.0,0.0
9499,4G,1.0,1.0,1.0,0.0
9382,4G,1.0,1.0,1.0,0.0
9378,4G,1.0,1.0,1.0,0.0
9333,4G,1.0,1.0,1.0,0.0
9329,4G,1.0,1.0,1.0,0.0
9293,4G,1.0,1.0,1.0,0.0
9140,4G,1.0,1.0,1.0,0.0
9247,4G,1.0,1.0,1.0,0.0
8963,4G,1.0,1.0,1.0,0.0
9249,4G,0.0,0.0,1.0,0.0
9237,4G,1.0,1.0,1.0,0.0
9217,4G,1.0,1.0,1.0,0.0
9219,4G,1.0,1.0,1.0,0.0
9185,4G,1.0,1.0,1.0,0.0
9067,4G,1.0,1.0,1.0,0.0
9120,4G,1.0,1.0,1.0,0.0
8893,4G,1.0,1.0,1.0,0.0
9164,4G,1.0,1.0,1.0,0.0
8959,4G,1.0,1.0,1.0,0.0
8768,4G,1.0,1.0,1.0,0.0
8898,4G,1.0,1.0,1.0,0.0
8753,4G,1.0,1.0,1.0,0.0
8818,4G,1.0,1.0,1.0,0.0
8707,4G,1.0,1.0,1.0,0.0
8529,4G,1.0,1.0,1.0,0.0
8776,4G,1.0,1.0,1.0,0.0
8582,4G,1.0,1.0,1.0,0.0
8608,4G,1.0,1.0,1.0,0.0
8477,No,0.0,0.0,0.0,0.0
8439,4G,1.0,0.0,1.0,0.0
8580,4G,1.0,1.0,1.0,0.0
8531,4G,1.0,1.0,1.0,0.0
8420,4G,1.0,1.0,1.0,0.0
8419,4G,1.0,1.0,1.0,0.0
8263,4G,1.0,1.0,1.0,0.0
8400,4G,1.0,1.0,1.0,0.0
8014,4G,1.0,1.0,1.0,0.0
8350,4G,1.0,1.0,1.0,0.0
7260,4G,1.0,1.0,1.0,0.0
8291,4G,1.0,1.0,1.0,0.0
8233,4G,1.0,1.0,1.0,0.0
8212,4G,1.0,1.0,1.0,0.0
8250,4G,1.0,1.0,1.0,0.0
8150,4G,1.0,1.0,1.0,0.0
8007,4G,1.0,1.0,1.0,0.0
7962,4G,1.0,1.0,1.0,0.0
7863,4G,1.0,1.0,1.0,0.0
7862,4G,1.0,1.0,1.0,0.0
7822,4G,1.0,1.0,1.0,0.0
7769,4G,1.0,1.0,1.0,0.0
7512,4G,1.0,1.0,1.0,0.0
6992,4G,1.0,1.0,1.0,0.0
7710,4G,1.0,1.0,1.0,0.0
7480,4G,1.0,1.0,1.0,0.0
7211,4G,1.0,1.0,1.0,0.0
6952,4G,1.0,1.0,1.0,0.0
6944,4G,1.0,1.0,1.0,0.0
7159,4G,1.0,1.0,1.0,0.0
6884,4G,1.0,1.0,1.0,0.0
6866,4G,1.0,1.0,1.0,0.0
6561,4G,1.0,1.0,1.0,0.0
6518,4G,1.0,1.0,1.0,0.0
6365,No,0.0,0.0,0.0,0.0
6217,3G,1.0,1.0,0.0,0.0
5678,3G,1.0,1.0,0.0,0.0
6373,3G,1.0,1.0,0.0,0.0
5609,3G,1.0,1.0,0.0,0.0
5397,3G,1.0,1.0,0.0,0.0
4928,3G,1.0,1.0,0.0,0.0
4929,3G,1.0,1.0,0.0,0.0
12751,5G,1.0,1.0,1.0,1.0
12708,5G,1.0,1.0,1.0,1.0
12712,4G,1.0,1.0,1.0,0.0
12613,5G,1.0,1.0,1.0,1.0
12612,4G,1.0,1.0,1.0,0.0
12611,5G,1.0,1.0,1.0,1.0
12435,5G,1.0,1.0,1.0,1.0
12428,5G,1.0,1.0,1.0,1.0
12399,5G,1.0,1.0,1.0,1.0
12398,5G,1.0,1.0,1.0,1.0
12455,4G,1.0,1.0,1.0,0.0
12157,5G,1.0,1.0,1.0,1.0
12096,4G,1.0,1.0,1.0,0.0
12042,5G,1.0,1.0,1.0,1.0
12015,5G,1.0,1.0,1.0,1.0
12006,5G,1.0,1.0,1.0,1.0
12005,5G,1.0,1.0,1.0,1.0
11944,4G,1.0,1.0,1.0,0.0
11917,4G,1.0,1.0,1.0,0.0
11698,5G,1.0,1.0,1.0,1.0
11649,5G,1.0,1.0,1.0,1.0
11664,5G,1.0,1.0,1.0,1.0
11660,4G,1.0,1.0,1.0,0.0
11958,5G,1.0,1.0,1.0,1.0
11612,4G,1.0,1.0,1.0,0.0
11611,4G,1.0,1.0,1.0,0.0
11516,5G,1.0,1.0,1.0,1.0
11379,5G,1.0,1.0,1.0,1.0
11579,4G,1.0,1.0,1.0,0.0
11364,5G,1.0,1.0,1.0,1.0
11363,5G,1.0,1.0,1.0,1.0
11700,4G,1.0,1.0,1.0,0.0
11243,5G,1.0,1.0,1.0,1.0
11240,4G,1.0,1.0,1.0,0.0
11946,4G,1.0,1.0,1.0,0.0
11203,3G,1.0,1.0,0.0,0.0
11083,5G,1.0,1.0,1.0,1.0
11082,5G,1.0,1.0,1.0,1.0
11009,4G,1.0,1.0,1.0,0.0
10929,5G,1.0,1.0,1.0,1.0
10914,5G,1.0,1.0,1.0,1.0
10885,4G,1.0,1.0,1.0,0.0
10837,5G,1.0,1.0,1.0,1.0
10858,5G,1.0,1.0,1.0,1.0
10798,5G,1.0,1.0,1.0,1.0
10820,5G,1.0,1.0,1.0,1.0
10821,5G,1.0,1.0,1.0,1.0
10772,5G,1.0,1.0,1.0,1.0
10706,5G,1.0,1.0,1.0,1.0
10613,5G,1.0,1.0,1.0,1.0
10614,5G,1.0,1.0,1.0,1.0
10571,4G,1.0,1.0,1.0,0.0
10567,5G,1.0,1.0,1.0,1.0
11728,4G,1.0,1.0,1.0,0.0
11197,4G,1.0,1.0,1.0,0.0
11729,4G,1.0,1.0,1.0,0.0
11723,4G,1.0,1.0,1.0,0.0
10339,5G,1.0,1.0,1.0,1.0
10282,5G,1.0,1.0,1.0,1.0
10281,5G,1.0,1.0,1.0,1.0
11725,4G,1.0,1.0,1.0,0.0
11724,4G,1.0,1.0,1.0,0.0
10193,5G,1.0,1.0,1.0,1.0
10284,4G,1.0,1.0,1.0,0.0
10139,5G,1.0,1.0,1.0,1.0
11705,4G,1.0,1.0,1.0,0.0
10070,4G,1.0,1.0,1.0,0.0
9955,4G,1.0,1.0,1.0,0.0
9954,4G,1.0,1.0,1.0,0.0
9921,4G,1.0,1.0,1.0,0.0
9839,4G,1.0,1.0,1.0,0.0
9780,4G,1.0,1.0,1.0,0.0
9712,4G,1.0,1.0,1.0,0.0
9713,4G,1.0,1.0,1.0,0.0
9714,3G,1.0,1.0,0.0,0.0
9692,4G,1.0,1.0,1.0,0.0
9610,5G,1.0,1.0,1.0,1.0
9695,4G,1.0,1.0,1.0,0.0
9433,4G,1.0,1.0,1.0,0.0
9347,4G,1.0,1.0,1.0,0.0
9171,4G,1.0,1.0,1.0,0.0
9174,4G,1.0,1.0,1.0,0.0
9701,4G,1.0,1.0,1.0,0.0
9697,4G,1.0,1.0,1.0,0.0
9161,4G,1.0,1.0,1.0,0.0
9133,4G,1.0,1.0,1.0,0.0
9110,4G,1.0,1.0,1.0,0.0
9088,4G,1.0,1.0,1.0,0.0
8971,4G,1.0,1.0,1.0,0.0
9038,4G,1.0,1.0,1.0,0.0
8970,4G,1.0,1.0,1.0,0.0
9033,4G,1.0,1.0,1.0,0.0
8913,4G,1.0,1.0,1.0,0.0
8902,4G,1.0,1.0,1.0,0.0
8901,4G,1.0,1.0,1.0,0.0
8896,4G,1.0,1.0,1.0,0.0
8838,4G,1.0,1.0,1.0,0.0
8290,4G,1.0,1.0,1.0,0.0
8895,4G,1.0,1.0,1.0,0.0
8894,4G,1.0,1.0,1.0,0.0
8793,4G,1.0,1.0,1.0,0.0
8779,4G,1.0,1.0,1.0,0.0
8752,4G,1.0,1.0,1.0,0.0
8748,4G,1.0,1.0,1.0,0.0
8746,4G,1.0,1.0,1.0,0.0
8747,4G,1.0,1.0,1.0,0.0
8677,4G,1.0,1.0,1.0,0.0
8658,4G,1.0,1.0,1.0,0.0
8660,4G,1.0,1.0,1.0,0.0
8615,4G,1.0,1.0,1.0,0.0
8609,4G,1.0,1.0,1.0,0.0
8607,4G,1.0,1.0,1.0,0.0
8600,4G,1.0,1.0,1.0,0.0
8601,4G,1.0,1.0,1.0,0.0
8562,4G,1.0,1.0,1.0,0.0
8504,4G,1.0,1.0,1.0,0.0
8501,4G,1.0,1.0,1.0,0.0
8401,4G,1.0,1.0,1.0,0.0
8638,4G,1.0,1.0,1.0,0.0
8387,4G,1.0,1.0,1.0,0.0
8232,4G,1.0,1.0,1.0,0.0
8300,4G,1.0,1.0,1.0,0.0
8182,4G,1.0,1.0,1.0,0.0
8092,4G,1.0,1.0,1.0,0.0
8067,4G,1.0,1.0,1.0,0.0
8091,4G,1.0,1.0,1.0,0.0
8548,4G,1.0,1.0,1.0,0.0
8044,4G,1.0,1.0,1.0,0.0
8063,3G,1.0,1.0,0.0,0.0
7963,4G,1.0,1.0,1.0,0.0
8293,4G,1.0,1.0,1.0,0.0
7943,4G,1.0,1.0,1.0,0.0
9152,4G,1.0,1.0,1.0,0.0
8143,4G,1.0,1.0,1.0,0.0
7944,4G,1.0,1.0,1.0,0.0
7868,4G,1.0,1.0,1.0,0.0
7852,4G,1.0,1.0,1.0,0.0
7853,4G,1.0,1.0,1.0,0.0
7761,4G,1.0,1.0,1.0,0.0
7686,4G,1.0,1.0,1.0,0.0
7670,4G,1.0,1.0,1.0,0.0
7646,4G,1.0,1.0,1.0,0.0
7572,4G,1.0,1.0,1.0,0.0
7485,4G,1.0,1.0,1.0,0.0
7441,4G,1.0,1.0,1.0,0.0
7430,4G,1.0,1.0,1.0,0.0
7428,4G,1.0,1.0,1.0,0.0
7422,4G,1.0,1.0,1.0,0.0
8114,4G,1.0,1.0,1.0,0.0
7481,4G,1.0,1.0,1.0,0.0
7656,4G,1.0,1.0,1.0,0.0
7790,4G,1.0,1.0,1.0,0.0
7355,4G,1.0,1.0,1.0,0.0
8244,3G,1.0,1.0,0.0,0.0
7294,4G,1.0,1.0,1.0,0.0
7207,4G,1.0,1.0,1.0,0.0
7168,4G,1.0,1.0,1.0,0.0
7116,4G,1.0,1.0,1.0,0.0
7149,4G,1.0,1.0,1.0,0.0
7891,3G,1.0,1.0,0.0,0.0
7057,3G,1.0,1.0,0.0,0.0
7058,3G,1.0,1.0,0.0,0.0
7056,4G,1.0,1.0,1.0,0.0
6954,4G,1.0,1.0,1.0,0.0
6914,4G,1.0,1.0,1.0,0.0
6898,4G,1.0,1.0,1.0,0.0
6847,3G,1.0,1.0,0.0,0.0
6697,4G,1.0,1.0,1.0,0.0
6641,3G,1.0,1.0,0.0,0.0
6607,4G,1.0,1.0,1.0,0.0
6491,4G,1.0,1.0,1.0,0.0
6492,4G,1.0,1.0,1.0,0.0
6367,3G,1.0,1.0,0.0,0.0
6579,3G,1.0,1.0,0.0,0.0
6381,3G,1.0,1.0,0.0,0.0
6324,4G,1.0,1.0,1.0,0.0
6236,4G,1.0,1.0,1.0,0.0
6155,3G,1.0,1.0,0.0,0.0
5948,4G,1.0,1.0,1.0,0.0
5852,4G,1.0,1.0,1.0,0.0
5853,3G,1.0,1.0,0.0,0.0
5834,4G,1.0,1.0,1.0,0.0
5755,4G,1.0,1.0,1.0,0.0
5620,3G,1.0,1.0,0.0,0.0
5659,3G,1.0,1.0,0.0,0.0
5511,4G,1.0,1.0,1.0,0.0
5499,3G,1.0,1.0,0.0,0.0
5376,3G,1.0,1.0,0.0,0.0
5330,4G,1.0,1.0,1.0,0.0
5470,3G,1.0,1.0,0.0,0.0
5240,4G,1.0,1.0,1.0,0.0
5173,4G,1.0,1.0,1.0,0.0
5133,3G,1.0,1.0,0.0,0.0
5647,3G,1.0,1.0,0.0,0.0
4893,4G,1.0,1.0,1.0,0.0
5004,3G,1.0,1.0,0.0,0.0
4983,3G,1.0,1.0,0.0,0.0
4962,3G,1.0,1.0,0.0,0.0
4873,4G,1.0,1.0,1.0,0.0
4597,3G,1.0,1.0,0.0,0.0
4585,3G,1.0,1.0,0.0,0.0
4586,2G,1.0,0.0,0.0,0.0
4598,3G,1.0,1.0,0.0,0.0
4608,3G,1.0,1.0,0.0,0.0
4506,3G,1.0,1.0,0.0,0.0
4467,3G,1.0,1.0,0.0,0.0
4304,3G,1.0,1.0,0.0,0.0
4290,3G,1.0,1.0,0.0,0.0
3391,3G,1.0,1.0,0.0,0.0
