,Device ID,Name,Version
0,11706,Android,11
1,10981,Android,11
2,10980,Android,11
3,10679,Android,11
4,10680,Android,11
5,10682,Android,11
6,11659,Android,11
7,10618,Android,10
8,12017,KaiOS,3.0
9,10500,KaiOS,2.5.2
10,10501,KaiOS,2.5.2
11,12041,Android,10
12,10490,Android,10
13,10016,Android,10
14,10017,Android,10
15,10018,Android,10
16,10019,Android,10
17,10042,Android,9.0
18,9842,Android,9.0
19,9843,Android,9.0
20,10108,Android,8.1
21,9837,Android,9.0
22,9601,Android,8.1
23,9600,Android,8.1
24,9599,Android,8.1
25,9598,Android,9.0
26,9510,Android,8.1
27,9511,Android,8.1
28,9985,Android,8.1
29,9574,Android,8.1
30,9291,Android,8.1
31,9271,Android,8.1
32,9012,Android,7.1
33,9004,Android,8.0
34,9084,Android,7.1
35,9085,Android,8.0
36,9086,Android,8.1
37,8989,Android,7.1
38,9986,KaiOS,2.5.1
39,9093,Android,8.1
40,9094,Android,8.1
41,8844,Android,7.1
42,8832,Android,7.1
43,8843,Android,7.1
44,8830,Android,7.0
45,8819,Android,7.0
46,8803,Android,7.0
47,8569,Android,7.1
48,8639,Android,6.0
49,8591,Android,6.0
50,8590,Android,6.0
51,8589,Android,6.0
52,8512,Android,7.0
53,8377,Android,6.0
54,8352,Android,6.0
55,8298,Android,6.0
56,8205,Android,5.1
57,8157,Android,6.0
58,8105,Android,6.0
59,8060,Android,6.0.1
60,7937,Android,6.0
61,7936,Android,6.0
62,7935,Android,6.0
63,8449,Microsoft Windows,10
64,7896,Android,6.0.1
65,7897,Android,6.0.1
66,7856,Microsoft Windows,10
67,7851,Proprietary,
68,7847,Android,6.0
69,8167,Android,5.1
70,7846,Android,5.1
71,7845,Android,6.0
72,7844,Android,5.1
73,7843,Microsoft Windows,10
74,8230,Android,5.1
75,7776,Android,5.1
76,7720,Android,5.1.1
77,7709,Proprietary,
78,7708,Proprietary,
79,7570,Android,5.1
80,7652,,
81,7571,,
82,7549,Android,5.0
83,7548,Android,5.0
84,7547,Android,4.4.2
85,7546,Android,5.0
86,7545,Android,5.0
87,7544,Android,5.0
88,7543,Android,5.0
89,7190,Android,4.4.4
90,7234,Android,4.4.2
91,7189,Android,4.4
92,7081,Android,5.0.2
93,7080,Android,5.0.2
94,7092,Firefox,2.0
95,7093,,
96,7094,,
97,7098,Android,4.4.2
98,7097,Android,5.0
99,7096,Android,4.4.2
100,7095,Android,4.4.2
101,6936,Android,5.0.1
102,6935,Android,4.4.2
103,6934,Android,4.4.2
104,6933,Android,4.2.2
105,6979,Firefox,2.0
106,6932,Android,4.4.2
107,6774,Android,4.4.2
108,6773,Android,4.4.2
109,6732,Android,4.4.2
110,6712,Firefox,1.3
111,7123,Android,5.0
112,6700,Android,5.0
113,6699,Android,5.0
114,6657,Android,4.4
115,6656,Android,4.4.2
116,7154,Android,4.4.2
117,7153,Android,4.4.2
118,6655,Android,4.4.2
119,6654,Android,4.4.2
120,6653,Android,4.4.2
121,6619,Android,4.2
122,6599,Android,4.4.2
123,6516,Android,4.2
124,6459,Android,4.4.2
125,6931,,
126,6695,,
127,6696,,
128,6337,,
129,6336,,
130,6165,Android,4.4.2
131,6164,,
132,6153,Android,4.3
133,6152,Android,4.4.2
134,6151,Android,4.3
135,6141,,
136,6140,Firefox,2.0
137,6139,Firefox,1.3
138,6138,Firefox,1.3
139,6134,Android,4.3
140,6130,Android,4.2
141,6135,Android,4.3
142,6131,Android,4.3
143,6132,Android,4.2.2
144,5960,,
145,6167,,
146,5937,Android,4.2.1
147,5938,Android,4.2
148,5947,Android,4.2
149,5939,Android,4.2
150,5741,Android,4.2
151,5740,Android,4.1
152,5693,Android,4.2
153,5692,Android,4.2
154,5687,Android,4.2
155,5691,Android,4.2
156,5680,Android,4.2
157,5671,Android,4.2
158,5672,Android,4.2.2
159,5668,Android,4.2
160,5669,Android,4.2
161,5449,Android,4.0.3
162,5335,Android,4.1
163,5681,Android,2.3
164,5334,Android,4.2
165,5318,Android,4.2.1
166,5319,Firefox,1.0
167,5296,Android,4.1
168,5332,Android,4.1.2
169,5236,Android,4.0
170,5235,Android,4.1
171,5234,Android,4.1
172,5233,Android,4.1
173,5232,Android,4.1
174,5231,Android,4.1
175,5230,Android,4.1
176,5229,Android,2.3
177,5228,Android,4.1
178,5242,Android,4.1
179,5227,,
180,5226,Android,4.1
181,5225,Android,4.1
182,5218,Android,4.1
183,5139,Android,2.3
184,5110,Android,4.0
185,5165,Android,4.0
186,5866,Android,4.0
187,5103,Android,2.3
188,5080,Android,2.3.5
189,4846,Android,4.0
190,4845,Android,2.3
191,4844,,
192,4843,,
193,4842,,
194,4780,Android,4.0
195,4733,Android,2.3
196,4732,Android,2.3
197,4731,,
198,4730,,
199,4920,,
200,4729,,
201,4728,,
202,4727,,
203,4726,,
204,4725,,
205,4724,,
206,4723,,
207,4722,,
208,4721,,
209,4720,,
210,4663,Android,2.3.6
211,4549,Android,2.3
212,4922,,
213,4321,Android,2.2
214,4308,,
215,4661,Android,2.3
216,3799,Android,2.2
217,3798,Android,2.3
218,4629,Android,2.2
219,3797,Android,2.2
220,3796,,
221,3795,,
222,3822,Android,2.1
223,4659,Android,2.3.5
224,4528,Android,2.3.5
225,4104,Android,2.2
226,3793,Android,2.1
227,3794,,
228,3800,,
229,4628,,
230,4103,,
231,3824,,
232,3801,,
233,3802,,
234,3803,,
235,3804,,
236,3805,,
237,3806,,
238,3807,,
239,3808,,
240,3809,,
241,3810,,
242,3811,,
243,3812,,
244,3813,,
245,3814,,
246,3815,,
247,3816,,
248,3817,,
249,3818,,
250,3819,,
251,3820,,
252,3821,,
253,3823,,
254,3407,,
255,3186,,
256,3184,,
257,3182,,
258,3181,,
259,3178,,
260,3179,,
261,3176,,
262,3173,,
263,3188,,
264,3171,,
265,3175,,
266,3170,,
267,3172,,
268,3168,Android,2.1
269,3174,,
270,3187,,
271,3185,,
272,3183,,
273,3180,,
274,3177,,
275,12548,iOS,17
276,12557,iOS,17
277,12558,iOS,17
278,12559,iOS,17
279,12560,watchOS,10
280,12561,watchOS,10
281,12562,watchOS,10
282,11939,iPadOS,16.1
283,11940,iPadOS,16.1
284,11941,iPadOS,16.1
285,11773,iOS,16
286,11860,iOS,16
287,11862,iOS,16
288,11861,iOS,16
289,11827,watchOS,9.0
290,11866,watchOS,9.0
291,11864,watchOS,9.0
292,11865,watchOS,9.0
293,11410,iOS,15.4
294,11411,iPadOS,15.4
295,11089,iOS,15
296,11102,iOS,15
297,11103,iOS,15
298,11104,iOS,15
299,11105,iPadOS,15
300,11106,iPadOS,15
301,11147,watchOS,8.0
302,11146,watchOS,8.0
303,11107,watchOS,8.0
304,10864,iPadOS,14.5.1
305,10865,iPadOS,14.5.1
306,10237,iOS,14.1
307,10508,iOS,14.1
308,10509,iOS,14.1
309,10510,iOS,14.1
310,10444,iPadOS,14.1
311,10445,iPadOS,14
312,10446,watchOS,7.0
313,10447,watchOS,7.0
314,10448,watchOS,7.0
315,10449,watchOS,7.0
316,10170,iOS,13
317,10136,iPadOS,13.4
318,10137,iPadOS,13.4
319,9846,iOS,13
320,9847,iOS,13
321,9848,iOS,13
322,9857,iPadOS,13.1
323,9860,watchOS,6.0
324,9859,watchOS,6.0
325,9858,watchOS,6.0
326,9638,iOS,12.1.3
327,9637,iOS,12.1.3
328,9387,iOS,12
329,9386,iOS,12
330,9319,iOS,12
331,9318,iOS,12
332,9320,iOS,12
333,9321,watchOS,5.0
334,9322,watchOS,5.0
335,9142,iOS,11.3
336,8858,iOS,11.1.1
337,8131,iOS,11
338,8573,iOS,11
339,8861,watchOS,4.0
340,8860,watchOS,4.0
341,8859,watchOS,4.0
342,8717,iOS,10.3.2
343,8716,iOS,10.3.2
344,8620,iOS,10.3
345,8331,watchOS,3.0
346,8332,watchOS,3.0
347,8329,watchOS,3.0
348,8330,watchOS,3.0
349,8328,watchOS,3.0
350,8334,watchOS,3.0
351,8327,watchOS,3.0
352,8333,watchOS,3.0
353,8065,iOS,10.0.1
354,8064,iOS,10.0.1
355,7984,iOS,9.3.2
356,7969,iOS,9.3.2
357,7243,iOS,9
358,7242,iOS,9
359,7562,iOS,9
360,7561,iOS,9
361,7698,watchOS,1.0
362,7697,watchOS,1.0
363,7696,watchOS,1.0
364,7695,watchOS,1.0
365,7694,watchOS,1.0
366,7693,watchOS,1.0
367,6742,iOS,8.1
368,6741,iOS,8.1
369,6665,iOS,8
370,6378,iOS,8
371,5797,iOS,7
372,5735,iOS,7
373,5685,iOS,7
374,5690,iOS,7
375,5070,iOS,6
376,5061,iOS,6
377,5072,iOS,6
378,5071,iOS,6
379,4910,iOS,6
380,4620,iOS,5.1
381,4621,iOS,5.1
382,4212,iOS,5
383,3848,iOS,4
384,3847,iOS,4
385,3849,iOS,4
386,3275,iOS,4
387,3716,iOS,4
388,3827,iOS,4
389,3828,iOS,4
390,12746,Android,14
391,12780,Android,14
392,12380,Android,13
393,12224,Android,13
394,12223,Android,13
395,11880,Android,12
396,11881,Android,12
397,11986,Android,12
398,11882,Android,12
399,11656,Android,12
400,11648,Android,12
401,11647,Android,12
402,11053,Android,11
403,11054,Android,11
404,11006,Android,11
405,10892,Android,11
406,10893,Android,11
407,10785,Android,11
408,10784,Android,11
409,10715,Android,11
410,10393,Android,10
411,10379,Android,10
412,10296,Android,10
413,10328,Android,10
414,9770,Android,9.0
415,9698,Android,9.0
416,9667,Android,8.0
417,9634,Android,8.0
418,9633,Android,8.0
419,9410,Android,8.1
420,9437,Android,8.1
421,9373,Android,8
422,9372,Android,8.0
423,9224,Android,8.1
424,9194,Android,8.0
425,9173,Android,8.1
426,9096,Android,8.0
427,9061,Android,8.0
428,9068,Android,7.1.1
429,9097,Android,8
430,8953,Android,7
431,8866,Android,7
432,8783,Android,7.1.1
433,8782,Android,7.1.1
434,8892,Android,7
435,8862,Android,7.0
436,8808,Android,7
437,8784,Android,7.0
438,8811,Android,7
439,8814,Android,7
440,8810,Android,7
441,8749,Android,7
442,8801,Android,7.0
443,8711,,
444,8681,Android,6
445,8579,Android,6.0
446,8550,Android,7
447,8543,Android,6.0
448,8502,Android,7
449,8509,Android,6.1
450,8503,Android,5.1
451,8493,Android,6.0
452,8467,Android,6.0
453,8425,Android,6.0.1
454,8384,Android,6.1
455,8370,Android,6.0
456,8271,Android,2.1
457,8218,Android,6.0
458,8207,Android,6.0.1
459,8206,Android,6.1
460,8197,Android,6.1
461,8156,Android,6.0.1
462,8160,,
463,8130,Android,6.1
464,8129,Android,6.1
465,8106,Android,6.0.1
466,8111,Android,6.0.1
467,8262,Android,6
468,8097,Android,5.1
469,8095,Android,5.1
470,8045,Android,4.4
471,8048,Android,5.1
472,7866,Android,5.1
473,7689,Android,2.1
474,7690,Android,2.1
475,7688,Android,
476,7733,Android,5
477,7577,Android,5.0
478,8474,Android,6.0
479,8465,Android,6.0
480,7532,Android,5.0
481,7368,Android,5.1
482,7476,Android,5.0.1
483,7475,Android,5.0
484,7479,Android,5.0
485,7757,Android,5.0
486,7477,Android,5.0
487,7478,Android,5.0
488,7474,Android,5.0
489,7473,Android,5.0
490,7444,Android,5.0
491,7378,Android,5.1.1
492,7367,Android,5.0
493,7366,Android,5.0
494,7255,Android,5.0
495,7365,Android,5.0
496,7364,Android,5.0
497,7256,Android,5.0
498,7261,Android,5.0
499,7044,Android,5.0
500,7120,Android,5.0
501,6917,Android,5.0
502,7045,Android,5.0.1
503,6982,Android,4.4.2
504,6953,Android,4.4
505,6918,Android,5.0
506,6897,Android,4.4
507,6813,Android,4.4.2
508,6751,Android,4.4.2
509,6737,Android,4.4.2
510,6630,Android,4.4.2
511,6629,Android,4.4.2
512,6429,Android,4.4.2
513,6428,Android,4.4.2
514,6414,Android,4.4.2
515,6413,Android,4.4.2
516,6412,Android,4.4.2
517,6411,Android,4.4.2
518,6747,Android,4.4.2
519,6410,Android,4.4.2
520,6407,Android,4.4.2
521,6409,Android,4.4.2
522,6394,Android,4.3
523,6519,Android,4.4.2
524,6238,Android,4.4.2
525,6120,Android,4.1
526,5993,Android,4.3
527,6853,Android,4.3
528,5953,Android,4.3
529,7160,Android,4.3
530,5952,Android,4.3
531,5951,,
532,7158,,
533,5982,,
534,5891,Android,4.3
535,5863,Android,4.2
536,5706,Android,4.2.2
537,5676,Android,4.2
538,5675,Android,4.2.2
539,5674,Android,4.2
540,5600,Android,4.3
541,5494,Android,4.2
542,5493,Android,4.2
543,5495,Android,4.2
544,5879,Android,4.2
545,5492,Android,4.2
546,5329,Android,4.1
547,5328,Android,4.1.2
548,5331,Android,4.1
549,5249,Android,4.1
550,5091,Android,4.1
551,5083,Microsoft Windows RT,
552,5017,Android,4.0
553,4850,Android,4.1.2
554,4605,Android,4.0
555,4604,Android,4.0
556,5337,Android,4.0
557,4596,Android,4.0
558,4606,Android,4.0
559,4422,Android,4.0.1
560,4421,Android,4.0
561,4322,Android,3.2
562,3965,Android,4.0
563,3936,Android,3.0
564,3696,Microsoft Windows Phone,7
565,12603,Android,13
566,12460,Android,13
567,12459,Android,13
568,12458,Android,13
569,12457,Android,13
570,12456,Android,13
571,12153,Android,12
572,12110,Android,12
573,12102,Android,12
574,11830,Android,11
575,11829,Android,11
576,11828,Android,11
577,11757,Android,11
578,11716,Android,11
579,11715,Android,12
580,11673,Android,11
581,11672,Android,11
582,11643,Android,11
583,11623,Android,11
584,11536,Android,11
585,11509,Android,11
586,11483,Android,11
587,11398,Android,11
588,11376,Android,11
589,11369,Android,11
590,11368,Android,11
591,11348,Android,11
592,11319,Android,11
593,11318,Android,11
594,11273,Android,11
595,11264,Android,11
596,11258,Android,11
597,11096,Android,11
598,11095,Android,11
599,11094,Android,11
600,11073,Android,11
601,10973,Android,11
602,10934,Android,11
603,10935,Android,10
604,10915,Android,10
605,10781,Android,10
606,10745,Android,10
607,10741,Android,10
608,10730,Android,10
609,10729,Android,10
610,10731,Android,10
611,10732,Android,10
612,10640,Android,9.0
613,10607,Android,10
614,10535,Android,10
615,10536,Android,10
616,10537,Android,10
617,10538,Android,10
618,10540,Android,10
619,10539,Android,10
620,10470,Android,10
621,10453,Android,10
622,10403,Android,10
623,10359,Android,10
624,10313,Android,10
625,10312,Android,10
626,10160,Android,8.1
627,10107,Android,8.1
628,10106,Android,8.1
629,10105,Android,8.1
630,10047,Android,9.0
631,10046,Android,9.0
632,10045,Android,9.0
633,9994,Android,9.0
634,9968,Android,8.1
635,9967,Android,8.1
636,9930,Android,8.1
637,9929,Android,8.1
638,9855,Android,9.0
639,9877,Android,9.0
640,9854,Android,9.0
641,9853,Android,9.0
642,9811,Android,9.0
643,9876,Android,9.0
644,9778,Android,9.0
645,9777,Android,9.0
646,9776,Android,9.0
647,9775,Android,9.0
648,9718,Android,9.0
649,9597,Android,8.1
650,9565,Android,8.1
651,9542,Android,8.1
652,9518,Android,8.1
653,9482,Android,9.0
654,9470,Android,8.1
655,9360,Android,8.1
656,9359,Android,8.1
657,9325,Android,8.1
658,9314,Android,8.1
659,9307,Android,8.1
660,9302,Android,8.1
661,9301,Android,8.1
662,9277,Android,8.1
663,9254,Android,8.1
664,9253,Android,8.1
665,9223,Android,7.0
666,9184,Android,7.0
667,9165,Android,8.0
668,9154,Android,7.1
669,9146,Android,6.0
670,9132,Proprietary,
671,9131,Android,7.1.2
672,9072,Android,7.0
673,9064,Android,7.0
674,9063,Android,7.1.1
675,9007,Android,7.0
676,8965,Android,7.0
677,8964,Android,7.0
678,8952,Android,7.0
679,8946,Android,7.0
680,8945,Android,7.0
681,8924,Android,7.0
682,8925,Android,7.0
683,8926,Android,6.0
684,8906,Android,7.0
685,8905,Android,6.0
686,8865,Android,7.0
687,8846,Android,7.0
688,8845,Android,6.0
689,8842,Android,7.0
690,8841,Android,6.0
691,8835,Android,7.0
692,8824,Android,7.0
693,8825,Android,7.0
694,8826,Android,7.0
695,8796,Android,6.0
696,8773,Android,7.0
697,8774,Android,7.0
698,8736,Android,7.0
699,8735,Android,6.0
700,8732,Android,7.0
701,8731,Android,7.0
702,8713,Android,6.0
703,8709,Android,7.0
704,8670,Android,6.0
705,8653,Android,5.1
706,8621,Android,6.0
707,8555,Android,6.0
708,8553,Android,6.0
709,8544,Android,6.0
710,8541,Android,6.0
711,8557,Android,6.0
712,8556,Android,6.0
713,8534,Android,6.0
714,8533,Android,6.0
715,8527,Android,6.0
716,8524,Android,6.0
717,8525,Android,6.0
718,8526,,
719,8496,Android,6.0
720,8462,Android,6.0
721,8461,Android,6.0
722,8460,Android,6.0
723,8459,Android,6.0
724,8457,Android,6.0
725,8456,Android,6.0
726,8426,Android,6.0
727,8427,Android,6.0
728,8428,Android,6.0
729,8429,Android,6.0
730,8349,Android,6.0.1
731,8338,Android,6.0
732,8296,Android,6.0
733,8322,Android,6.0
734,8323,Android,6.0
735,8324,Android,6.0
736,8256,Android,6.0
737,8255,Android,6.0
738,8252,Android,6.0
739,8251,Android,6.0
740,8253,Android,6.0
741,8254,Android,6.0
742,8171,Android,6.0
743,8188,Android,6.0
744,8189,Android,5.1
745,8190,Android,5.1
746,8191,Android,6.0
747,8187,Android,5.1
748,8153,Android,5.1
749,8152,Android,6.0
750,8151,Android,6.0
751,8118,Android,5.1
752,8117,Android,5.1
753,8116,Android,5.1
754,8119,Android,5.1
755,8115,Android,4.4.2
756,8030,Android,6.0
757,8029,Android,6.0
758,8028,Android,6.0
759,8003,Android,5.1
760,7990,Android,5.1
761,7988,Android,5.1
762,7989,Android,5.1
763,7987,Android,5.1
764,7986,Android,5.1
765,7978,Android,5.1
766,7974,Android,5.1
767,7924,Android,5.1
768,7923,Android,5.1
769,7922,Android,5.1
770,7892,Android,5.1
771,7867,Android,5.1
772,7858,Android,5.1
773,7857,Android,5.1
774,7820,Android,5.1
775,7775,Android,5.1
776,7774,Android,5.1
777,7726,Android,5.1
778,7725,Android,4.4
779,7706,Android,5.1
780,7705,Android,5.0
781,7676,Android,5.1
782,7671,Android,5.0
783,7645,Android,5.0
784,7623,Android,5.1
785,7558,Android,5.1
786,7559,Android,5.0.2
787,7523,Android,5.0
788,7499,Android,4.4.2
789,7498,Android,5.0
790,7490,Android,5.0
791,7489,Android,5.0
792,7450,Android,5.0
793,7449,Android,5.0
794,7448,Android,5.0
795,7447,Android,5.0
796,7293,Android,4.4.2
797,7291,Android,4.4
798,7290,Android,5.0
799,7265,Android,4.4
800,7225,Android,4.4.2
801,7205,Microsoft Windows Phone,8.1
802,7204,Microsoft Windows Phone,8.1
803,6930,Android,4.4.2
804,6929,Android,4.4.2
805,6928,Android,4.4.2
806,6927,Android,4.4.2
807,6926,Android,4.4.2
808,6925,Android,4.4.2
809,6924,Android,4.4.2
810,6900,Android,4.4.2
811,6899,Android,4.4.2
812,6839,Android,4.3
813,6838,Android,4.4.2
814,6837,Android,4.4.2
815,6836,Android,4.4.2
816,6835,Android,4.4.2
817,6834,Android,4.4.2
818,6833,Android,4.4.2
819,6670,Microsoft Windows Phone,8.1
820,6669,Microsoft Windows Phone,8.1
821,6565,Android,4.4.2
822,6566,Android,4.4.2
823,6567,Android,4.4.2
824,6568,Android,4.4.2
825,6406,Android,4.2.2
826,6405,Android,4.2.2
827,6346,Android,4.2.2
828,6339,Android,4.2
829,6330,Android,4.2
830,6277,Android,4.2
831,6276,Android,4.2
832,6244,Android,4.2
833,6243,Android,4.2
834,6242,Android,4.2
835,6041,Android,4.2
836,5986,Android,4.2
837,5957,Android,4.2
838,5956,Android,4.2
839,5955,Android,4.2.1
840,5954,Android,4.2
841,5935,Android,4.2
842,5920,Android,4.2
843,5909,Android,4.2
844,5908,Android,4.2
845,5873,Android,4.2
846,5761,Android,4.2
847,5748,,
848,5747,,
849,5746,,
850,5745,,
851,5661,Android,4.2
852,5660,Android,4.2
853,5662,Android,2.3
854,5593,Android,4.2
855,5489,Android,4.0
856,5458,Android,4.1.2
857,5459,Android,4.1.2
858,5460,Android,4.1
859,5411,Android,2.3
860,5410,,
861,5409,,
862,5408,,
863,5360,Android,4.2
864,5358,Android,4.2
865,5359,Android,4.2
866,5295,Android,4.1
867,5294,Android,4.1
868,5283,Android,4.0
869,5282,Android,4.0
870,5281,Android,4.0
871,5210,,
872,5209,Android,4.2
873,5208,Android,2.3
874,5207,,
875,5206,Android,4.0
876,5205,Android,4.0
877,5202,Android,4.0
878,5201,Android,4.0
879,5023,Android,4.2
880,4947,Android,2.3
881,4946,Android,2.3
882,4945,,
883,4944,,
884,4901,Android,4.0
885,4853,,
886,4852,,
887,4370,Android,2.3
888,4224,Android,2.2
889,4195,,
890,4162,,
891,4163,,
892,4165,,
893,4166,,
894,4167,,
895,4168,,
896,4169,,
897,4171,,
898,4170,,
899,4172,,
900,4173,,
901,4174,,
902,4175,,
903,4176,,
904,4177,,
905,4178,,
906,3854,Android,2.2
907,3855,,
908,3856,,
909,3857,,
910,3858,,
911,3859,,
912,3548,Android,2.2
913,3549,,
914,3550,,
915,3551,,
916,3552,,
917,3553,,
918,3567,,
919,3568,,
920,3569,,
921,3560,,
922,3561,,
923,3562,,
924,3563,,
925,3564,,
926,3565,,
927,3572,,
928,3570,,
929,3571,,
930,3573,,
931,3574,,
932,3575,,
933,12454,Android,12
934,12427,Android,13
935,12269,Android,13
936,12522,Android,13
937,12523,Android,13
938,12524,Android,12
939,12525,Android,11
940,12232,Android,12
941,12221,Android,12
942,11948,Android,12
943,11642,Android,12
944,11266,Android,11
945,10790,Android,10
946,10681,Android,10
947,10529,Android,10
948,10594,Android,10
949,10357,Android,10
950,10593,Android,9.0
951,10592,Android,9.0
952,10595,Android,9.0
953,10298,Android,10
954,10297,Android,10
955,9965,Android,9
956,9924,Android,8.1
957,9797,Android,9
958,9735,Android,9.0
959,9734,Android,9
960,9487,Android,8.1
961,9385,Android,8.1
962,9179,Android,8.1
963,9119,Android,8.0
964,9102,Android,8.0
965,9071,Android,7.x
966,8990,Android,8.0
967,8908,Android,8.0
968,8885,Android,8.0
969,8630,Android,7.1
970,8487,Android,
971,8519,Android,7.0
972,8518,Android,6.0
973,8404,Android,7.0
974,8444,Android,6.0
975,8277,Android,6.0
976,8884,Android,6.0
977,8297,Android,6.0
978,8276,Android,6.0
979,8633,Android,5.1.1
980,8128,Android,5.1
981,8086,Android,5
982,8066,Android,6.0
983,8072,Android,6.0
984,8031,Android,6.0.1
985,7884,Android,6.0.1
986,7942,Android,6.0
987,7941,Android,6.0
988,7940,Android,6.0
989,8348,Android,5.1
990,7836,Android,6.0
991,7758,Android,5.1
992,7731,Android,5.1
993,7753,Android,5.1.1
994,7627,Android,5
995,7592,Android,5.0
996,7591,Android,5.2
997,7576,Android,6.0
998,7421,Android,5.1
999,7418,Android,5.1.1
1000,7419,Android,5.1
1001,7420,Android,5.1
1002,7275,Android,5.2
1003,7267,Android,4.4.2
1004,7194,Android,4.4.2
1005,6977,Android,5.2
1006,7165,Android,5
1007,7111,Android,5
1008,7310,Android,5
1009,6891,Android,5.0
1010,7115,Android,4.4.4
1011,7183,Android,4.4.2
1012,6968,Android,4.4.4
1013,6947,Android,4.4.2
1014,6921,Android,5.0.1
1015,6913,Android,4.4.2
1016,6841,Android,4.4.4
1017,6830,Android,4.4.4
1018,5823,Android,5.0
1019,6736,Android,4.4.2
1020,6713,Android,4.4.4
1021,6715,Android,4.4.4
1022,6719,Android,4.4.2
1023,6854,Android,4.4.2
1024,6637,Android,4.4.2
1025,6636,Android,4.4.2
1026,6621,Android,4.4.2
1027,6608,Android,4.4.2
1028,6589,Microsoft Windows Phone,8.1.1
1029,6588,Microsoft Windows Phone,8.1.1
1030,6581,Android,4.4.2
1031,6528,Android,4.4.2
1032,6483,Android,4.4.2
1033,6463,Android,4.2.2
1034,6397,Android,4.4.2
1035,6345,Android,4.4.2
1036,6234,Android,4.2.2
1037,6316,Android,4.2.2
1038,6233,Android,4.4.2
1039,6074,Android,4.4.2
1040,6348,Android,4.2.2
1041,6009,Android,4.2.2
1042,6487,Android,4.4.2
1043,6073,Android,4.4.2
1044,6160,Android,4.4.2
1045,5907,Android,4.1
1046,6552,Android,4.1.2
1047,5870,Android,4.1.2
1048,5871,Android,4.2.2
1049,5872,Android,
1050,5704,Android,4.3
1051,5666,Android,4.1.2
1052,5667,Android,4.2.2
1053,5623,Android,4.1.2
1054,5505,Android,4.2.2
1055,6121,Android,4.1.2
1056,6123,Android,4.1
1057,6122,Android,4.0
1058,5547,Microsoft Windows Phone,8
1059,5537,Android,4.2.2
1060,5536,Android,4
1061,5465,Android,4.1.2
1062,5395,Android,4.1
1063,5498,Android,4.1.2
1064,5313,Android,4.1.2
1065,5261,Android,4.0
1066,4978,Android,
1067,5118,Android,4.1.1
1068,5113,Android,4.1
1069,5106,Android,4.0.4
1070,5105,Android,4.0.4
1071,5100,Android,4.0.4
1072,5016,Android,4.0
1073,4976,Android,4.1.1
1074,5104,Microsoft Windows Phone,8
1075,4975,Microsoft Windows Phone,8
1076,5000,Microsoft Windows Phone,8
1077,4980,Android,4.0
1078,4979,Android,4.0
1079,4951,Android,4.0
1080,4830,Android,4.0
1081,5861,Android,4.0
1082,4829,Android,4.0
1083,4805,Android,4.0
1084,4759,Android,4.0
1085,4997,Android,4.0.4
1086,4744,Android,4.0.3
1087,4665,Android,4.0.3
1088,4977,Android,4.0
1089,4320,Android,4.0
1090,4614,Android,4.0
1091,4572,Android,4.0
1092,4836,Android,4.0
1093,4574,Android,4.0
1094,4575,Android,4.0.3
1095,4525,Android,2.3
1096,4435,Android,2.3.7
1097,4411,Microsoft Windows Phone,7.5
1098,4099,Android,2.3.4
1099,4302,Android,2.3.4
1100,4202,Android,2.3.4
1101,4161,Android,2.3
1102,4102,Android,2.3
1103,4097,Android,2.3.4
1104,3958,Android,2.3.4
1105,4132,Android,2.3.4
1106,4285,Android,2.3.4
1107,4196,Android,2.3
1108,4164,Android,2.3.4
1109,4141,Android,3.1
1110,4027,Microsoft Windows Phone,7.5
1111,4131,Microsoft Windows Phone,7.5
1112,4070,Android,2.3
1113,4022,Android,2.3
1114,3964,Microsoft Windows Phone,7
1115,3938,Android,2.2
1116,3922,Android,2.3
1117,3901,Android,2.3
1118,3875,Android,2.3.4
1119,3895,Android,2.3
1120,3887,Microsoft Windows Phone,7
1121,3739,Android,2.2
1122,3788,Android,2.2
1123,3776,Android,2.3
1124,3777,Android,2.3
1125,3786,Android,2.3
1126,3787,Android,2.3
1127,3829,Android,2.3.3
1128,3953,Android,2.3.3
1129,3896,Android,2.4
1130,3706,Android,2.2
1131,3707,,
1132,3703,Android,2.2
1133,3702,Android,2.2
1134,3585,Android,2.2
1135,3338,Microsoft Windows Phone,7
1136,3576,Microsoft Windows Phone,7
1137,3557,Microsoft Windows Phone,7
1138,3530,Microsoft Windows Phone,7
1139,3118,Microsoft Windows Phone,7
1140,3556,Microsoft Windows Phone,7
1141,3468,Android,2.2
1142,3421,Android,2.2
1143,5058,Android,2.3.4
1144,3392,Android,2.1
1145,3577,Android,2.1
1146,3337,Android,2.1
1147,3163,Microsoft Windows Mobile,6.5.3
1148,3077,Android,2.1
1149,3141,Android,2.1
1150,3069,Android,2.1
1151,3080,,
1152,3427,Android,2.1
1153,3230,Android,2.1
1154,10104,Android,9
1155,6371,,
1156,5510,,
1157,4457,,
1158,12807,HarmonyOS,4.0
1159,12761,HarmonyOS,4.0
1160,12588,HarmonyOS,4.0
1161,12589,HarmonyOS,4.0
1162,12762,HarmonyOS,4.0
1163,12720,HarmonyOS,4.0
1164,12713,HarmonyOS,4.0
1165,12648,HarmonyOS,4.0
1166,12607,HarmonyOS,4.0
1167,12586,Harmony,4.0
1168,12585,HarmonyOS,4.0
1169,12563,HarmonyOS,4.0
1170,12549,HarmonyOS,4.0
1171,12550,,
1172,12530,HarmonyOS,4.0
1173,12539,HarmonyOS,4.0
1174,12420,Harmony,3.1
1175,12415,HarmonyOS,3.1
1176,12290,EMUI,13
1177,12278,HarmonyOS,3.0
1178,12279,HarmonyOS,3.0
1179,12268,EMUI,13
1180,12259,EMUI,12
1181,12235,HarmonyOS,3.0
1182,12230,HarmonyOS,3.0
1183,12233,HarmonyOS,3.0
1184,12234,HarmonyOS,3.0
1185,12186,,
1186,12172,HarmonyOS,3.1
1187,12191,HarmonyOS,3.1
1188,12192,HarmonyOS,3.1
1189,12193,HarmonyOS,3.0
1190,12190,HarmonyOS,3.0
1191,12185,HarmonyOS,3.1
1192,12154,HarmonyOS,2.0
1193,12021,HarmonyOS,3.0
1194,12020,HarmonyOS,2.0
1195,11980,HarmonyOS,2.0
1196,11970,,
1197,11972,,
1198,11968,EMUI,12
1199,11942,Android,10
1200,11918,EMUI,12
1201,11858,HarmonyOS,3.0
1202,11856,EMUI,13
1203,11859,HarmonyOS,3.0
1204,11857,EMUI,13
1205,11853,HarmonyOS,2.0
1206,11720,HarmonyOS,3.0
1207,11640,HarmonyOS,2.0
1208,11641,HarmonyOS,2.0
1209,11639,EMUI,12
1210,11525,Android,10
1211,11503,,
1212,11505,HarmonyOS,2.0
1213,11504,HarmonyOS,2.0
1214,12030,HarmonyOS,2.1
1215,11506,HarmonyOS,2.0
1216,11490,Android,11
1217,11489,EMUI,12
1218,11428,HarmonyOS,2.0
1219,11399,Android,11
1220,11280,,
1221,11247,HarmonyOS,2.0
1222,11328,Android,10
1223,11177,HarmonyOS,2.0
1224,11227,HarmonyOS,2.0
1225,11176,Huawei Lite,
1226,11171,HarmonyOS,2.0
1227,11120,HarmonyOS,2.0
1228,11121,HarmonyOS,2.0
1229,11048,Android,11
1230,11029,HarmonyOS,2.0
1231,10788,HarmonyOS,2.0
1232,11030,Android,10
1233,11002,Android,10
1234,10985,,
1235,10986,HarmonyOS,2.0
1236,10987,,
1237,10942,HarmonyOS,2.0
1238,10938,HarmonyOS,2.0
1239,10943,HarmonyOS,2.0
1240,10941,HarmonyOS,2.0
1241,10940,HarmonyOS,2.0
1242,10875,Android,10
1243,11768,Android,10
1244,10794,Proprietary,
1245,10783,Android,10
1246,10755,Android,10
1247,10697,,
1248,10642,Android,10
1249,10645,Android,10
1250,10652,Android,10
1251,10579,Android,10
1252,10551,Android,10
1253,10550,Android,10
1254,10528,,
1255,10553,,
1256,10554,Proprietary,
1257,10555,Android,10
1258,10519,Android,10
1259,10546,Android,10
1260,10475,Android,10
1261,10450,Android,10
1262,10426,Huawei Lite,
1263,10429,Android,10
1264,10417,Android,10
1265,10418,Android,10
1266,10427,Proprietary,
1267,10362,Android,10
1268,10494,Android,10
1269,10363,Android,10
1270,10364,Proprietary,
1271,10299,Android,10
1272,10252,Android,10
1273,10292,Android,10
1274,10249,Android,10
1275,10236,Android,10
1276,10219,Android,10
1277,10231,Android,10
1278,10227,Android,9.0
1279,10222,Android,10
1280,10223,Android,10
1281,10212,Android,9.0
1282,10203,Android,10
1283,10204,Android,10
1284,10205,Android,10
1285,10206,Android,10
1286,10166,Proprietary,
1287,11010,Android,10
1288,10118,Android,10
1289,10152,Android,10
1290,10153,Android,10
1291,10112,Android,9.0
1292,9996,Android,10
1293,10100,Android,10
1294,10098,,
1295,10073,Android,9.0
1296,10074,Android,9.0
1297,10058,Android,10
1298,10012,Android,9.0
1299,9799,Android,9.0
1300,9983,Android,10
1301,9971,Android,10
1302,9989,Android,10
1303,9973,Android,10
1304,9605,,
1305,9956,Android,9.0
1306,9922,Android,9.0
1307,9933,Android,9.0
1308,9905,Android,9.0
1309,9887,Android,10
1310,9880,Android,10
1311,9885,Android,10
1312,9881,Android,10
1313,9886,Android,10
1314,9888,Proprietary,
1315,9765,Android,9.0
1316,9830,Android,9.0
1317,9803,Android,9.0
1318,9748,Android,9.0
1319,9823,Android,9.0
1320,9747,Android,9.0
1321,9746,Android,9.0
1322,9728,Android,9.0
1323,9727,Android,9.0
1324,9742,Android,9.0
1325,9703,Android,9.0
1326,9694,Android,9.0
1327,9705,Android,9.0
1328,9635,Android,9.0
1329,9530,Android,9.0
1330,9545,Android,9.0
1331,9627,Android,9.0
1332,9675,Android,9.0
1333,9645,Android,9.0
1334,9644,Android,9.0
1335,9643,Android,8.1
1336,9668,Android,9.0
1337,9576,Android,9.0
1338,9620,Android,9.0
1339,9625,Android,8.1
1340,9531,Android,8.1
1341,9500,Android,8.1
1342,9501,Android,8.1
1343,9481,Android,9.0
1344,9409,Android,9.0
1345,9466,Android,8.1
1346,9401,Proprietary,
1347,9395,Proprietary,
1348,9368,Android,9.0
1349,9369,Android,9.0
1350,9343,Android,9.0
1351,9367,Android,9.0
1352,9412,Android,8.0
1353,9351,Android,8.0
1354,9324,Android,8.1
1355,9284,Android,8.1
1356,9272,Android,9.0
1357,9632,Android,8.1
1358,9267,Android,8.1
1359,9199,Android,2.1
1360,9209,Android,8.1
1361,9196,Android,8.0
1362,9502,Android,8.0
1363,9162,Android,8.0
1364,9141,Android,8.1
1365,9106,Android,8.1
1366,9107,Android,8.1
1367,9098,Android,8.0
1368,9188,Android,8.0
1369,9114,Android,8.0
1370,9265,Android,8.0
1371,9112,Android,8.0
1372,9080,Android,8.0
1373,9091,Android,8.0
1374,9092,Android,8.0
1375,8961,Android,8.0
1376,8943,Android,8.0
1377,8899,Android,8.0
1378,8854,Android,8.0
1379,8877,Android,8.0
1380,8910,Android,2.1
1381,8857,Android,7.0
1382,8833,Android,7.0
1383,8632,Android,7.0
1384,8715,Android,7.0
1385,8636,Android,7.0
1386,8637,Android,7.0
1387,8703,Android,7.0
1388,8672,Android,7.0
1389,8663,Android,5.1
1390,8578,Android,7.0
1391,8635,Android,6.0
1392,8687,Android,7.0
1393,8695,Android,6.0
1394,8640,Android,6.0
1395,8686,Android,6.0
1396,8594,Android,2.1
1397,8585,Android,2.1
1398,8515,Android,7.0
1399,8514,Android,7.0
1400,8598,Android,7.0
1401,8516,Android,7.0
1402,8458,Android,6.0
1403,8396,Android,7.0
1404,8415,Android,7.0
1405,8073,Android,7.0
1406,8411,Proprietary,
1407,8402,Android,6.0
1408,8315,Android,6.0
1409,8312,Android,6.0.1
1410,8284,Android,6.0.1
1411,8303,Android,5.1
1412,8302,Android,5.1
1413,8301,Android,6
1414,8285,Android,6.0
1415,8138,Android,4.4.2
1416,8084,Android,5.1.1
1417,8037,Android,5.1
1418,8036,Android,5.1
1419,7983,Android,6.0
1420,7745,Android,6
1421,7972,Android,6.0
1422,7854,Android,5.1
1423,7687,Android,2.1
1424,7793,Android,5.1.1
1425,7239,Android,6.0
1426,7744,Android,5.1
1427,7647,Android,5.1.1
1428,7588,Android,6.0
1429,7533,Android,5.1.1
1430,7440,Android,5.1
1431,7513,Android,5.1
1432,7309,Android,5.1
1433,7829,Android,5.1
1434,7206,Android,4.4.2
1435,7279,Android,4.4.4
1436,7201,Android,5.0.2
1437,7200,Android,5.0.2
1438,7006,Android,4.4.2
1439,7187,Android,4.4
1440,7075,Android,5
1441,7076,Android,4.4.2
1442,7077,Android,4.4.4
1443,7049,Android,4.4
1444,6943,,
1445,6909,Android,4.4
1446,6908,Android,4.4
1447,6896,Android,4.4
1448,6869,Android,4.4
1449,7308,Android,4.4.4
1450,6705,Android,4.3
1451,7307,Android,4.4.2
1452,6677,Android,4.4.2
1453,6676,Android,4.4.2
1454,6646,Android,4.4.2
1455,6611,Android,4.4.2
1456,6543,Android,4.4.2
1457,6678,Android,4.3
1458,6596,,
1459,6499,Android,4.3
1460,6493,Android,4.2
1461,6375,Android,4.0
1462,6124,Android,4.4.2
1463,6332,Android,4.3
1464,6290,Android,4.2
1465,6278,Android,4.2
1466,6169,Android,4.2
1467,6168,Android,4.3
1468,6136,Android,4.3
1469,6137,Android,4.2.2
1470,6129,Android,4.2.2
1471,6103,Android,4.3
1472,5981,Android,4.3
1473,5979,Android,4.2.2
1474,5949,Android,4.3
1475,5936,Android,4.2
1476,5921,Android,2.3
1477,5840,Android,4.1.2
1478,5910,Android,4.2
1479,5485,Microsoft Windows Phone,8
1480,5739,,
1481,5779,,
1482,5633,Android,4.2
1483,5699,Android,4.2
1484,6893,Android,4.0
1485,5632,Android,4.1
1486,5698,Android,4.1.2
1487,5539,Android,4.1
1488,5467,Android,4.2.2
1489,5386,Android,4.1
1490,5382,Android,4.0
1491,5365,Android,2.3.6
1492,5267,Android,4.1.2
1493,5257,Android,4.0
1494,5327,Android,4.1
1495,5648,Android,4.1
1496,5439,Android,4.0
1497,5065,Microsoft Windows Phone,8
1498,5237,Android,4.1
1499,5164,Android,4.1
1500,5250,Android,4.1
1501,5141,Android,4.0.4
1502,5112,Android,4.0
1503,5507,Android,4.0
1504,5077,Android,2.3
1505,5068,Android,2.3.6
1506,5022,Android,4.0
1507,5020,Android,2.3
1508,4963,Android,4.0.4
1509,4966,Android,4.0
1510,4882,Android,4.0.4
1511,4839,Android,2.3
1512,4838,Android,2.3
1513,5383,Android,4.0.4
1514,4594,Android,2.3
1515,5003,,
1516,4410,Android,4.0
1517,4737,Android,2.3
1518,5848,,
1519,5109,,
1520,4841,,
1521,4840,,
1522,4837,Android,2.3.6
1523,5108,,
1524,4698,,
1525,4656,Android,2.3.3
1526,4587,Android,4.0
1527,5002,Android,4.0
1528,4570,Android,4.0
1529,4569,Android,4.0
1530,4568,Android,4.0
1531,4409,Android,4.0
1532,4381,Android,2.3.3
1533,4335,,
1534,4334,,
1535,4264,Android,3.2
1536,4265,Android,3.2
1537,4609,,
1538,4260,Android,2.2
1539,4636,Android,
1540,4234,Android,2.2
1541,4142,Android,2.2
1542,4312,,
1543,4109,Android,2.3.4
1544,4057,Android,2.3
1545,4226,Android,2.3
1546,4148,,
1547,4552,,
1548,4147,,
1549,4206,,
1550,4205,Android,2.3.3
1551,4204,Android,2.2
1552,4032,,
1553,3960,,
1554,3951,,
1555,3789,Android,2.2
1556,3905,Android,2.2
1557,3595,Android,2.2
1558,3596,Android,2.2
1559,3840,Android,2.3
1560,3513,Android,2.2
1561,3451,Android,2.1
1562,3861,,
1563,3944,,
1564,3372,,
1565,3162,Android,2.1
1566,3740,Android,2.1
1567,4063,,
1568,3974,,
1569,3158,Android,2.1
1570,3157,Android,2.1
1571,6426,,
1572,5119,Microsoft Windows Phone,8
1573,12817,Android,13
1574,12812,Android,13
1575,12792,Android,13
1576,12736,Android,13
1577,12733,Android,13
1578,12732,Android,13
1579,12731,Android,13
1580,12642,Android,13
1581,12641,Android,13
1582,12518,Android,13
1583,12451,Android,13
1584,12424,Android,13
1585,12365,Android,13
1586,12289,Android,13
1587,12273,Android,13
1588,12288,Android,13
1589,12272,Android,13
1590,12274,Android,13
1591,12243,Android,12
1592,12216,Android,12
1593,12214,Android,13
1594,12131,Android,12
1595,12116,Android,12
1596,11976,Android,12
1597,11931,Android,12
1598,11930,Android,12
1599,11929,Android,12
1600,11912,Android,12
1601,11922,,
1602,11923,Android,12
1603,11924,Android,12
1604,11913,Android,12
1605,11919,Android,12
1606,11822,Android,12
1607,11742,Android,12
1608,11695,Android,12
1609,11663,Android,12
1610,11662,Android,12
1611,11605,Android,11
1612,11547,Android,11
1613,11876,Android,11
1614,11527,Android,12
1615,11526,Android,12
1616,11523,Android,12
1617,11497,Android,11
1618,11498,Android,12
1619,11499,Android,11
1620,11478,Android,11
1621,11473,Android,11
1622,11355,Android,11
1623,11221,Android,11
1624,11216,Android,11
1625,11214,Android,11
1626,11202,Android,11
1627,11201,Android,11
1628,11189,Android,11
1629,11157,Android,11
1630,11162,Android,11
1631,11161,Android,11
1632,10989,Android,11
1633,11097,Android,11
1634,11098,Android,11
1635,11031,Android,11
1636,10908,Android,11
1637,10907,Android,11
1638,10909,Android,11
1639,10891,Android,11
1640,10869,Android,11
1641,10868,Android,11
1642,10735,Android,10
1643,10699,Android,10
1644,10646,Android,10
1645,10622,Android,10
1646,10514,Android,10
1647,10515,Android,10
1648,10516,Android,10
1649,10452,Android,10
1650,10401,Android,10
1651,10367,Android,10
1652,10285,Android,9.0
1653,10175,Android,10
1654,10177,Android,10
1655,10272,Android,10
1656,10156,Android,10
1657,10128,Android,10
1658,10127,Android,10
1659,10116,Android,10
1660,10008,Android,9.0
1661,9980,Android,9.0
1662,9975,Android,9.0
1663,9927,Android,8.1
1664,9915,Android,9.0
1665,9856,Android,9.0
1666,9761,Android,9.0
1667,9680,Android,9.0
1668,9678,Android,9.0
1669,9679,Android,9.0
1670,9658,Android,
1671,9657,,
1672,9656,,
1673,9477,Android,8.1
1674,9423,Android,8.1
1675,9416,Android,8.1
1676,9420,Android,8.1
1677,9426,Android,8.1
1678,9417,Android,8.1
1679,9429,Android,8.1
1680,9430,Android,8.1
1681,9425,Android,8.0
1682,9421,Android,8.1
1683,9415,Android,7.0
1684,9414,Android,7.0
1685,9428,Android,7.0
1686,9427,Android,7.0
1687,9419,Android,7.0
1688,9418,Android,7.0
1689,9431,Android,7.0
1690,9479,Android,6.0
1691,9478,Android,6.0
1692,9422,Android,7.0
1693,9473,Android,6.0
1694,9472,Android,6.0
1695,9476,Android,6.0
1696,9475,Android,6.0
1697,9474,Android,6.0
1698,12783,Android,13
1699,12476,Android,13
1700,12443,Android,13
1701,12425,Android,13
1702,12071,Android,13
1703,12052,Android,12
1704,12521,Android,13
1705,11842,Android,12L
1706,11841,Android,12
1707,12162,Android,11
1708,11783,,
1709,11747,Android,12
1710,11711,Android,12
1711,11394,Android,12
1712,11331,Android,12
1713,12008,Android,11
1714,11143,Android,11
1715,11090,Android,11
1716,11091,Android,11
1717,10971,,
1718,10972,Android,10
1719,10988,,
1720,10990,Android,11
1721,10991,Android,11
1722,10992,Android,11
1723,10970,Android,11
1724,10924,,
1725,10925,Android,11
1726,10927,Android,11
1727,10926,Android,11
1728,10827,Android,11
1729,10839,Android,11
1730,10605,Android,10
1731,10630,Android,10
1732,10733,Android,10
1733,10405,Android,10
1734,10686,Android,10
1735,10406,Android,10
1736,10329,Android,10
1737,10224,Android,10
1738,10566,Android,9.0
1739,10360,Android,9.0
1740,10049,,
1741,9959,,
1742,9882,Android,9.0
1743,9821,Android,9.0
1744,9822,Android,9.0
1745,9826,Android,9.0
1746,9825,Android,9.0
1747,9824,Android,9.0
1748,9757,Android,9.0
1749,9754,Android,9.0
1750,9711,Android,9.0
1751,9671,Android,9.0
1752,9655,Android,9.0
1753,9609,Android,9.0
1754,9490,Android,8.1
1755,9436,Android,9.0
1756,9489,Android,8.1
1757,9349,Android,8.1
1758,9375,Android,8.1
1759,9374,Android,8.1
1760,9371,Android,8.1
1761,9222,Android,8.1
1762,9226,Android,8.0
1763,9225,Android,8.0
1764,9144,Android,8.0
1765,9143,Android,7.1
1766,9116,Android,8.0
1767,8973,Android,7.0
1768,8947,Android,7.0
1769,8942,Android,7.0
1770,8941,Android,7.0
1771,8834,Android,7.1.1
1772,8850,Android,7.1.1
1773,8794,Android,7.1.1
1774,8605,Android,7.1
1775,8604,Android,7.1
1776,8603,Android,7.0
1777,8602,Android,7.0
1778,8559,Android,6.0.1
1779,8423,Android,7.0
1780,8376,Android,6.0
1781,8375,Android,6.0
1782,8506,Android,6.0
1783,8320,Android,5.1
1784,8319,Android,6.0.1
1785,8318,Android,6.0
1786,8317,Android,6.0
1787,8316,Android,6.0
1788,9744,Android,6.0
1789,8311,,
1790,8208,Android,5.1
1791,8368,,
1792,8193,Android,6.0
1793,8147,Android,6.0
1794,8146,Android,6.0
1795,8145,Android,6.0
1796,8125,Android,6.0.1
1797,8101,Android,5.1.1
1798,8038,Android,6.0.1
1799,7953,Android,6.0.1
1800,7952,Android,6.0.1
1801,7951,Android,6.0
1802,7947,Android,5.1
1803,7946,Android,5.1
1804,7939,Android,5
1805,7918,Android,5.1
1806,7878,Android,5.1
1807,7865,Android,5.1
1808,7850,Android,5.1
1809,7802,Android,5.1.1
1810,7756,Android,5.1
1811,7755,Android,5.1
1812,7742,Android,5.1
1813,8549,Android,6.0
1814,7642,Android,5.1
1815,7605,Android,5.0
1816,8142,Android,5.1
1817,7557,Android,5.0
1818,7539,Android,5.1
1819,7711,Android,5
1820,7552,Android,5
1821,7540,Android,5.1
1822,7354,Android,5.0
1823,7511,Android,5.1.1
1824,7507,Android,5.1
1825,8043,Android,4.4
1826,7233,Android,4.4.2
1827,7216,,
1828,7214,Android,4.4.2
1829,7197,Android,4.4.4
1830,7192,Android,4.4.2
1831,7147,Android,5.2
1832,7046,Android,5.0.2
1833,7886,Android,5.0
1834,7088,Android,5.0.2
1835,7167,Android,4.4.2
1836,7089,Android,4.4.4
1837,7090,Android,5.0
1838,7063,Android,4.4
1839,6956,Android,4.4.2
1840,8185,Android,4.4
1841,6955,Android,4.4
1842,6938,Android,4.4.4
1843,6920,Android,4.4
1844,6919,Android,4.4
1845,6848,Android,4.4.2
1846,6842,Android,4.4.2
1847,6855,Android,4.4.2
1848,6789,Android,4.4.2
1849,6788,Android,4.4.2
1850,6787,Android,4.3
1851,6739,Android,4.4.4
1852,6746,Android,4.4.2
1853,6852,Android,4.4.2
1854,6731,Android,4.4.2
1855,6730,Android,4.4.2
1856,6681,Android,4.4.2
1857,6643,Android,4.4
1858,6642,Android,4.4
1859,6595,Android,4.2.2
1860,6396,Android,4.4.2
1861,6529,Android,4.4.2
1862,6293,Android,4.2.2
1863,6370,Android,4.2
1864,6673,Android,4.2.1
1865,6369,Android,4.2.2
1866,6368,Android,4.2.2
1867,6296,Android,4.2.2
1868,6729,Android,4.4.2
1869,6674,Android,4.4.2
1870,6283,Android,4.2.2
1871,6282,Android,4.2.2
1872,6281,Android,4.2.2
1873,6280,Android,4.2.2
1874,6279,Android,4.2.2
1875,6166,Android,4.3
1876,6159,Android,4.2
1877,6158,Android,4.2
1878,6157,Android,4.2
1879,6047,Android,4.2.2
1880,5934,Android,4.2
1881,5894,Android,4.2.2
1882,5893,Android,4.2
1883,5843,Android,4.3
1884,5836,Android,4.2
1885,5835,Android,4.2
1886,5830,Android,4.0.4
1887,5851,Android,4.2.2
1888,5684,Android,4.2
1889,5683,Android,4.2
1890,5689,Android,4.2.2
1891,5612,Android,4.1
1892,5544,Android,4.2
1893,5486,Android,4.2
1894,5450,Android,4.0.4
1895,5850,Android,4.2.2
1896,5849,,
1897,5385,Android,4.2.1
1898,5354,Android,4.2.2
1899,6196,Android,4.2.2
1900,6197,Android,4.2.2
1901,6198,Android,4.2.2
1902,5353,Android,4.1
1903,5352,Android,4.1
1904,5241,Android,4.2
1905,5244,Android,4.1
1906,5247,Android,4.0.3
1907,5463,Android,4.2.1
1908,5462,Android,4.1.2
1909,5245,Android,4.0.4
1910,5333,Android,4.0.4
1911,5246,Android,2.3.6
1912,5243,Android,4.0.4
1913,5140,Android,4.1
1914,5095,Android,2.3.6
1915,5094,Android,4.0
1916,5060,Android,4.0
1917,4985,Android,4.0.4
1918,4956,Android,4.0.4
1919,4911,Android,4.0.4
1920,4912,Android,2.3.5
1921,4864,,
1922,4863,,
1923,4862,,
1924,4861,,
1925,4860,,
1926,4859,,
1927,4858,,
1928,4424,Android,2.3.4
1929,4711,Android,2.3.5
1930,4445,Android,2.3.7
1931,4423,,
1932,4441,Android,2.3
1933,4440,Android,2.3
1934,4439,Android,2.3
1935,4442,Android,2.3
1936,4443,Android,3.1
1937,4444,Android,3.1
1938,10185,,
1939,7968,,
1940,7008,,
1941,11751,Android,12
1942,10742,Android,10
1943,10743,Android,10
1944,10744,Android,10
1945,10585,Android,10
1946,10586,Android,10
1947,10587,Android,10
1948,10564,Android,10
1949,10464,Android,10
1950,10558,Android,10
1951,10463,Android,10
1952,10459,Android,10
1953,10458,Android,10
1954,10442,Android,10
1955,10597,Android,10
1956,10368,Android,10
1957,10451,Android,10
1958,10382,Android,10
1959,10378,Android,10
1960,10257,Android,9.0
1961,10255,Android,10
1962,10340,Android,10
1963,10209,Android,10
1964,10186,,
1965,10256,Android,10
1966,10103,Android,10
1967,10102,Android,10
1968,10090,Android,9.0
1969,10088,Android,9.0
1970,10087,Android,9.0
1971,10086,Android,9.0
1972,9952,Android,9.0
1973,9906,Android,9.0
1974,9844,Android,9.0
1975,9815,Android,9.0
1976,9827,Android,9.0
1977,9828,Android,9.0
1978,9805,Android,9.0
1979,9804,Android,9.0
1980,9753,Android,9.0
1981,9752,Android,9.0
1982,9751,Android,9.0
1983,9758,Android,9.0
1984,9607,Android,9.0
1985,9608,Android,9.0
1986,9540,Android,9.0
1987,9585,Android,9.0
1988,9586,Android,9.0
1989,9587,Android,8.1
1990,9411,Android,8.1
1991,9300,Android,8.1
1992,9355,Android,2.0
1993,9544,Android,8.1
1994,9309,Android,7.1.2
1995,9305,Android,8.1
1996,9304,Android,8.1
1997,9285,Android,8.1
1998,9278,Android,7.1.2
1999,9251,Android,8.1
2000,9228,Android,8.1
2001,9191,Android,8.0
2002,9206,Android,8.1
2003,9115,Android,8.0
2004,9090,Android,8.0
2005,9122,Android,7.1.2
2006,10072,Android,8.1
2007,9190,Android,7.1
2008,9074,Android,7.1.2
2009,9073,Android,7.1.2
2010,9047,Android,7.1.2
2011,9006,Android,7.0
2012,8712,Android,7.1.2
2013,8781,Android,7.0
2014,8756,Android,7.1.1
2015,8780,Android,7.0
2016,8696,Android,7.0
2017,8466,Android,7.0
2018,8584,Android,7.0
2019,8552,Android,2.1
2020,8551,Android,2.1
2021,8694,Android,7.0
2022,8492,Android,7.0
2023,8679,Android,7.0
2024,8678,Android,7.0
2025,8491,Android,7.0
2026,8490,Android,7.0
2027,8817,Android,6.0.1
2028,8489,Android,6.0.1
2029,8488,Android,6.0.1
2030,8484,Android,6.0.1
2031,8403,Android,6.0
2032,8238,Android,7.0
2033,8184,Android,6.0
2034,8183,Android,6.0
2035,8159,Android,6.0.1
2036,8158,Android,6.0.1
2037,8463,Android,6.0.1
2038,8081,Android,6.0.1
2039,8133,Android,6.0.1
2040,8132,Android,6.0.1
2041,8079,Android,6.0
2042,8085,Android,6.0
2043,7980,Android,5.1.1
2044,8269,Android,6.0
2045,8056,Android,6.0.1
2046,7815,Android,6.0.1
2047,7977,Android,6.0
2048,7976,Android,6.0
2049,7927,Android,6.0
2050,7926,Android,6.0
2051,7849,Android,5.1.1
2052,7848,Android,5.1
2053,7883,Android,5.1.1
2054,7828,Android,5.1.1
2055,7773,Android,5.1
2056,7675,Android,5.1
2057,7681,Android,2.1
2058,7680,Android,2.1
2059,7607,Android,2.1
2060,7606,Android,5.1.1
2061,7556,Android,6.0
2062,7575,Android,5.1.1
2063,7515,Android,5.1.1
2064,7496,Android,5.0.2
2065,7451,Android,5.1.1
2066,7442,Android,5.1
2067,7437,Android,5.1.1
2068,7363,Android,5.1.1
2069,7345,,
2070,7344,,
2071,7250,Android,5.0.2
2072,7253,Android,5.1.1
2073,6901,,
2074,7245,Android,5.0
2075,7212,Android,5.0
2076,7148,Android,4.4.2
2077,7070,,
2078,7718,Android,
2079,7051,Android,5.0.1
2080,7052,Android,5.0.1
2081,7053,Android,5.0.1
2082,7054,Android,4.4
2083,6916,Android,5.0.1
2084,6812,Android,4.4.2
2085,6775,Android,4.4.2
2086,6776,Android,4.4.2
2087,6764,Android,4.4.2
2088,6750,Android,4.4.4
2089,6709,Android,4.4.2
2090,6606,Android,4.4.2
2091,6415,Android,4.4.2
2092,6555,Android,4.4.2
2093,6593,Android,4.4.2
2094,6592,Android,4.4.2
2095,6575,Android,4.4.2
2096,6569,Android,4.4.2
2097,6562,Android,4.4.2
2098,6554,Android,4.4.2
2099,6546,Android,4.4.2
2100,6547,Android,4.4.2
2101,6548,Android,4.4.2
2102,6545,Android,4.4.2
2103,6520,Android,4.4.2
2104,6509,Android,4.4.2
2105,6475,Android,4.4.2
2106,6315,Android,4.4.2
2107,6572,Android,4.4.2
2108,6294,Android,4.4.2
2109,7133,,
2110,6366,Android,
2111,6357,Android,4.4.2
2112,7289,Android,5.0.2
2113,6354,Android,4.4.2
2114,6353,Android,4.4.2
2115,6352,Android,4.4.2
2116,7038,Android,4.4.2
2117,6333,Android,4.4.2
2118,6326,Android,4.4.2
2119,6307,Android,4.4.2
2120,6173,Android,4.2.2
2121,6133,Android,4.4.2
2122,6118,Android,4.4.2
2123,6117,Android,4.4.2
2124,6077,Android,4.4.2
2125,6171,Android,4.4.2
2126,6100,Android,4.4.2
2127,6285,Android,4.4.2
2128,6101,Android,4.4.2
2129,7062,Android,4.4.2
2130,6286,Android,4.4.2
2131,6102,Android,4.4.2
2132,6052,Android,4.4.2
2133,6385,Android,4.1.2
2134,6032,Android,4.1.2
2135,5998,Android,4.1.2
2136,5901,Android,4.3
2137,5705,Android,4.4
2138,5806,Android,4.2.2
2139,5798,Firefox,1.1
2140,5772,Android,4.1.2
2141,5736,Android,4.1.2
2142,5750,Android,4.1.2
2143,5723,,
2144,5673,Android,4.2.2
2145,5543,Android,4.2.2
2146,5650,Android,4.1.2
2147,5649,Android,4.1.2
2148,5602,Android,4.1.2
2149,5488,Android,4.1.2
2150,5487,Android,4.1.2
2151,5554,Android,2.3.6
2152,5509,Android,4.1.2
2153,5390,Android,4.1.2
2154,5315,Android,4.1.2
2155,5722,Android,4.1.2
2156,5316,Android,4.1.2
2157,5254,Android,4.1.2
2158,5372,Android,4.1.2
2159,5275,Android,4.1.2
2160,5373,Android,4.1.2
2161,5293,Android,4.1.2
2162,5389,Android,4.1.2
2163,5292,Android,4.1.2
2164,5608,Android,4.1.2
2165,5048,Android,4.2
2166,6448,,
2167,6449,,
2168,5964,,
2169,5089,,
2170,5078,Android,4.0
2171,5032,Android,4.0
2172,5025,Android,4.0.4
2173,5325,Android,4.0.4
2174,4950,Android,4.0.4
2175,5062,Android,4.0
2176,4751,Android,4.0
2177,4941,Android,4.1.2
2178,5005,Android,4.0.4
2179,4982,Android,4.0.4
2180,4981,Android,4.0.4
2181,4964,Android,4.0.3
2182,4955,Android,4.0.4
2183,4948,Android,4.0
2184,4932,Android,4.0.4
2185,4835,Android,2.3.6
2186,4833,,
2187,4984,,
2188,4779,,
2189,4749,Android,2.3.7
2190,4702,,
2191,4739,Android,4.0
2192,4717,Android,2.3.6
2193,4712,,
2194,4653,Android,2.3.6
2195,4649,Android,2.3
2196,4563,Android,4.0
2197,4562,Android,2.3
2198,4545,Android,2.3
2199,4565,Android,4.0.3
2200,4571,Android,4.0
2201,4554,Android,2.3.5
2202,4555,Android,2.3
2203,4461,Android,2.3.6
2204,4446,Android,3.2
2205,4625,,
2206,4430,Android,2.3.5
2207,4416,Android,2.3
2208,4377,Android,2.3
2209,4392,,
2210,4064,Android,2.3.7
2211,4329,Android,2.3.5
2212,4353,Android,2.3
2213,4402,Android,2.3
2214,4351,,
2215,4257,Android,2.3
2216,4352,Android,2.3
2217,4253,,
2218,4221,Microsoft Windows Phone,7.5
2219,4286,Android,2.3
2220,4213,Android,2.3.5
2221,4188,Android,2.3.5
2222,4201,Android,2.3.4
2223,4140,Android,2.3.4
2224,4157,Android,2.3.4
2225,4067,Android,2.3.4
2226,4309,Android,2.3.4
2227,4043,Android,2.3.3
2228,4289,Android,2.3.4
2229,4287,Android,2.3
2230,4037,Android,2.2
2231,4040,Android,2.3.3
2232,4090,,
2233,4258,,
2234,4610,,
2235,4561,,
2236,4942,,
2237,4470,,
2238,4048,,
2239,4094,,
2240,4092,,
2241,4248,,
2242,4326,,
2243,4259,,
2244,4089,,
2245,3994,,
2246,4211,,
2247,4658,,
2248,4635,,
2249,3952,,
2250,3937,Android,2.2
2251,4074,,
2252,4033,Android,2.2
2253,3924,Android,2.2
2254,3918,Android,2.2
2255,3886,Android,2.2
2256,3880,,
2257,3759,Android,2.2
2258,3835,Android,3.0
2259,4210,,
2260,4095,,
2261,3758,,
2262,3837,Android,2.2
2263,3219,,
2264,3735,Android,2.2
2265,3704,Android,2.2
2266,3762,Android,2.2
2267,3598,Android,2.2
2268,3667,Android,2.2
2269,3732,Android,2.2
2270,3852,,
2271,3701,,
2272,3684,,
2273,3860,,
2274,3698,,
2275,3695,,
2276,3674,,
2277,3909,,
2278,3651,,
2279,3731,Android,2.1
2280,3632,Android,2.1
2281,3631,,
2282,3630,Android,2.2
2283,3613,,
2284,3605,,
2285,3606,,
2286,3558,Microsoft Windows Phone,7
2287,3555,Microsoft Windows Phone,7
2288,3532,Microsoft Windows Phone,7
2289,3486,,
2290,3494,Android,2.2
2291,3669,Android,2.2
2292,3609,,
2293,3583,Android,2.2
2294,3544,Android,2.2
2295,3516,Android,2.2
2296,3345,Microsoft Windows Phone,7
2297,3414,,
2298,3220,,
2299,3217,,
2300,3218,,
2301,3478,,
2302,3470,,
2303,3676,,
2304,3459,,
2305,3452,,
2306,3458,,
2307,3411,,
2308,3412,,
2309,3444,,
2310,3360,,
2311,3260,,
2312,3359,,
2313,3356,Microsoft Windows Mobile,6.5
2314,3352,,
2315,3216,,
2316,3274,,
2317,3341,Android,2.1
2318,3340,,
2319,3221,,
2320,3257,Android,2.1
2321,3245,,
2322,3276,,
2323,3076,,
2324,3261,,
2325,3251,,
2326,3254,,
2327,3253,,
2328,3233,,
2329,3124,,
2330,3211,Android,
2331,3081,Android,1.6
2332,3215,,
2333,3204,,
2334,3164,MeeGo,
2335,3136,,
2336,3095,,
2337,3199,,
2338,3078,,
2339,5444,,
2340,4086,,
2341,3135,,
2342,3106,Microsoft Windows Mobile,6.5
2343,3083,,
2344,3496,,
2345,12472,Android,13
2346,12471,Android,13
2347,12465,,
2348,12464,,
2349,12381,Android,13
2350,12322,Android,12
2351,12321,Android,12
2352,12285,,
2353,12284,,
2354,12286,,
2355,12283,,
2356,12282,,
2357,12281,,
2358,12244,Android,12
2359,12210,,
2360,12184,Android,12
2361,12139,Android,13
2362,12138,Android,13
2363,12137,Android,12
2364,12136,Android,12
2365,12085,Android,12
2366,11973,KaiOS,3.1
2367,11831,Android,12
2368,12373,Android,12
2369,11826,Android,12
2370,11825,Android,12
2371,11823,Android,12
2372,11818,Android,12
2373,11741,,
2374,11666,,
2375,11667,,
2376,11670,KaiOS,3.1
2377,11668,,
2378,11669,Android,12
2379,11644,Android,12
2380,11629,Android,12
2381,11628,Android,12
2382,11381,Android,11
2383,11380,Android,11
2384,11740,,
2385,11739,,
2386,11382,Android,11
2387,11358,Android,11
2388,11356,Android,11
2389,11207,Android,11
2390,11135,Android,11
2391,11142,Android,11
2392,11077,Android,11
2393,11013,Android,11
2394,10967,Android,11
2395,11025,,
2396,11019,Android,11
2397,10965,,
2398,10966,,
2399,10959,Android,11
2400,10955,Android,11
2401,10838,Android,11
2402,10840,Android,11
2403,10841,Android,11
2404,10842,Android,11
2405,10843,Android,11
2406,10844,Android,11
2407,10700,Android,10
2408,10624,Android,10
2409,10584,Android,10
2410,10575,KaiOS,2.5
2411,10576,KaiOS,2.5
2412,10588,Android,10
2413,10547,Android,10
2414,10532,,
2415,10533,,
2416,10404,Android,10
2417,10460,Android,10
2418,10351,Android,10
2419,10273,Android,10
2420,10275,Android,10
2421,10274,Android,10
2422,10241,,
2423,10240,,
2424,10142,Android,10
2425,10117,Android,10
2426,10143,Android,10
2427,10144,,
2428,10131,Android,9.0
2429,9993,Android,9.0
2430,9988,Android,9.0
2431,9833,Android,9.0
2432,9834,Android,9.0
2433,9835,KaiOS,2.5.2
2434,10910,KaiOS,2.5.2
2435,9836,KaiOS,2.5.2
2436,9774,,
2437,9845,,
2438,9773,,
2439,9737,Android,9.0
2440,9736,Android,9.0
2441,9731,Android,9.0
2442,9652,Android,9.0
2443,8867,Android,9.0
2444,9603,Android,9.0
2445,10619,Android,9.0
2446,9604,Android,9.0
2447,9538,Android,9.0
2448,9606,,
2449,9342,Android,9.0
2450,9405,,
2451,9364,Android,8.1
2452,9354,Android,8.1
2453,9178,Android,8.1
2454,9246,Android,8.1
2455,9214,Android,8.0
2456,9215,Android,8.0
2457,9216,Android,8.1
2458,9089,KaiOS,2.5.1
2459,9087,Android,8.0
2460,9058,Android,8.1
2461,8972,Android,8.1
2462,9052,Android,8.1
2463,9046,,
2464,8513,Android,7.1.1
2465,8907,Android,7.1.1
2466,8876,,
2467,8522,Android,7.1.1
2468,8770,,
2469,8769,,
2470,8572,Android,7.0
2471,8571,Android,7.1.1
2472,6885,Android,7.1.1
2473,8597,,
2474,8475,,
2475,8343,,
2476,7772,,
2477,7771,,
2478,7517,,
2479,7516,,
2480,7272,,
2481,7271,,
2482,6910,,
2483,6911,,
2484,6877,Microsoft Windows Phone,8.1
2485,6814,Android,5.0
2486,6640,Microsoft Windows Phone,8.1
2487,6639,Microsoft Windows Phone,8.1
2488,6638,Microsoft Windows Phone,8.1
2489,6571,,
2490,6570,,
2491,6524,Microsoft Windows Phone,8.1
2492,6523,Microsoft Windows Phone,8.1
2493,6383,Android,4.3
2494,6288,,
2495,6287,,
2496,6227,Microsoft Windows Phone,8.1
2497,6254,Microsoft Windows Phone,8.1
2498,6255,Microsoft Windows Phone,8.1
2499,6232,Microsoft Windows Phone,8.1
2500,6148,Android,4.1.2
2501,6147,Android,4.1.2
2502,6067,Android,4.1.2
2503,6149,Nokia Asha software platform,1.1.1
2504,6150,,
2505,5833,Microsoft Windows Phone,8
2506,5869,Microsoft Windows Phone,8
2507,5760,Microsoft Windows Phone,8
2508,5791,Microsoft Windows Phone,8
2509,5702,Microsoft Windows RT,
2510,5796,Nokia Asha software platform,1.2
2511,5794,Nokia Asha software platform,1.2
2512,5795,Nokia Asha software platform,1.1.1
2513,5793,Nokia Asha software platform,1.1.1
2514,5792,Nokia Asha software platform,1.1.1
2515,5703,,
2516,5663,,
2517,5636,,
2518,5635,,
2519,5438,Microsoft Windows Phone,8
2520,5506,Microsoft Windows Phone,8
2521,5560,,
2522,5559,,
2523,5451,Microsoft Windows Phone,8
2524,5437,Microsoft Windows Phone,8
2525,5445,Nokia Asha software platform,1.0
2526,5417,,
2527,5321,Microsoft Windows Phone,8
2528,5322,Microsoft Windows Phone,8
2529,5323,,
2530,5324,,
2531,5291,,
2532,5150,Microsoft Windows Phone,7.8
2533,5147,Microsoft Windows Phone,8
2534,5145,,
2535,5138,,
2536,5137,,
2537,5096,,
2538,5090,Microsoft Windows Phone,8
2539,5069,Microsoft Windows Phone,7.8
2540,5024,Microsoft Windows Phone,8
2541,5009,,
2542,5010,,
2543,4967,Microsoft Windows Phone,8
2544,4968,Microsoft Windows Phone,8
2545,4802,,
2546,4801,,
2547,4800,,
2548,4758,,
2549,4757,,
2550,4756,,
2551,4755,,
2552,4695,Microsoft Windows Phone,7.5
2553,4690,,
2554,4577,Nokia Belle,
2555,4662,Microsoft Windows Phone,7.5
2556,4576,Microsoft Windows Phone,7.5
2557,4546,,
2558,4579,,
2559,4580,,
2560,4578,Microsoft Windows Phone,7.5
2561,4275,Microsoft Windows Phone,7.5
2562,4391,Symbian Anna,
2563,4354,,
2564,4240,Microsoft Windows Phone,7.5
2565,4372,Microsoft Windows Phone,7.5
2566,4276,Microsoft Windows Phone,7.5
2567,4278,,
2568,4279,,
2569,4280,,
2570,4281,,
2571,4243,Symbian Belle,
2572,4241,,
2573,4242,,
2574,4220,Symbian,9.4
2575,4223,Symbian,9.4
2576,4222,Symbian,9.4
2577,4121,,
2578,4120,,
2579,4119,Symbian Belle,
2580,4021,Symbian Belle,
2581,4118,Symbian Belle,
2582,4113,,
2583,4085,Symbian Anna,
2584,3398,MeeGo,1.2
2585,4019,Symbian,9.3
2586,3931,,
2587,3995,,
2588,3996,,
2589,4020,Symbian Anna,
2590,3915,Symbian,3
2591,3997,,
2592,3961,Symbian Anna,
2593,3962,,
2594,3664,Symbian Anna,
2595,3717,Symbian Anna,
2596,3885,Symbian,3
2597,3853,,
2598,3610,,
2599,3638,,
2600,3578,Symbian,9.4
2601,3545,Symbian,3
2602,3524,Symbian,3
2603,3394,Symbian,3
2604,3525,,
2605,3477,Symbian,
2606,3479,,
2607,3397,Symbian,9.4
2608,3396,Symbian,9.3
2609,3390,Symbian,9.4
2610,3348,Symbian,9.3
2611,3367,,
2612,3366,,
2613,3365,,
2614,3364,,
2615,3252,Symbian,3
2616,3304,,
2617,3229,Symbian,9.4
2618,3198,Symbian,9.3
2619,3269,,
2620,3122,Symbian,9.3
2621,3285,Symbian,9.3
2622,3286,Symbian,9.3
2623,3121,,
2624,3041,,
2625,3109,Symbian,9.4
2626,10792,Android,11
2627,12771,Android,14
2628,12772,Android,14
2629,12773,Android,14
2630,12784,Android,14
2631,12785,Android,14
2632,12555,Android,14
2633,12638,Android,14
2634,12637,Android,14
2635,12617,Android,13
2636,12616,Android,13
2637,12520,Android,13
2638,12609,Android,13
2639,12517,Android,13
2640,12584,Android,13
2641,12583,Android,13
2642,12453,Android,13
2643,12418,,
2644,12252,,
2645,12217,Android,13
2646,12440,Android,13
2647,12439,Android,13
2648,12438,Android,4
2649,12437,Android,4
2650,11290,Android,13
2651,12239,Android,13
2652,12176,Android,13
2653,12175,Android,13
2654,12189,Android,13
2655,12070,Android,13
2656,12074,Android,13
2657,12160,Android,13
2658,12024,Android,13
2659,12083,Android,13
2660,12082,Android,13
2661,12151,Android,13
2662,12004,Android,13
2663,12054,Android,12
2664,12022,Android,12
2665,11988,Android,12
2666,11945,Android,12
2667,11840,Android,12
2668,11803,Android,12
2669,11817,Android,12
2670,11737,,
2671,11538,,
2672,11749,Android,4
2673,11748,Android,4
2674,11736,Android,12
2675,11633,Android,12
2676,11654,Android,12
2677,11665,Android,12
2678,11600,Android,12
2679,11624,Android,12
2680,11564,Android,12
2681,11524,Android,12
2682,11439,Android,12
2683,11459,Android,12
2684,11257,Android,12
2685,11268,Android,12
2686,11429,Android,12
2687,11406,Android,12
2688,11404,Android,12
2689,11403,Android,12
2690,11373,Android,12
2691,11402,Android,12
2692,11251,Android,12
2693,11252,Android,12
2694,11253,Android,12
2695,11274,Android,12
2696,11342,Android,12
2697,11343,Android,12
2698,10954,Android,12
2699,11265,Android,11
2700,11149,Android,11
2701,11244,Android,11
2702,11215,Android,11
2703,11124,Android,11
2704,11110,Android,11
2705,11011,Android,11
2706,11062,Android,11
2707,10937,Android,11
2708,11039,Android,11
2709,10906,,
2710,11044,,
2711,11046,Android,4
2712,11045,Android,4
2713,11087,Android,11
2714,11041,Android,11
2715,11015,Android,11
2716,10996,Android,11
2717,10887,,
2718,10873,Android,11
2719,10948,Android,11
2720,10933,Android,11
2721,10922,Android,11
2722,10900,Android,11
2723,10848,Android,11
2724,10860,Android,11
2725,10850,Android,11
2726,10825,Android,11
2727,10824,Android,10
2728,10469,Android,11
2729,10631,Android,11
2730,10641,Android,11
2731,10718,Android,11
2732,10753,Android,11
2733,10749,Android,11
2734,10740,Android,11
2735,10578,Android,11
2736,10596,Android,11
2737,10625,Android,11
2738,10626,Android,11
2739,10648,Android,11
2740,10663,Android,10
2741,10604,Android,10
2742,10709,Android,10
2743,10708,Android,10
2744,10603,Android,10
2745,10580,Android,10
2746,10496,Android,10
2747,10498,Android,10
2748,10476,Android,10
2749,10377,Android,10
2750,10428,Android,10
2751,10412,Android,10
2752,10411,Android,10
2753,10148,Android,10
2754,10371,Android,10
2755,10342,,
2756,10261,Android,10
2757,10355,Android,10
2758,10325,Android,10
2759,10338,Android,10
2760,10315,Tizen,5.5
2761,10336,Android,10
2762,10337,Android,10
2763,10244,,
2764,10333,Android,10
2765,10335,Android,9.0
2766,10316,Android,10
2767,10314,Android,10
2768,10276,Android,10
2769,10216,Android,10
2770,10239,Android,10
2771,10208,Android,8.1
2772,10243,Android,10
2773,10146,Android,10
2774,10157,Android,10
2775,10172,Android,10
2776,10483,Android,10
2777,10158,Android,10
2778,10124,Android,10
2779,10149,Android,10
2780,10138,Android,10
2781,10111,Android,10
2782,10132,Android,10
2783,10079,Android,10
2784,10040,Android,10
2785,10084,Android,10
2786,10041,Android,10
2787,10080,Android,10
2788,10254,Android,10
2789,10044,Android,10
2790,10081,Android,10
2791,10054,,
2792,10004,Android,10
2793,10001,Android,10
2794,10003,Android,10
2795,9917,Android,10
2796,9999,Android,10
2797,9995,Android,10
2798,9963,Android,10
2799,9937,Android,8.0
2800,9899,Android,9.0
2801,9852,Android,9.0
2802,9818,Android,9.0
2803,9861,Android,9.0
2804,9851,,
2805,9523,,
2806,9850,Android,9.0
2807,9795,Android,9.0
2808,9796,Android,9.0
2809,9806,Android,9.0
2810,9787,Android,9.0
2811,9732,Android,9.0
2812,9789,Android,9.0
2813,9788,Android,9.0
2814,9784,Tizen,5.5
2815,9786,Tizen,5.5
2816,9793,Android,9.0
2817,9790,Android,9.0
2818,9781,Android,9.0
2819,9760,Android,9.0
2820,9730,Android,9.0
2821,9636,Android,8.0
2822,9589,Tizen,5.5
2823,9672,Android,8.1
2824,9588,Android,9.0
2825,9535,Android,9.0
2826,9536,Android,9.0
2827,9537,Android,9.0
2828,9721,Android,9.0
2829,9505,Android,8.1
2830,9506,Android,8.1
2831,9508,Android,9.0
2832,9659,Android,9.0
2833,9646,Android,9.0
2834,9616,Android,9.0
2835,9554,Android,9.0
2836,9642,Android,9.0
2837,9579,Android,9.0
2838,9661,Android,9.0
2839,9640,Android,9.0
2840,9580,Android,9.0
2841,9581,Android,9.0
2842,9582,Android,9.0
2843,9651,Android,9.0
2844,9264,Android,8.0
2845,9665,Android,8.1
2846,9262,Android,8.1
2847,9263,Android,8.1
2848,9432,Android,9.0
2849,9352,Android,8.0
2850,9344,Android,8.0
2851,9340,Android,8.0
2852,9163,Android,8.1
2853,9289,Tizen,5.5
2854,9334,Android,8.1
2855,9397,Android,8.1
2856,9335,Android,8.1
2857,9255,Android,8.1
2858,9260,Android,8.0
2859,9234,Android,8.0
2860,8928,Android,8.0
2861,9220,Android,8.0
2862,9202,Android,8.0
2863,9205,Android,8.0
2864,9203,Android,8.0
2865,9204,Android,8.0
2866,9156,Android,8.0
2867,9155,Android,8.0
2868,9153,Android,8.0
2869,9135,Android,7.0
2870,8967,Android,8.0
2871,8966,Android,8.0
2872,8904,Android,7.1
2873,8790,Android,7.1.1
2874,8886,Android,7.1.1
2875,8900,Android,7.0
2876,8897,Android,7.1.1
2877,8725,Android,7.1
2878,8789,Android,7.1
2879,8839,Tizen,5.5
2880,8505,Android,7.1.1
2881,8676,Android,7.0
2882,8778,Android,7.0.1
2883,8683,Android,7.1.1
2884,8684,Android,7.0
2885,8675,Android,7.0
2886,8561,Android,7.0
2887,8705,Android,7.0
2888,8438,Android,7.0
2889,9331,Android,6.0
2890,8682,Tizen,3.0
2891,8161,Android,7.0
2892,8523,Android,7.0
2893,8627,Tizen,5.5
2894,8437,Android,7.0
2895,8577,Android,7.0
2896,8554,Android,7.0
2897,8397,Android,5.1
2898,8486,Android,6.0.1
2899,8435,Android,6.0.1
2900,8335,Android,6.0.1
2901,8494,Android,6.0.1
2902,8336,Android,6.0.1
2903,8385,Android,6.0
2904,8424,Android,6.0
2905,8347,Android,6.0.1
2906,7801,Android,6.0.1
2907,8367,Android,6.0.1
2908,8265,Android,6.0.1
2909,8309,Tizen,5.5
2910,8308,Tizen,5.5
2911,8307,Tizen,5.5
2912,8342,Android,6.0.1
2913,8314,Android,6.0.1
2914,8288,Tizen,2.4
2915,8242,Android,6.0.1
2916,8082,Android,6.0.1
2917,8140,Android,6.0.1
2918,8192,Android,6.0
2919,8227,Android,5.1
2920,8186,Android,5.1
2921,8228,Android,6.0.1
2922,8083,Android,6.0.1
2923,8170,Tizen,2.4
2924,8455,Android,6.0
2925,8004,Android,6.0
2926,8126,Android,5.1
2927,8046,Android,6.0.1
2928,8047,Android,6.0.1
2929,7903,Android,6.0.1
2930,7870,Android,6.0.1
2931,7869,Android,6.0.1
2932,8090,Android,6.0
2933,7880,Android,5.1.1
2934,7821,Android,6.0
2935,7945,Android,6.0
2936,7961,Android,6.0
2937,7960,Android,6.0
2938,7768,Android,5.1
2939,7934,Tizen,2.3.2
2940,7879,Android,5.1.1
2941,7864,Android,5.1.1
2942,7641,Android,5.1.1
2943,7759,Android,5.1.1
2944,7789,Android,5.1.1
2945,7791,Android,5.1.1
2946,8022,Android,6.0
2947,7760,Android,5.1.1
2948,7704,Android,5.1.1
2949,7679,Android,5.1
2950,7648,Android,5.1
2951,7273,Tizen,2.3
2952,7673,Android,4.4.4
2953,7677,Tizen,2.3.2
2954,7678,Tizen,2.3.2
2955,7585,Tizen,2.3.2
2956,7504,Android,5.1.1
2957,7431,Android,5.1.1
2958,7508,Android,5.1.1
2959,7505,Android,5.1.1
2960,7467,Android,5.1.1
2961,7509,Android,5.1.1
2962,6506,Android,5.1.1
2963,7468,Android,4.4.4
2964,7453,Android,5.1
2965,7438,Android,5.0.2
2966,7439,Android,5.0.2
2967,7506,Android,5.1
2968,7249,Android,5.1.1
2969,7395,Android,4.4.2
2970,8785,Android,7.0
2971,7185,Android,5.1
2972,7184,Android,5.1
2973,6980,Android,4.4.4
2974,7295,Android,4.4
2975,7794,,
2976,7751,,
2977,7119,,
2978,7114,Android,5.0.2
2979,7134,Android,4.4
2980,7443,Android,5.0
2981,7122,Android,5.0
2982,8883,Android,5.0
2983,7121,Android,5.0
2984,6990,Android,4.4.4
2985,7166,Android,5.0.2
2986,7164,Android,5.0.2
2987,7079,Android,5.0.2
2988,7377,Android,5.0.2
2989,6849,Android,5.0.2
2990,7034,Android,4.4.4
2991,7357,Android,5.1.1
2992,6907,Android,4.4.4
2993,7110,Android,4.4.4
2994,6894,Tizen,2.3
2995,7132,Android,4.4.4
2996,6763,Android,4.4.4
2997,6905,Android,4.4.4
2998,6879,Android,4.4.4
2999,6906,Android,4.4.4
3000,6716,Android,4.4.4
3001,6802,Android,4.4.4
3002,6761,Android,4.4.4
3003,6803,Android,4.4.4
3004,6762,Android,4.4.4
3005,6748,Android,4.4.2
3006,4881,Android,4.4.2
3007,6725,Android,4.4.2
3008,6790,Android,4.4.2
3009,6708,Android,4.4.4
3010,6706,Android,4.4.4
3011,6631,Android,4.4.4
3012,6749,Android,4.4.4
3013,6758,Android,4.4.4
3014,6434,Android,4.4.4
3015,6658,Android,4.4.2
3016,6659,Android,4.4.2
3017,6482,Android,4.4.3
3018,6620,Tizen,
3019,7715,Tizen,
3020,7714,Android,
3021,7717,Tizen,
3022,7716,Tizen,
3023,6576,Android,4.4.2
3024,6580,Android,4.4.4
3025,6573,Android,4.4.4
3026,6563,Android,4.4.4
3027,6542,Android,4.4.2
3028,6662,Android,4.4.2
3029,6651,,
3030,6650,,
3031,6969,Android,4.4.4
3032,6534,Android,4.4.2
3033,6391,Android,4.4.2
3034,6252,Android,4.4.2
3035,6478,Android,4.4.2
3036,6479,Android,4.4.2
3037,6480,Android,4.4.2
3038,6481,Android,4.4.2
3039,6331,Android,4.4.2
3040,6460,Android,4.4.2
3041,6450,Android,4.4.2
3042,6435,Android,4.4.2
3043,6439,Android,4.4.2
3044,6235,Android,4.4.2
3045,6438,Android,4.4.2
3046,6432,Android,4.3
3047,6433,Android,4.4.2
3048,6404,Android,4.3
3049,6403,Tizen,2.2.1
3050,6356,Android,4.4.2
3051,6210,Android,4.4.2
3052,6328,Android,4.2.2
3053,6289,Android,4.3
3054,6284,Android,4.4.2
3055,6245,Microsoft Windows Phone,8
3056,6251,Android,4.4.2
3057,6250,Android,4.4.2
3058,6241,Android,4.4.2
3059,6249,Android,4.4.2
3060,6248,Android,4.4.2
3061,6240,Android,4.4.2
3062,6247,Android,4.4.2
3063,6246,Android,4.4.2
3064,6239,Android,4.4.2
3065,6209,Android,4.2
3066,6190,Android,4.2.2
3067,6272,Android,4.4.2
3068,6237,Android,4.4.2
3069,6338,Android,4.4.2
3070,6033,Android,4.4.2
3071,6846,Android,4.4.2
3072,6099,Android,4.2.2
3073,6505,,
3074,6170,,
3075,6054,Android,4.1.2
3076,6015,Android,4.3
3077,5961,Android,4.3
3078,5975,Android,4.2
3079,5969,Android,4.2
3080,5958,Android,4.2
3081,5945,Android,4.4
3082,5944,Android,4.4
3083,6048,Android,4.4
3084,5943,Android,4.4
3085,5942,Android,4.4
3086,6212,Android,4.4.2
3087,5941,Android,4.4
3088,5940,Android,4.4
3089,6049,Android,4.4
3090,5946,Android,4.4
3091,5928,Android,4.3
3092,5904,Android,4.2
3093,5889,Android,4.2.2
3094,5887,Android,4.3
3095,5886,Android,4.2.2
3096,5876,Android,4.2.2
3097,5862,Android,4.3
3098,5814,Android,4.2
3099,5846,,
3100,5803,Android,4.2.2
3101,5542,Android,4.2.2
3102,5786,Android,4.2.2
3103,5766,Android,4.3
3104,5841,Android,4.1.2
3105,5842,Android,4.2
3106,6216,Android,4.1.2
3107,6213,Android,4.1.2
3108,5749,Android,4.1.2
3109,5677,Android,4.3
3110,5665,Android,4.3
3111,5634,,
3112,5597,Android,4.1
3113,5599,,
3114,5548,Microsoft Windows Phone,8
3115,5447,Android,4.2.2
3116,6785,Android,4.2
3117,5479,,
3118,5375,Android,4.2.2
3119,5446,Android,4.2.2
3120,5456,Android,4.2.2
3121,5491,Android,4.2.2
3122,5490,Android,4.2.2
3123,5478,Android,4.2.2
3124,5468,Android,4.1.2
3125,5419,Android,4.1.2
3126,5423,Android,4.1.2
3127,5422,Android,4.1.2
3128,5398,Android,4.2.2
3129,5396,Android,4.2.2
3130,5394,Android,4.1
3131,5392,Android,4.1.2
3132,5391,Android,4.1.2
3133,5314,Android,4.1.2
3134,5371,Android,4.2.2
3135,5125,Android,4.2.2
3136,5420,Android,4.2.2
3137,5388,Android,4.2.2
3138,5252,Android,4.1.2
3139,5253,Android,4.1.2
3140,5357,Android,4.0
3141,5301,,
3142,5300,,
3143,5299,,
3144,5298,,
3145,5312,,
3146,5362,,
3147,5361,,
3148,5280,Android,4.1.2
3149,5279,Android,4.1.2
3150,5271,Android,4.1.2
3151,5263,Android,4.1.2
3152,5221,Microsoft Windows Phone,8
3153,5213,Android,4.1.2
3154,5163,Android,4.1.2
3155,5162,Android,4.1.2
3156,5059,,
3157,5151,Android,4.1
3158,5146,,
3159,5144,Android,4.0.4
3160,5124,Android,4.0.4
3161,5111,Android,4.0.4
3162,5272,Android,4.1.2
3163,5047,Android,4.1
3164,5084,Android,4.2
3165,5081,Microsoft Windows RT,
3166,5079,,
3167,5033,Android,4.1
3168,5027,Android,4.0.4
3169,5026,Android,4.0.4
3170,5019,Android,4.0.4
3171,5018,Android,4.0
3172,4931,,
3173,5001,Android,4.1.1
3174,4992,Android,4.0.4
3175,4999,,
3176,4914,Android,4.0
3177,4965,Android,2.3
3178,4854,Android,4.1.1
3179,5152,Android,4.1
3180,4960,Microsoft Windows Phone,8
3181,4961,Android,4.1
3182,4957,Android,4.0.4
3183,4954,Android,4.0.4
3184,4953,Android,4.0.4
3185,4923,Android,4.0.3
3186,4573,Android,4.0.3
3187,4670,Android,4.0.3
3188,4909,,
3189,4900,Android,2.3
3190,4883,Android,4.0
3191,5342,,
3192,5341,,
3193,5311,,
3194,4919,,
3195,4870,,
3196,4866,Android,4.0
3197,4865,,
3198,4857,Android,2.3
3199,5114,Android,2.3
3200,4777,Android,2.3
3201,4771,Android,2.3
3202,4769,Android,3.2
3203,4851,,
3204,4753,,
3205,4754,Android,2.3
3206,4752,Tizen,1.0
3207,4750,Microsoft Windows Phone,7.5
3208,4745,Microsoft Windows Phone,7.5
3209,4804,Android,4.0
3210,4803,Android,4.0
3211,4799,Android,4.1
3212,4238,Android,4.0.4
3213,5343,,
3214,4641,,
3215,4633,Android,2.3
3216,5461,Android,4.0
3217,4612,Android,2.3
3218,4566,Android,2.3.6
3219,5592,Android,4.0
3220,4669,Android,4.0.3
3221,4567,Android,4.0.3
3222,4564,Android,2.3.6
3223,4660,Android,2.3
3224,5340,Android,4.0
3225,4559,Android,2.3
3226,3883,Android,2.3.6
3227,4548,Android,2.2
3228,4544,Android,2.2
3229,4671,Android,4.0.3
3230,4543,Android,4.0.3
3231,4469,Android,2.3.6
3232,4403,Android,2.3
3233,4448,,
3234,4447,,
3235,4432,Android,4.0
3236,4431,Android,2.3
3237,4420,Android,2.3.6
3238,4419,Android,3.2
3239,4406,Android,4.0
3240,4415,Android,2.3.6
3241,4414,,
3242,4952,Android,4.0.4
3243,4374,Android,2.3
3244,4401,Android,2.3
3245,4397,Android,2.3
3246,4387,Android,2.3.5
3247,4385,Android,2.3
3248,4371,Android,2.3
3249,4380,,
3250,4405,,
3251,4350,Android,2.3
3252,4344,Android,2.3
3253,5556,,
3254,4337,,
3255,4336,,
3256,4158,Microsoft Windows Phone,7.5
3257,4159,Microsoft Windows Phone,7.5
3258,4303,Android,2.3.5
3259,4217,,
3260,4277,Android,2.3.5
3261,4271,,
3262,4218,,
3263,4301,Android,4.0
3264,4219,Android,4.0
3265,4327,Android,2.3.4
3266,4262,Android,2.3
3267,4284,Android,2.3
3268,4071,Android,2.3
3269,4239,Android,2.2
3270,4270,Android,2.3
3271,4667,Android,3.2
3272,4208,Android,3.2
3273,4200,Microsoft Windows Phone,7.5
3274,4198,Android,2.3
3275,4096,,
3276,4668,Android,3.2
3277,4136,Android,3.2
3278,4135,Android,2.3.5
3279,4130,Android,2.3.4
3280,4468,Android,2.3
3281,4129,Android,2.3.5
3282,3956,Android,2.3.4
3283,4126,Bada,2.0
3284,4054,Bada,2.0
3285,4127,Bada,2.0
3286,4376,Android,2.3
3287,4124,Android,2.3
3288,4125,Android,3.2
3289,4114,Android,2.3.5
3290,4115,Android,2.3
3291,4116,Android,2.3
3292,4694,Android,2.3
3293,4117,Android,2.3.5
3294,4123,,
3295,3437,Android,2.2
3296,4191,,
3297,4100,,
3298,4091,Android,2.3
3299,4059,Android,2.3
3300,3967,Android,2.3.3
3301,4269,Android,2.3.3
3302,4283,,
3303,4026,Android,2.3.4
3304,4058,,
3305,4039,,
3306,3991,,
3307,3969,Android,2.2
3308,3968,Android,2.3
3309,4274,,
3310,4056,,
3311,4034,,
3312,4093,,
3313,4055,Android,2.2
3314,3941,,
3315,3992,,
3316,3940,,
3317,3939,,
3318,3908,Android,2.3
3319,3986,,
3320,3921,,
3321,3993,,
3322,4611,,
3323,3927,Android,2.2
3324,3916,Android,2.2
3325,3913,Android,2.2
3326,3920,Android,2.3
3327,3910,Android,2.3
3328,3904,,
3329,3919,Android,2.2
3330,3892,Android,3.1
3331,4069,Android,3.1
3332,3894,Android,3.0
3333,3891,Android,3.0
3334,3893,Android,3.0
3335,3884,Android,2.3
3336,3878,,
3337,3765,TouchWiz UI,
3338,3850,Android,2.2.2
3339,3621,Android,2.3.4
3340,3844,,
3341,3845,,
3342,3838,Android,2.2
3343,3831,Android,3.0
3344,3778,Bada,1.1
3345,3729,,
3346,4030,,
3347,3766,,
3348,3836,,
3349,3761,Android,2.2
3350,4664,Android,2.2
3351,3724,Android,2.3
3352,3726,Android,2.2
3353,3741,Android,2.2
3354,3725,Android,2.2
3355,3879,Android,2.2
3356,3719,Android,2.2
3357,3718,,
3358,3705,Android,2.2
3359,3774,Android,2.2
3360,3733,Android,2.2
3361,3620,Android,2.3
3362,3736,Android,2.2
3363,3634,,
3364,3767,,
3365,3668,,
3366,3625,Android,2.2
3367,3617,,
3368,3616,,
3369,3665,,
3370,3738,Android,2.1
3371,3753,,
3372,3618,,
3373,3615,Android,2.1
3374,4396,,
3375,3588,,
3376,3586,,
3377,3742,,
3378,3743,,
3379,3744,,
3380,3745,,
3381,3746,,
3382,3747,,
3383,3748,,
3384,3749,,
3385,3453,Microsoft Windows Phone,7
3386,3537,Microsoft Windows Phone,7
3387,3547,Bada,
3388,3536,Bada,1.2
3389,3768,Bada,
3390,3672,Android,2.2
3391,3370,Android,2.2
3392,3673,Android,2.2
3393,3769,Android,2.2
3394,3582,,
3395,3671,,
3396,3614,,
3397,3487,Android,2.1
3398,3752,,
3399,3750,,
3400,3584,Android,2.2
3401,3580,Android,2.1
3402,3581,Android,2.1
3403,3579,,
3404,3515,Android,2.2
3405,3531,,
3406,3415,,
3407,4638,,
3408,4087,,
3409,3493,Bada,
3410,3490,Android,2.1
3411,3448,,
3412,3368,,
3413,3482,,
3414,3492,Android,2.1
3415,3416,Android,2.1
3416,3467,,
3417,3336,,
3418,3335,,
3419,3334,,
3420,3333,,
3421,3408,Android,2.1
3422,3401,Microsoft Windows Mobile,6.5
3423,3402,Microsoft Windows Mobile,6.5
3424,3433,,
3425,3450,,
3426,3434,,
3427,3410,Android,2.1
3428,3430,Android,2.1
3429,3429,Android,2.1
3430,3435,,
3431,3436,Microsoft Windows Mobile,6.5
3432,3438,,
3433,3928,,
3434,3399,Bada,
3435,3400,Bada,
3436,3371,Android,2.1
3437,3432,Android,2.1
3438,3395,Android,2.1
3439,3362,,
3440,3355,,
3441,3346,TouchWiz Lite UI,
3442,3319,,
3443,3418,Android,2.1
3444,3294,Android,2.1
3445,3115,Android,2.1
3446,3234,,
3447,3002,Android,2.1
3448,3332,,
3449,3273,,
3450,3272,,
3451,3047,,
3452,3243,,
3453,3232,,
3454,3231,,
3455,3146,Bada,
3456,3150,Android,2.1
3457,3151,,
3458,3091,,
3459,3152,,
3460,3148,,
3461,3149,,
3462,3117,,
3463,3074,,
3464,3085,,
3465,3194,,
3466,3086,,
3467,3018,,
3468,3084,,
3469,3048,,
3470,3441,Microsoft Windows Mobile,6.1
3471,3442,,
3472,7270,,
3473,12534,Android,13
3474,12263,Android,13
3475,12264,Android,13
3476,11838,Android,12
3477,11521,Android,12
3478,11522,Android,12
3479,11174,Android,11
3480,11064,Android,11
3481,10712,Android,11
3482,10851,Android,11
3483,10698,Android,11
3484,10707,Android,10
3485,10396,Android,10
3486,10096,Android,10
3487,10095,Android,10
3488,10091,Android,9.0
3489,9840,Android,9.0
3490,9543,Android,9.0
3491,9591,Android,9.0
3492,9353,Android,9.0
3493,9592,Android,8.0
3494,9268,Android,8.0
3495,9232,Android,9.0
3496,9166,Android,8.0
3497,9081,Android,8.0
3498,9082,Android,8.0
3499,8985,Android,8.0
3500,8986,Android,8.0
3501,8987,Android,7.1.1
3502,8922,Android,7.1
3503,8804,Android,8.0
3504,8840,Android,7.0
3505,8610,Android,8.0
3506,8619,Android,7.0
3507,8599,Android,7.1
3508,8593,Android,7.1
3509,8595,Android,7.0
3510,8596,Android,7.0
3511,8292,Android,6.0.1
3512,8313,Android,6.0.1
3513,8113,Android,6.0
3514,8102,Android,6.0.1
3515,7949,Android,6.0.1
3516,7948,Android,6.0.1
3517,7957,Android,6.0.1
3518,7950,Android,6.0.1
3519,7538,Android,5.1.1
3520,7536,Android,5.1.1
3521,7537,Android,5.1.1
3522,7534,Android,5.1.1
3523,7535,Android,5.1.1
3524,7465,Android,5.0
3525,7464,Android,5.0.1
3526,7466,Android,5.0
3527,7463,Android,5.0
3528,7296,Android,5.0
3529,7257,Android,5.0
3530,6878,Android,5.0.1
3531,7228,Android,5.0
3532,7227,Android,5.0
3533,7100,Android,5.0
3534,7068,Android,5.0.1
3535,7238,Android,5.0
3536,7069,Android,5.0
3537,7059,Android,4.4.4
3538,7060,Android,4.4.4
3539,7031,Android,4.4.4
3540,6882,Android,4.4.4
3541,6663,Android,4.4.2
3542,6634,Android,4.4.2
3543,6633,Android,4.4.2
3544,6632,Android,4.4.4
3545,6796,Android,4.4.4
3546,6539,Android,4.4.4
3547,6582,Android,4.4.2
3548,6538,Android,4.4.4
3549,6489,Android,4.4.2
3550,6488,Android,4.4.2
3551,6456,Android,4.4.2
3552,6408,Android,4.4.2
3553,7691,Android,
3554,7719,Android,
3555,6146,Android,4.3
3556,6162,Android,4.3
3557,6145,Android,4.4.2
3558,6161,Android,4.4.2
3559,6144,Android,4.4.2
3560,5967,Android,4.3
3561,5966,Android,4.3
3562,5968,Android,4.3
3563,5965,Android,4.3
3564,5950,Android,4.3
3565,5753,Android,4.3
3566,5596,Android,4.2
3567,5540,Android,4.2
3568,5541,Android,4.2.2
3569,5497,Android,4.1
3570,5421,Android,4.1.2
3571,5363,Android,4.1
3572,5364,Android,4.1
3573,5326,Android,4.1.2
3574,5255,Android,4.1.2
3575,5204,Android,4.1.2
3576,5203,Android,4.1.2
3577,5148,Android,4.0.4
3578,5149,Android,4.1
3579,5015,Android,4.0.4
3580,4993,Android,4.0.3
3581,4913,Android,4.0.3
3582,4958,Android,4.0.4
3583,4930,Android,4.0.4
3584,4959,Android,4.0.4
3585,4899,Android,4.0.4
3586,4894,Android,4.0.4
3587,4832,Android,4.0.3
3588,4718,Android,4.0.4
3589,4831,Android,4.0
3590,4782,Android,2.3
3591,4781,Android,4.0
3592,4775,Android,4.0
3593,4774,Android,4.0
3594,4773,Android,2.3
3595,4772,Android,2.3
3596,4647,Android,4.0.4
3597,4408,Android,2.3
3598,4437,Android,2.3
3599,4436,Android,2.3
3600,4369,Android,2.3
3601,4798,Android,2.3
3602,4412,Android,2.3
3603,4648,,
3604,4139,,
3605,4138,,
3606,4137,,
3607,4734,,
3608,7022,,
3609,6958,,
3610,6957,,
3611,6384,,
3612,5336,,
3613,12749,Android,13
3614,12750,Android,13
3615,12572,Android,13
3616,12581,Android,13
3617,12776,Android,13
3618,12717,Android,14
3619,12723,Android,13
3620,12779,Android,13
3621,12737,Android,13
3622,12735,Android,13
3623,12726,Android,13
3624,12714,Android,14
3625,12715,Android,14
3626,12716,Android,14
3627,12711,HyperOS,
3628,12697,Android,13
3629,12689,Android,13
3630,12684,Android,13
3631,12643,,
3632,12626,,
3633,12388,Android,13
3634,12389,Android,13
3635,12587,Android,3.5
3636,12582,Android,13
3637,12466,Android,13
3638,12470,Android,13
3639,12468,,
3640,12463,Android,13
3641,12452,Android,13
3642,12449,Proprietary,
3643,12446,Android,13
3644,12392,Android,13
3645,12245,Android,13
3646,12328,Android,13
3647,12298,Android,13
3648,12134,Android,13
3649,12257,Android,13
3650,12258,Android,13
3651,12236,Android,13
3652,12238,Android,13
3653,12237,Android,13
3654,12215,Android,13
3655,12218,Android,13
3656,12209,Android,11
3657,12181,Android,13
3658,12197,Android,"12,13"
3659,12124,Android,"12,13"
3660,12188,Android,13
3661,11962,,
3662,12013,,
3663,12072,Android,12
3664,12126,Android,12
3665,12094,Android,12
3666,12092,Android,12
3667,12063,Android,12
3668,12053,Android,12
3669,12045,Android,13
3670,12046,,
3671,12047,Android,12
3672,11975,,
3673,12048,Proprietary,
3674,12023,Proprietary,
3675,12051,Android,12
3676,11953,Android,12
3677,11954,Android,12
3678,11955,Android,12
3679,11956,Android,12
3680,11887,Android,12
3681,11888,Android,12
3682,11911,Android,12
3683,11904,Android,12
3684,11909,Android,12
3685,11906,Android,12
3686,11855,Android,12
3687,11834,Android,12
3688,11848,Android,12
3689,11832,Android,12
3690,11850,Android,12
3691,11869,Android,12
3692,11819,Android,11
3693,11762,Android,12
3694,11760,MIUI Watch,
3695,11580,Android,12
3696,11758,,
3697,11759,Android,12
3698,11653,Android,12
3699,11472,Android,12
3700,11614,Android,12
3701,11651,,
3702,11645,,
3703,11652,Android,12
3704,11627,Android,12
3705,11626,Android,12
3706,11468,Android,11
3707,11549,Android,12
3708,11550,Android,12
3709,11551,Android,11
3710,11519,Android,11
3711,11427,Android,12
3712,11479,Android,12
3713,11495,Proprietary,
3714,11487,Android,12
3715,11486,Android,11
3716,11453,Android,12
3717,11454,Android,12
3718,11455,Android,12
3719,11449,Android,11
3720,11419,Android,11
3721,11425,Android,12
3722,11180,Android,11
3723,11372,Android,12
3724,11430,Android,12
3725,11431,Android,12
3726,11287,Android,12
3727,11285,Android,12
3728,11292,Android,11
3729,11422,Proprietary,
3730,11424,Android,11
3731,11418,Android,11
3732,11412,Android,11
3733,11395,Android,11
3734,11396,Android,11
3735,11371,Android,11
3736,11388,Android,11
3737,11362,Android,12
3738,11357,Android,11
3739,11333,Android,11
3740,11334,Android,11
3741,11335,Android,11
3742,11336,Android,11
3743,11186,Android,11
3744,11185,Android,11
3745,11293,Proprietary,
3746,11217,Android,11
3747,11241,Android,11
3748,11193,Android,11
3749,11159,Android,11
3750,11181,Android,11
3751,11187,Proprietary,
3752,11182,Proprietary,
3753,11152,Android,11
3754,11153,Android,11
3755,11137,Android,10
3756,11119,Android,11
3757,11126,Proprietary,
3758,11129,Android,10
3759,11128,Android,10
3760,11134,Android,10
3761,11127,Android,10
3762,11100,Android,11
3763,11099,Android,11
3764,11101,Android,11
3765,11079,Android,11
3766,11060,Android,11
3767,11043,Android,11
3768,11042,Android,11
3769,11040,Android,11
3770,10949,Android,11
3771,10886,Android,11
3772,11008,Android,11
3773,10977,Proprietary,
3774,10930,Android,11
3775,10919,Android,11
3776,10857,Android,11
3777,10880,Android,11
3778,10776,Android,11
3779,10775,Android,11
3780,10867,Android,10
3781,10817,,
3782,10737,Android,11
3783,10816,Android,11
3784,10777,Android,11
3785,10815,Android,11
3786,10665,Android,11
3787,10805,Android,11
3788,10714,Android,11
3789,10802,Android,11
3790,10758,Android,11
3791,10780,Android,11
3792,10662,Android,11
3793,10768,Android,11
3794,10769,Android,11
3795,10247,Android,11
3796,10770,Android,11
3797,10771,Android,11
3798,10752,Android,11
3799,10727,Android,11
3800,10728,Android,11
3801,10661,Android,10
3802,10670,Android,10
3803,10615,Android,10
3804,10656,,
3805,10616,Android,10
3806,10633,Proprietary,
3807,10582,Android,10
3808,10581,Android,10
3809,10609,Android,10
3810,10610,Proprietary,
3811,10599,Android,10
3812,10517,Android,10
3813,10541,Proprietary,
3814,10482,Android,10
3815,10437,Android,10
3816,10473,Android,10
3817,10480,Android,10
3818,10481,Proprietary,
3819,10305,Proprietary,
3820,10591,Android,10
3821,10399,Android,10
3822,10434,Android,10
3823,10461,Android,10
3824,10415,Android,10
3825,10398,Android,10
3826,10361,Android,10
3827,10349,Android,10
3828,10353,Android,10
3829,10350,Android,10
3830,10318,Android,10
3831,10279,Android,10
3832,10277,Android,10
3833,10278,Android,10
3834,10233,Android,10
3835,10267,Android,10
3836,10266,Android,10
3837,10202,Android,10
3838,10200,Android,10
3839,10220,Android,10
3840,10235,Android,10
3841,10217,Android,10
3842,10192,Android,10
3843,10183,Android,10
3844,10207,Android,10
3845,10159,Android,10
3846,10150,Android,10
3847,10140,Android,10
3848,10147,Android,10
3849,10126,Android,10
3850,10120,Android,10
3851,10109,Android,10
3852,10110,Android,10
3853,10055,Android,10
3854,10082,Android,10
3855,10169,Android,9.0
3856,10078,Android,9.0
3857,10050,Android,10
3858,9991,Android,10
3859,9979,Android,10
3860,9946,Android,9.0
3861,9945,Android,9.0
3862,9936,Android,9.0
3863,9935,Android,9.0
3864,10014,Proprietary,
3865,9941,Proprietary,
3866,9800,Android,9.0
3867,9897,Android,9.0
3868,9893,Android,10
3869,9892,Android,10
3870,9891,Android,10
3871,9884,Android,10
3872,9862,Android,9.0
3873,9812,Android,9.0
3874,9779,Android,9.0
3875,9769,Android,9.0
3876,9716,Android,9.0
3877,9759,Android,9.0
3878,9749,Android,9.0
3879,9814,Android,9.0
3880,9791,Android,9.0
3881,9738,Android,9.0
3882,9720,Android,9.0
3883,9708,Android,9.0
3884,9707,Android,9.0
3885,9674,Android,9.0
3886,9639,Android,9.0
3887,9498,Android,9.0
3888,9521,Android,9.0
3889,9602,Android,9.0
3890,9584,Android,9.0
3891,9583,Android,9.0
3892,9507,Android,9.0
3893,9534,Android,8.1
3894,9513,Android,9.0
3895,9499,Android,9.0
3896,9382,Android,8.0
3897,9378,Android,9.0
3898,9333,Android,8.1
3899,9336,Android,8.1
3900,9329,Android,8.1
3901,9293,Android,8.1
3902,9140,Android,8.1
3903,9247,Android,8.1
3904,8963,Android,8.1
3905,9295,Android,8.1
3906,9249,Android,8.1
3907,9237,Android,8.1
3908,9217,Android,8.1
3909,9218,Android,8.1
3910,9065,Android,8.1
3911,9219,Android,8.1
3912,9185,Android,8.1
3913,9067,Android,8.0
3914,9120,Android,8.0
3915,8893,Android,7.1.2
3916,9164,Android,8.0
3917,8959,Android,7.1.2
3918,8768,Android,7.1.2
3919,8898,Android,7.1.2
3920,8753,Android,7.1.2
3921,8818,Android,7.0
3922,8707,Android,7.1
3923,8529,Android,7.1
3924,8776,Android,7.1.2
3925,8582,Android,7.1.1
3926,8608,Android,6.0.1
3927,8507,Android,7.1.1
3928,8477,Android,7.0
3929,8439,Android,7.1
3930,8580,Android,6.0
3931,8531,Android,6.0
3932,8420,Android,6.0.1
3933,8419,Android,6.0.1
3934,8263,Android,6.0.1
3935,8400,Android,6.0
3936,8014,Android,6.0
3937,8350,Android,6.0
3938,7260,Android,6.0
3939,8291,Android,6.0
3940,8233,Android,6.0
3941,8212,Android,6.0.1
3942,8250,Android,6.0.1
3943,8150,Android,6.0.1
3944,8007,Android,5.1
3945,8057,Android,6.0
3946,6948,Android,6.0
3947,7962,Android,5.1
3948,7863,Android,5.1.1
3949,7862,Android,5.1
3950,7822,Android,4.4.4
3951,7770,Android,
3952,7769,Android,5.0.2
3953,7512,Android,5.1.1
3954,6992,Android,5.0
3955,7710,Android,4.4.4
3956,7480,Android,4.4.4
3957,7211,Android,5.0.2
3958,6952,Android,5.0.1
3959,6944,Android,4.4.4
3960,7159,Android,5.0
3961,6884,Android,4.4.4
3962,6866,Android,4.4.3
3963,6561,Android,4.2
3964,6518,Android,4.4.3
3965,6365,Android,4.4.4
3966,6217,Android,4.2
3967,5678,Android,4.3
3968,6373,Android,4.3
3969,5609,Android,4.2
3970,5646,Android,4.1
3971,5397,Android,4.1
3972,4928,Android,4.1
3973,4929,Android,4.0
3974,10916,Android,11
3975,12751,Android,14
3976,12708,Android,14
3977,12709,Android,14
3978,12712,Android,13
3979,12692,Android,13
3980,12613,Android,13
3981,12615,,
3982,12769,Android,13
3983,12612,Android,13
3984,12611,Android,13
3985,12435,Android,13
3986,12428,Android,13
3987,12402,Android,13
3988,12399,Android,13
3989,12398,Android,13
3990,12455,Android,12
3991,12341,Android,11
3992,12228,Android,12
3993,12229,Android,13
3994,12157,Android,13
3995,12152,,
3996,12104,,
3997,12096,Android,12
3998,12042,Android,13
3999,12015,Android,13
4000,12031,,
4001,12018,,
4002,12006,Android,12
4003,12005,Android,12
4004,11944,Android,12
4005,11917,Android,12
4006,11901,Android,12
4007,11698,Android,12
4008,11649,Android,12
4009,11664,Android,12
4010,11660,Android,11
4011,11958,Android,11
4012,11612,Android,11
4013,11927,Android,11
4014,11611,Android,11
4015,11516,Android,12
4016,11510,Android,12
4017,11379,Android,12
4018,11579,Android,12
4019,11364,Android,12
4020,11363,Android,12
4021,11702,Android,11
4022,11700,Android,11
4023,11243,Android,11
4024,11721,Android,11
4025,11240,Android,11
4026,11237,Android,11
4027,11238,Android,11
4028,11946,Android,11
4029,11239,Android,11
4030,11203,Android,11
4031,11083,Android,11
4032,11082,Android,11
4033,11020,Android,11
4034,11018,Android,11
4035,11009,Android,11
4036,10929,Android,11
4037,10914,Android,11
4038,10885,Android,11
4039,10837,Android,11
4040,10858,Android,11
4041,10798,Android,11
4042,10820,Android,11
4043,10821,Android,11
4044,10772,Android,11
4045,10773,Android,11
4046,10823,Proprietary,
4047,10774,Proprietary,
4048,11722,Proprietary,
4049,10706,Android,10
4050,10613,Android,10
4051,11727,Proprietary,
4052,10614,Android,10
4053,10611,Proprietary,
4054,10571,Android,10
4055,10567,Android,10
4056,11728,Android,10
4057,11197,Android,9.0
4058,10617,Android,10
4059,10370,Android,10
4060,10601,Android,10
4061,11729,Android,10
4062,11723,Android,10
4063,10341,Proprietary,
4064,10339,Android,10
4065,11726,Android,10
4066,10282,Android,10
4067,10281,Android,10
4068,11725,Android,10
4069,11724,Android,10
4070,10193,Android,10
4071,10284,Android,10
4072,10139,Android,10
4073,10071,Android,10
4074,9998,Android,10
4075,11705,Linux,3.18.71
4076,10070,Android,7.1.1
4077,9955,Android,9.0
4078,9954,Android,9.0
4079,11731,Android,9.0
4080,9921,Android,9.0
4081,9839,Android,9.0
4082,9780,Android,9.0
4083,9712,Android,9.0
4084,9713,Android,9.0
4085,9714,Android,9.0
4086,9692,Android,9.0
4087,11730,Android,8.1
4088,9612,Proprietary,
4089,9610,Android,9.0
4090,9695,Android,9.0
4091,9611,Android,9.0
4092,9715,Android,9.0
4093,9433,Android,9.0
4094,9347,Android,8.1
4095,9171,Android,8.1
4096,9069,Android,8.1
4097,9174,Android,8.1
4098,9701,Android,8.1
4099,9697,Android,9.0
4100,9161,Android,8.1
4101,9133,Android,7.1
4102,9110,Android,7.1
4103,9088,Android,8.1
4104,8971,Android,8.1
4105,9083,Android,8.1
4106,9038,Android,7.1
4107,8970,Android,7.1
4108,9033,Android,6.0.1
4109,8913,Android,7.1.1
4110,8902,Android,7.1.2
4111,8901,Android,7.1.1
4112,8896,Android,7.1
4113,8838,Android,7.1
4114,8290,Android,7.1.1
4115,8895,Android,7.1.1
4116,8894,Android,7.1.1
4117,8793,Android,6.0
4118,8779,Android,7.1.1
4119,8752,Android,6.0
4120,8567,Android,2.1
4121,8748,Android,6
4122,8746,Android,6
4123,8747,Android,6
4124,8726,Android,7.1
4125,8677,Android,7.1.1
4126,8658,Android,7
4127,8660,Android,7.1.1
4128,8615,Android,6.1
4129,8609,Android,7.0
4130,8607,Android,6.0
4131,8600,Android,7.0
4132,8601,Android,7.0
4133,8562,Android,6.0
4134,8530,Android,7.0
4135,8504,Android,6.0.1
4136,8501,Android,7.0
4137,8401,Android,6
4138,8638,Android,6.0.1
4139,8398,Android,6.0.1
4140,8387,Android,6
4141,8232,Android,6.1
4142,8300,Android,6.0
4143,8096,Android,6.0
4144,8182,Android,6
4145,8092,Android,5.1.1
4146,8067,Android,6.0.1
4147,8091,Android,6.1
4148,8548,Android,5.1
4149,8110,Android,6.0
4150,8044,Android,5.1.1
4151,8063,Android,5.1
4152,7963,Android,5.1.1
4153,8294,Android,6.0
4154,8293,Android,6.0
4155,8295,Android,5.1
4156,7943,Android,6.0
4157,9152,Android,6.0
4158,8143,Android,5.1
4159,7944,Android,6.0
4160,7938,Android,5.1
4161,7868,Android,5.2
4162,7852,Android,5.1.1
4163,7853,Android,5.1
4164,7761,Android,5.1
4165,7762,Android,5.1
4166,7763,Android,5.1
4167,7692,Tencent,
4168,7686,Android,5.1.1
4169,7670,Android,5.1
4170,7646,Android,5.1.1
4171,7572,Android,5.1
4172,7542,Android,5.0
4173,7485,Android,5.2
4174,7441,Android,5.0.2
4175,7430,Android,5.1
4176,7799,Android,5.1
4177,7428,Android,5.0.2
4178,7422,Android,5.1.1
4179,8114,Android,5.1
4180,7481,Android,5.1
4181,7656,Android,5.1
4182,7356,Android,4.4
4183,7790,Android,4.4.2
4184,7355,Android,5.1
4185,8244,Android,5.0
4186,7294,Android,4.4.4
4187,7207,Android,5.2
4188,7168,Android,5.2
4189,7116,Android,5.0.2
4190,7149,Android,5.0.2
4191,7106,Firefox,2.2
4192,7078,Android,4.4
4193,7891,Android,4.4.2
4194,7105,Android,"4.4,5.0"
4195,7057,Android,4.4.2
4196,7058,Android,4.4.2
4197,7056,Android,4.4
4198,6954,Android,5.1
4199,7157,Android,4.4.2
4200,6915,Android,4.4.4
4201,6914,Android,4.4
4202,6904,Android,4.4
4203,6898,Android,4.4.2
4204,6847,Android,4.2
4205,7155,Android,4.3
4206,7156,Android,4.4.2
4207,6718,Android,4.4.2
4208,6697,Android,4.4.2
4209,6645,Android,4.4.2
4210,6644,Android,4.4.2
4211,6641,Android,4.4.2
4212,6607,Android,4.3
4213,6490,Android,4.4.2
4214,6491,Android,4.4.2
4215,6492,Android,4.4.2
4216,6367,Android,4.2
4217,6579,Android,4.4.2
4218,6381,Android,4.2.1
4219,6679,Android,4.3
4220,6324,Android,4.4.2
4221,6236,Android,4.3
4222,6154,Android,4.4.2
4223,6155,Firefox,1.3
4224,6156,Firefox,1.3
4225,5962,Android,4.3
4226,5963,Android,
4227,5948,Android,4.3
4228,5852,Android,4.2.2
4229,5853,Android,4.2.2
4230,5834,Android,4.1
4231,5826,Android,4.2
4232,5825,Android,4.2
4233,5824,Android,4.2
4234,5755,Android,4.1
4235,5682,Android,4.1
4236,5620,Android,4.1.2
4237,5659,Android,4.1
4238,5552,,
4239,5511,Android,4.1.2
4240,5499,Android,4.0
4241,5455,,
4242,5376,Android,4.1.2
4243,5425,,
4244,5402,Android,4.2.2
4245,5330,Android,4.1.2
4246,5320,Firefox,1.0
4247,5277,Android,4.1
4248,5470,Android,4.0
4249,5269,Android,4.1
4250,5240,Android,4.1
4251,5173,Android,4.0
4252,5136,Android,4.0
4253,5135,Android,4.0
4254,5134,Android,2.3
4255,5133,Android,2.3
4256,5647,Android,4.1.1
4257,4893,Android,4.0.4
4258,5006,Android,2.3
4259,5007,Android,4.0.4
4260,5004,Android,4.0
4261,4983,Android,4.0
4262,4962,Android,4.0
4263,4880,Android,2.3
4264,4873,Android,4.0
4265,4597,Android,4.0
4266,4776,Android,2.3
4267,4650,Android,2.3
4268,4595,,
4269,4593,,
4270,4590,,
4271,4591,,
4272,4592,Android,3.2
4273,4581,,
4274,4582,Android,4.0
4275,4583,,
4276,4585,Microsoft Windows Phone,7.5
4277,4586,Android,2.3
4278,4598,Android,2.3.6
4279,4599,Android,4.0
4280,4600,Android,4.0
4281,4601,,
4282,4602,Android,2.3
4283,4603,,
4284,4607,Android,2.3
4285,4608,Android,2.3.6
4286,4557,,
4287,4556,,
4288,4506,Android,3.2
4289,4467,Android,2.3
4290,4466,Android,2.1
4291,4388,Android,2.2
4292,4345,,
4293,4310,,
4294,4304,Microsoft Windows Phone,7.5
4295,4313,Android,2.3
4296,4311,Android,2.3.4
4297,4244,Android,2.3
4298,3902,,
4299,3903,Android,2.1
4300,4760,Android,
4301,3784,Android,2.3
4302,4042,Android,2.2
4303,3785,,
4304,4290,Android,2.2
4305,3791,,
4306,3790,,
4307,4073,,
4308,3391,Android,2.1
4309,3737,,
4310,3603,,
4311,3602,,
4312,3601,,
4313,4078,,
4314,4341,,
4315,4342,,
4316,3604,,
4317,3600,,
4318,3491,,
4319,3727,,
4320,3485,Microsoft Windows Mobile,
4321,3423,Android,2.1
4322,3489,,
4323,3244,Microsoft Windows Mobile,6.5
4324,3197,,
