,Device ID,RAM
0,11706,2GB
1,10981,2GB
2,10980,1GB
3,10679,4GB
4,10680,3GB
5,10682,2GB
6,11659,2GB
7,10618,2GB
8,10618,3GB
9,10618,4GB
10,12017,512MB
11,10500,512MB
12,10501,1GB
13,12041,2GB
14,10490,4GB
15,10490,6GB
16,10016,4GB
17,10017,3GB
18,10018,2GB
19,10019,2GB
20,10042,3GB
21,9842,4GB
22,9842,6GB
23,9843,1GB
24,9843,2GB
25,9843,3GB
26,10108,1GB
27,10108,2GB
28,10108,3GB
29,9837,1.5GB
30,9601,2GB
31,9600,2GB
32,9599,3GB
33,9599,4GB
34,9598,3GB
35,9598,4GB
36,9510,2GB
37,9511,1GB
38,9985,1GB
39,9574,2GB
40,9291,2GB
41,9271,3GB
42,9012,2GB
43,9012,3GB
44,9004,2GB
45,9084,2GB
46,9084,3GB
47,9085,2GB
48,9086,1GB
49,9086,2GB
50,8989,1GB
51,9986,
52,9093,1GB
53,9094,1GB
54,8844,3GB
55,8832,3GB
56,8843,3GB
57,8830,3GB
58,8819,1GB
59,8803,2GB
60,8569,3GB
61,8639,3GB
62,8591,1GB
63,8590,2GB
64,8590,3GB
65,8589,1.5GB
66,8512,2GB
67,8377,2GB
68,8352,1GB
69,8298,2GB
70,8205,2GB
71,8157,1GB
72,8105,2GB
73,8105,3GB
74,8060,1GB
75,7937,2GB
76,7936,1.5GB
77,7935,1GB
78,8449,4GB
79,7896,3GB
80,7897,2GB
81,7897,3GB
82,7856,2GB
83,7851,
84,7847,1GB
85,8167,1GB
86,7846,1.5GB
87,7846,1GB
88,7845,1GB
89,7845,512MB
90,7844,512MB
91,7843,1GB
92,8230,1GB
93,7776,1GB
94,7720,2GB
95,7709,8MB
96,7708,8MB
97,7570,2GB
98,7652,
99,7571,16MB
100,7549,2GB
101,7548,1GB
102,7547,512MB
103,7546,2GB
104,7545,1GB
105,7544,1GB
106,7543,1GB
107,7190,2GB
108,7234,1GB
109,7189,1GB
110,7081,2GB
111,7080,1.5GB
112,7092,256MB
113,7093,
114,7094,
115,7098,1GB
116,7097,1GB
117,7096,512MB
118,7095,512MB
119,6936,1GB
120,6935,1GB
121,6935,512MB
122,6934,1GB
123,6934,512MB
124,6933,512MB
125,6979,256MB
126,6932,512MB
127,6774,512MB
128,6773,512MB
129,6732,1GB
130,6712,128MB
131,7123,1GB
132,6700,1GB
133,6699,512MB
134,6657,1GB
135,6656,1GB
136,7154,1GB
137,7153,512MB
138,6655,1GB
139,6654,2GB
140,6653,2GB
141,6619,512MB
142,6599,512MB
143,6516,512MB
144,6459,1GB
145,6459,512MB
146,6931,
147,6695,64MB
148,6696,
149,6337,4MB
150,6336,
151,6165,1GB
152,6164,
153,6153,1GB
154,6152,1GB
155,6151,1GB
156,6141,
157,6140,1GB
158,6139,512MB
159,6138,512MB
160,6134,1GB
161,6130,1GB
162,6135,1GB
163,6131,1GB
164,6132,512MB
165,5960,
166,6167,
167,5937,2GB
168,5938,1GB
169,5947,1GB
170,5939,1GB
171,5741,1GB
172,5740,512MB
173,5693,1GB
174,5693,512MB
175,5692,512MB
176,5687,512MB
177,5691,512MB
178,5680,1GB
179,5671,1GB
180,5672,2GB
181,5668,1GB
182,5669,512MB
183,5449,1GB
184,5335,1GB
185,5681,256MB
186,5334,1GB
187,5318,2GB
188,5319,256MB
189,5296,512MB
190,5332,512MB
191,5236,1GB
192,5235,1GB
193,5234,1GB
194,5233,1GB
195,5232,1GB
196,5231,1GB
197,5230,1GB
198,5229,256MB
199,5228,512MB
200,5242,1GB
201,5242,512MB
202,5227,
203,5226,1GB
204,5225,1GB
205,5218,1GB
206,5139,512MB
207,5110,1GB
208,5165,1GB
209,5866,512MB
210,5103,
211,5080,512MB
212,4846,
213,4845,
214,4844,
215,4843,
216,4842,
217,4780,1GB
218,4733,
219,4732,
220,4731,
221,4730,
222,4920,
223,4729,
224,4728,
225,4727,
226,4726,
227,4725,
228,4724,
229,4723,
230,4722,
231,4721,
232,4720,
233,4663,256MB
234,4549,
235,4922,
236,4321,
237,4308,
238,4661,512MB
239,3799,
240,3798,
241,4629,
242,3797,
243,3796,
244,3795,
245,3822,
246,4659,256MB
247,4528,256MB
248,4104,
249,3793,
250,3794,
251,3800,
252,4628,
253,4103,
254,3824,
255,3801,
256,3802,
257,3803,
258,3804,
259,3805,
260,3806,
261,3807,
262,3808,
263,3809,
264,3810,
265,3811,
266,3812,
267,3813,
268,3814,
269,3815,
270,3816,
271,3817,
272,3818,
273,3819,
274,3820,
275,3821,
276,3823,
277,3407,
278,3186,
279,3184,
280,3182,
281,3181,
282,3178,
283,3179,
284,3176,
285,3173,
286,3188,
287,3171,
288,3175,
289,3170,
290,3172,
291,3168,
292,3174,
293,3187,
294,3185,
295,3183,
296,3180,
297,3177,
298,12548,8GB
299,12557,8GB
300,12558,6GB
301,12559,6GB
302,12560,
303,12561,
304,12562,
305,11939,16GB
306,11939,8GB
307,11940,16GB
308,11940,8GB
309,11941,4GB
310,11773,6GB
311,11860,6GB
312,11862,6GB
313,11861,6GB
314,11827,
315,11866,1GB
316,11864,1GB
317,11865,1GB
318,11410,4GB
319,11411,8GB
320,11089,6GB
321,11102,6GB
322,11103,4GB
323,11104,4GB
324,11105,4GB
325,11106,3GB
326,11147,1GB
327,11146,1GB
328,11107,1GB
329,10864,16GB
330,10864,8GB
331,10865,16GB
332,10865,8GB
333,10237,6GB
334,10508,6GB
335,10509,4GB
336,10510,4GB
337,10444,4GB
338,10445,3GB
339,10446,1GB
340,10447,1GB
341,10448,1GB
342,10449,1GB
343,10170,3GB
344,10136,6GB
345,10137,6GB
346,9846,4GB
347,9847,4GB
348,9848,4GB
349,9857,3GB
350,9860,1GB
351,9859,1GB
352,9858,1GB
353,9638,3GB
354,9637,3GB
355,9387,4GB
356,9387,6GB
357,9386,4GB
358,9386,6GB
359,9319,4GB
360,9318,4GB
361,9320,3GB
362,9321,1GB
363,9322,1GB
364,9142,2GB
365,8858,3GB
366,8131,3GB
367,8573,2GB
368,8861,768MB
369,8860,768MB
370,8859,768MB
371,8717,4GB
372,8716,4GB
373,8620,2GB
374,8331,512MB
375,8332,512MB
376,8329,512MB
377,8330,512MB
378,8328,512MB
379,8334,512MB
380,8327,512MB
381,8333,512MB
382,8065,3GB
383,8064,2GB
384,7984,2GB
385,7969,2GB
386,7243,2GB
387,7242,2GB
388,7562,4GB
389,7561,2GB
390,7698,512MB
391,7697,512MB
392,7696,512MB
393,7695,512MB
394,7694,512MB
395,7693,512MB
396,6742,2GB
397,6741,1GB
398,6665,1GB
399,6378,1GB
400,5797,1GB
401,5735,1GB
402,5685,1GB
403,5690,1GB
404,5070,512MB
405,5061,512MB
406,5072,1GB
407,5071,1GB
408,4910,1GB
409,4620,1GB
410,4621,1GB
411,4212,512MB
412,3848,512MB
413,3847,512MB
414,3849,512MB
415,3275,512MB
416,3716,512MB
417,3827,256MB
418,3828,256MB
419,12746,16GB
420,12746,24GB
421,12780,12GB
422,12780,16GB
423,12380,16GB
424,12380,8GB
425,12224,16GB
426,12223,12GB
427,12223,16GB
428,11880,16GB
429,11881,12GB
430,11881,16GB
431,11986,16GB
432,11882,12GB
433,11656,16GB
434,11656,6GB
435,11656,8GB
436,11648,18GB
437,11647,12GB
438,11647,16GB
439,11647,8GB
440,11053,18GB
441,11054,12GB
442,11054,16GB
443,11054,18GB
444,11054,8GB
445,11006,16GB
446,10892,8GB
447,10893,12GB
448,10893,16GB
449,10893,6GB
450,10893,8GB
451,10785,18GB
452,10784,16GB
453,10715,12GB
454,10715,16GB
455,10715,8GB
456,10393,8GB
457,10379,6GB
458,10379,8GB
459,10296,12GB
460,10296,16GB
461,10296,8GB
462,10328,12GB
463,10328,8GB
464,9770,12GB
465,9770,8GB
466,9698,12GB
467,9698,6GB
468,9698,8GB
469,9667,2GB
470,9634,3GB
471,9634,4GB
472,9633,3GB
473,9633,4GB
474,9410,3GB
475,9410,4GB
476,9410,6GB
477,9437,3GB
478,9437,4GB
479,9373,3GB
480,9372,2GB
481,9224,8GB
482,9194,1GB
483,9194,2GB
484,9173,3GB
485,9173,4GB
486,9173,6GB
487,9096,4GB
488,9096,6GB
489,9096,8GB
490,9061,4GB
491,9061,6GB
492,9068,3GB
493,9068,4GB
494,9097,2GB
495,9097,3GB
496,8953,2GB
497,8953,3GB
498,8953,4GB
499,8866,4GB
500,8783,6GB
501,8782,4GB
502,8782,6GB
503,8892,2GB
504,8862,3GB
505,8808,3GB
506,8808,4GB
507,8784,4GB
508,8811,2GB
509,8811,3GB
510,8814,2GB
511,8814,3GB
512,8810,3GB
513,8749,3GB
514,8801,3GB
515,8711,
516,8681,2GB
517,8579,2GB
518,8550,3GB
519,8543,4GB
520,8502,6GB
521,8502,8GB
522,8509,3GB
523,8509,4GB
524,8503,1GB
525,8493,4GB
526,8467,2GB
527,8425,2GB
528,8425,3GB
529,8425,4GB
530,8384,4GB
531,8370,3GB
532,8271,512MB
533,8218,4GB
534,8207,2GB
535,8207,3GB
536,8206,2GB
537,8206,4GB
538,8197,3GB
539,8197,4GB
540,8156,2GB
541,8156,3GB
542,8160,
543,8130,3GB
544,8130,4GB
545,8129,4GB
546,8129,6GB
547,8106,3GB
548,8106,4GB
549,8111,2GB
550,8111,3GB
551,8262,1GB
552,8097,1GB
553,8095,2GB
554,8045,2GB
555,8048,1GB
556,7866,2GB
557,7689,512MB
558,7690,512MB
559,7688,512MB
560,7733,3GB
561,7577,4GB
562,8474,1GB
563,8474,2GB
564,8465,2GB
565,7532,2GB
566,7368,2GB
567,7476,2GB
568,7475,4GB
569,7479,2GB
570,7479,3GB
571,7757,2GB
572,7757,3GB
573,7477,2GB
574,7477,3GB
575,7478,2GB
576,7474,2GB
577,7473,2GB
578,7444,1GB
579,7378,3GB
580,7367,2GB
581,7367,4GB
582,7366,2GB
583,7255,1GB
584,7255,2GB
585,7365,1GB
586,7365,2GB
587,7364,1GB
588,7256,1GB
589,7261,2GB
590,7261,3GB
591,7044,2GB
592,7120,2GB
593,6917,2GB
594,6917,4GB
595,7045,2GB
596,6982,1GB
597,6953,1GB
598,6953,2GB
599,6918,2GB
600,6918,4GB
601,6897,2GB
602,6813,1GB
603,6751,1GB
604,6737,1GB
605,6630,2GB
606,6629,2GB
607,6429,1GB
608,6429,2GB
609,6428,1GB
610,6414,2GB
611,6413,1GB
612,6412,1GB
613,6411,1GB
614,6411,2GB
615,6747,1GB
616,6410,1GB
617,6407,2GB
618,6409,1GB
619,6394,1GB
620,6519,2GB
621,6238,2GB
622,6120,2GB
623,5993,1GB
624,6853,2GB
625,5953,2GB
626,7160,2GB
627,5952,2GB
628,5951,
629,7158,
630,5982,
631,5891,1GB
632,5863,2GB
633,5706,2GB
634,5676,1GB
635,5675,1GB
636,5674,1GB
637,5600,2GB
638,5494,2GB
639,5493,2GB
640,5495,2GB
641,5879,1GB
642,5492,1GB
643,5329,1GB
644,5328,2GB
645,5331,1GB
646,5249,1GB
647,5091,1GB
648,5083,2GB
649,5017,2GB
650,4850,1GB
651,4605,1GB
652,4604,1GB
653,5337,1GB
654,4596,1GB
655,4606,1GB
656,4422,1GB
657,4421,1GB
658,4322,1GB
659,3965,1GB
660,3936,1GB
661,3696,
662,12603,8GB
663,12460,6GB
664,12459,6GB
665,12458,4GB
666,12457,4GB
667,12456,2GB
668,12153,4GB
669,12110,4GB
670,12102,2GB
671,11830,2GB
672,11829,1GB
673,11828,3GB
674,11757,8GB
675,11716,1GB
676,11715,4GB
677,11673,1GB
678,11672,1GB
679,11643,4GB
680,11623,2GB
681,11536,4GB
682,11509,3GB
683,11483,8GB
684,11398,4GB
685,11376,8GB
686,11369,4GB
687,11368,3GB
688,11348,2GB
689,11319,1GB
690,11318,1GB
691,11273,1GB
692,11273,2GB
693,11264,4GB
694,11258,3GB
695,11096,2GB
696,11095,1GB
697,11094,1GB
698,11073,6GB
699,10973,1GB
700,10934,3GB
701,10935,1GB
702,10915,2GB
703,10781,4GB
704,10745,3GB
705,10741,1GB
706,10730,3GB
707,10729,1GB
708,10731,1GB
709,10732,2GB
710,10640,2GB
711,10607,2GB
712,10535,1GB
713,10536,1GB
714,10537,1GB
715,10538,1GB
716,10540,1GB
717,10539,1GB
718,10470,2GB
719,10453,2GB
720,10403,4GB
721,10359,1GB
722,10313,4GB
723,10312,3GB
724,10160,1GB
725,10107,1GB
726,10106,1GB
727,10105,1GB
728,10047,2GB
729,10046,2GB
730,10045,3GB
731,9994,2GB
732,9968,1GB
733,9967,1GB
734,9930,1GB
735,9929,512MB
736,9855,4GB
737,9877,2GB
738,9854,3GB
739,9853,3GB
740,9811,4GB
741,9876,2GB
742,9778,3GB
743,9777,3GB
744,9776,2GB
745,9775,2GB
746,9718,4GB
747,9597,1GB
748,9565,1GB
749,9542,1GB
750,9518,2GB
751,9482,1GB
752,9470,3GB
753,9360,1GB
754,9359,1GB
755,9325,512MB
756,9314,3GB
757,9307,4GB
758,9307,6GB
759,9302,1GB
760,9301,512MB
761,9277,1GB
762,9254,1GB
763,9253,1GB
764,9223,3GB
765,9184,1GB
766,9165,3GB
767,9154,2GB
768,9146,512MB
769,9132,4MB
770,9131,3GB
771,9072,4GB
772,9064,2GB
773,9063,2GB
774,9007,1GB
775,8965,1GB
776,8964,1GB
777,8952,1GB
778,8946,3GB
779,8945,3GB
780,8924,1GB
781,8925,1GB
782,8926,1GB
783,8906,1GB
784,8905,512MB
785,8865,2GB
786,8846,1GB
787,8846,2GB
788,8845,1GB
789,8842,1GB
790,8841,512MB
791,8835,4GB
792,8824,1GB
793,8825,1GB
794,8825,2GB
795,8826,1GB
796,8796,512MB
797,8773,2GB
798,8773,3GB
799,8774,1GB
800,8736,2GB
801,8735,512MB
802,8732,1GB
803,8731,1GB
804,8713,512MB
805,8709,1GB
806,8670,2GB
807,8670,3GB
808,8653,1GB
809,8621,4GB
810,8555,512MB
811,8553,512MB
812,8544,3GB
813,8541,512MB
814,8557,1GB
815,8556,1GB
816,8534,512MB
817,8533,1GB
818,8527,1GB
819,8524,1GB
820,8525,512MB
821,8526,24MB
822,8496,1GB
823,8462,2GB
824,8461,1GB
825,8460,2GB
826,8459,512MB
827,8457,1GB
828,8456,512MB
829,8426,4GB
830,8427,2GB
831,8428,1GB
832,8429,1GB
833,8349,2GB
834,8349,4GB
835,8338,3GB
836,8296,4GB
837,8322,1GB
838,8323,512MB
839,8324,1GB
840,8256,1GB
841,8255,1GB
842,8252,1GB
843,8251,512MB
844,8253,1GB
845,8254,1GB
846,8171,1GB
847,8171,2GB
848,8188,1GB
849,8189,512MB
850,8190,512MB
851,8191,512MB
852,8187,3GB
853,8153,1GB
854,8152,1GB
855,8151,512MB
856,8118,1GB
857,8117,1GB
858,8116,512MB
859,8119,512MB
860,8115,256MB
861,8030,512MB
862,8029,1GB
863,8028,512MB
864,8003,1GB
865,7990,2GB
866,7988,2GB
867,7989,2GB
868,7987,1GB
869,7986,1GB
870,7978,1GB
871,7978,2GB
872,7974,1GB
873,7924,1GB
874,7923,1GB
875,7922,1GB
876,7892,1GB
877,7867,1GB
878,7858,2GB
879,7857,3GB
880,7820,2GB
881,7775,1GB
882,7774,1GB
883,7726,1GB
884,7725,512MB
885,7706,1GB
886,7705,768MB
887,7676,1GB
888,7671,1.5GB
889,7645,1GB
890,7623,1GB
891,7558,3GB
892,7559,2GB
893,7523,1GB
894,7499,1GB
895,7498,512MB
896,7490,1GB
897,7489,1GB
898,7450,1GB
899,7449,1GB
900,7448,1GB
901,7447,1GB
902,7293,1GB
903,7291,512MB
904,7290,1GB
905,7265,512MB
906,7225,2GB
907,7205,1GB
908,7204,512MB
909,6930,1GB
910,6930,2GB
911,6929,1GB
912,6928,1GB
913,6927,512MB
914,6926,1GB
915,6925,1GB
916,6924,1GB
917,6900,2GB
918,6899,1GB
919,6839,1GB
920,6838,1GB
921,6837,512MB
922,6836,1GB
923,6835,512MB
924,6834,256MB
925,6833,512MB
926,6670,512MB
927,6669,1GB
928,6565,1GB
929,6566,512MB
930,6567,512MB
931,6568,512MB
932,6406,2GB
933,6405,1GB
934,6346,2GB
935,6346,3GB
936,6339,1GB
937,6330,1GB
938,6277,512MB
939,6276,256MB
940,6244,1GB
941,6243,512MB
942,6242,1GB
943,6041,1GB
944,5986,1GB
945,5957,1GB
946,5956,1GB
947,5955,2GB
948,5954,1GB
949,5935,1GB
950,5920,2GB
951,5909,512MB
952,5908,512MB
953,5873,1GB
954,5761,1GB
955,5748,64MB
956,5747,32MB
957,5746,24MB
958,5745,24MB
959,5661,512MB
960,5660,512MB
961,5662,256MB
962,5593,512MB
963,5489,512MB
964,5458,1GB
965,5459,1GB
966,5460,512MB
967,5411,256MB
968,5410,64MB
969,5409,32MB
970,5408,64MB
971,5360,1GB
972,5358,1GB
973,5359,1GB
974,5295,512MB
975,5294,512MB
976,5283,1GB
977,5282,1GB
978,5281,1GB
979,5210,64MB
980,5209,512MB
981,5208,256MB
982,5207,64MB
983,5206,1GB
984,5205,1GB
985,5202,512MB
986,5201,512MB
987,5023,256MB
988,4947,512MB
989,4946,256MB
990,4945,32MB
991,4944,32MB
992,4901,512MB
993,4853,32MB
994,4852,32MB
995,4370,512MB
996,4224,512MB
997,4195,256MB
998,4162,256MB
999,4163,64MB
1000,4165,256MB
1001,4166,256MB
1002,4167,64MB
1003,4168,32MB
1004,4169,64MB
1005,4171,64MB
1006,4170,32MB
1007,4172,32MB
1008,4173,32MB
1009,4174,64MB
1010,4175,32MB
1011,4176,32MB
1012,4177,64MB
1013,4178,32MB
1014,3854,256MB
1015,3855,256MB
1016,3856,
1017,3857,
1018,3858,
1019,3859,
1020,3548,256MB
1021,3549,128MB
1022,3550,
1023,3551,
1024,3552,
1025,3553,
1026,3567,
1027,3568,
1028,3569,
1029,3560,
1030,3561,
1031,3562,
1032,3563,
1033,3564,
1034,3565,
1035,3572,
1036,3570,
1037,3571,
1038,3573,
1039,3574,
1040,3575,
1041,12454,2GB
1042,12427,8GB
1043,12269,12GB
1044,12269,8GB
1045,12522,4GB
1046,12523,4GB
1047,12524,8GB
1048,12525,8GB
1049,12232,8GB
1050,12221,3GB
1051,12221,4GB
1052,11948,2GB
1053,11642,8GB
1054,11266,4GB
1055,10790,4GB
1056,10681,8GB
1057,10529,6GB
1058,10594,2GB
1059,10357,4GB
1060,10593,3GB
1061,10592,3GB
1062,10595,2GB
1063,10298,6GB
1064,10298,8GB
1065,10297,6GB
1066,9965,3GB
1067,9924,4GB
1068,9797,3GB
1069,9797,4GB
1070,9735,6GB
1071,9734,4GB
1072,9734,6GB
1073,9487,3GB
1074,9487,4GB
1075,9385,6GB
1076,9179,4GB
1077,9179,6GB
1078,9119,6GB
1079,9102,3GB
1080,9071,2GB
1081,9071,3GB
1082,8990,4GB
1083,8908,4GB
1084,8908,6GB
1085,8885,3GB
1086,8885,4GB
1087,8630,4GB
1088,8630,6GB
1089,8487,3GB
1090,8519,4GB
1091,8518,3GB
1092,8518,4GB
1093,8404,3GB
1094,8444,2GB
1095,8277,4GB
1096,8884,3GB
1097,8297,2GB
1098,8297,3GB
1099,8276,3GB
1100,8633,3GB
1101,8128,3GB
1102,8086,2GB
1103,8066,3GB
1104,8072,2GB
1105,8031,3GB
1106,7884,4GB
1107,7942,2GB
1108,7941,2GB
1109,7940,1.5GB
1110,8348,1.5GB
1111,7836,3GB
1112,7758,2GB
1113,7731,2GB
1114,7731,3GB
1115,7753,1.5GB
1116,7753,2GB
1117,7627,2GB
1118,7592,3GB
1119,7591,3GB
1120,7576,2GB
1121,7576,3GB
1122,7421,1.5GB
1123,7418,1.5GB
1124,7418,1GB
1125,7419,1.5GB
1126,7420,1GB
1127,7275,3GB
1128,7267,1GB
1129,7194,1GB
1130,6977,3GB
1131,7165,2GB
1132,7111,3GB
1133,7310,2GB
1134,6891,3GB
1135,7115,2GB
1136,7183,1GB
1137,6968,1GB
1138,6968,2GB
1139,6947,1GB
1140,6921,2GB
1141,6913,1GB
1142,6841,1GB
1143,6830,1GB
1144,5823,2GB
1145,6736,1GB
1146,6713,2GB
1147,6715,2GB
1148,6719,1GB
1149,6854,1GB
1150,6637,2GB
1151,6636,2GB
1152,6621,2GB
1153,6608,1GB
1154,6589,2GB
1155,6588,2GB
1156,6581,2GB
1157,6528,1.5GB
1158,6483,2GB
1159,6463,1GB
1160,6397,2GB
1161,6345,1GB
1162,6234,1GB
1163,6316,512MB
1164,6233,2GB
1165,6074,2GB
1166,6348,
1167,6009,1GB
1168,6487,1.5GB
1169,6073,1.5GB
1170,6160,1GB
1171,5907,1GB
1172,6552,1GB
1173,5870,1GB
1174,5871,1GB
1175,5872,1GB
1176,5704,2GB
1177,5666,512MB
1178,5667,1GB
1179,5623,1GB
1180,5505,1GB
1181,6121,1GB
1182,6123,768MB
1183,6122,512MB
1184,5547,1GB
1185,5537,2GB
1186,5536,512MB
1187,5465,1GB
1188,5395,1GB
1189,5498,2GB
1190,5313,2GB
1191,5261,512MB
1192,4978,1GB
1193,5118,2GB
1194,5113,2GB
1195,5106,1GB
1196,5105,1GB
1197,5100,768MB
1198,5016,1GB
1199,4976,1GB
1200,5104,1GB
1201,4975,1GB
1202,5000,512MB
1203,4980,1GB
1204,4979,1GB
1205,4951,768MB
1206,4830,512MB
1207,5861,768MB
1208,4829,512MB
1209,4805,512MB
1210,4759,512MB
1211,4997,1GB
1212,4744,1GB
1213,4665,1GB
1214,4977,1GB
1215,4320,1GB
1216,4614,1GB
1217,4572,1GB
1218,4836,1GB
1219,4574,1GB
1220,4575,512MB
1221,4525,1GB
1222,4435,1GB
1223,4411,
1224,4099,1GB
1225,4302,1GB
1226,4202,768MB
1227,4161,768MB
1228,4102,512MB
1229,4097,1GB
1230,3958,1GB
1231,4132,768MB
1232,4285,768MB
1233,4196,768MB
1234,4164,768MB
1235,4141,1GB
1236,4027,512MB
1237,4131,512MB
1238,4070,768MB
1239,4022,512MB
1240,3964,576MB
1241,3938,768MB
1242,3922,768MB
1243,3901,1GB
1244,3875,768MB
1245,3895,1GB
1246,3887,576MB
1247,3739,512MB
1248,3788,768MB
1249,3776,768MB
1250,3777,512MB
1251,3786,512MB
1252,3787,512MB
1253,3829,1GB
1254,3953,1GB
1255,3896,1GB
1256,3706,768MB
1257,3707,256MB
1258,3703,768MB
1259,3702,512MB
1260,3585,384MB
1261,3338,576MB
1262,3576,576MB
1263,3557,448MB
1264,3530,576MB
1265,3118,576MB
1266,3556,576MB
1267,3468,768MB
1268,3421,512MB
1269,5058,1GB
1270,3392,384MB
1271,3577,384MB
1272,3337,384MB
1273,3163,384MB
1274,3077,576MB
1275,3141,384MB
1276,3069,512MB
1277,3080,256MB
1278,3427,512MB
1279,3230,
1280,10104,2GB
1281,6371,
1282,5510,
1283,4457,
1284,12807,8GB
1285,12761,
1286,12588,
1287,12589,
1288,12762,
1289,12720,8GB
1290,12713,12GB
1291,12713,8GB
1292,12648,8GB
1293,12607,
1294,12586,12GB
1295,12586,16GB
1296,12585,16GB
1297,12563,
1298,12549,16GB
1299,12550,
1300,12530,12GB
1301,12539,12GB
1302,12420,6GB
1303,12420,8GB
1304,12415,12GB
1305,12415,8GB
1306,12290,6GB
1307,12290,8GB
1308,12278,2GB
1309,12279,2GB
1310,12268,8GB
1311,12259,8GB
1312,12235,8GB
1313,12230,
1314,12233,8GB
1315,12234,8GB
1316,12186,
1317,12172,12GB
1318,12172,8GB
1319,12191,8GB
1320,12192,12GB
1321,12193,
1322,12190,
1323,12185,6GB
1324,12185,8GB
1325,12154,8GB
1326,12021,
1327,12020,6GB
1328,12020,8GB
1329,11980,
1330,11970,
1331,11972,
1332,11968,4GB
1333,11968,6GB
1334,11942,4GB
1335,11918,6GB
1336,11918,8GB
1337,11858,12GB
1338,11856,8GB
1339,11859,8GB
1340,11857,8GB
1341,11853,8GB
1342,11720,12GB
1343,11720,8GB
1344,11640,8GB
1345,11641,6GB
1346,11641,8GB
1347,11639,4GB
1348,11639,6GB
1349,11639,8GB
1350,11525,4GB
1351,11525,6GB
1352,11503,
1353,11505,
1354,11504,
1355,12030,
1356,11506,3GB
1357,11506,4GB
1358,11490,8GB
1359,11489,4GB
1360,11428,8GB
1361,11399,6GB
1362,11399,8GB
1363,11280,
1364,11247,8GB
1365,11328,4GB
1366,11177,4GB
1367,11177,6GB
1368,11227,
1369,11176,
1370,11171,32MB
1371,11120,8GB
1372,11121,8GB
1373,11048,8GB
1374,11029,12GB
1375,11029,8GB
1376,10788,8GB
1377,11030,8GB
1378,11002,6GB
1379,11002,8GB
1380,10985,
1381,10986,8GB
1382,10987,
1383,10942,12GB
1384,10942,4GB
1385,10942,8GB
1386,10938,6GB
1387,10938,8GB
1388,10943,6GB
1389,10943,8GB
1390,10941,2GB
1391,10940,2GB
1392,10875,8GB
1393,11768,2GB
1394,11768,4GB
1395,10794,
1396,10783,8GB
1397,10755,4GB
1398,10755,8GB
1399,10697,
1400,10642,8GB
1401,10645,8GB
1402,10652,4GB
1403,10652,8GB
1404,10579,8GB
1405,10551,12GB
1406,10551,8GB
1407,10550,12GB
1408,10550,8GB
1409,10528,
1410,10553,
1411,10554,32MB
1412,10555,8GB
1413,10519,8GB
1414,10546,4GB
1415,10475,4GB
1416,10450,6GB
1417,10426,32MB
1418,10429,6GB
1419,10429,8GB
1420,10417,6GB
1421,10417,8GB
1422,10418,4GB
1423,10418,6GB
1424,10427,
1425,10362,6GB
1426,10494,2GB
1427,10494,3GB
1428,10494,4GB
1429,10363,4GB
1430,10364,1GB
1431,10299,6GB
1432,10299,8GB
1433,10252,6GB
1434,10252,8GB
1435,10292,4GB
1436,10249,4GB
1437,10249,6GB
1438,10236,6GB
1439,10236,8GB
1440,10219,6GB
1441,10219,8GB
1442,10231,2GB
1443,10231,3GB
1444,10227,4GB
1445,10222,3GB
1446,10222,4GB
1447,10223,2GB
1448,10212,4GB
1449,10203,8GB
1450,10204,8GB
1451,10205,6GB
1452,10205,8GB
1453,10206,3GB
1454,10206,4GB
1455,10206,6GB
1456,10166,16MB
1457,11010,4GB
1458,10118,8GB
1459,10152,8GB
1460,10153,6GB
1461,10153,8GB
1462,10112,4GB
1463,9996,6GB
1464,9996,8GB
1465,10100,6GB
1466,10100,8GB
1467,10098,
1468,10073,6GB
1469,10074,4GB
1470,10058,8GB
1471,10012,3GB
1472,9799,6GB
1473,9983,8GB
1474,9971,8GB
1475,9989,8GB
1476,9973,6GB
1477,9973,8GB
1478,9605,
1479,9956,6GB
1480,9922,6GB
1481,9933,4GB
1482,9933,6GB
1483,9933,8GB
1484,9905,4GB
1485,9905,6GB
1486,9887,12GB
1487,9880,8GB
1488,9885,8GB
1489,9881,6GB
1490,9881,8GB
1491,9886,6GB
1492,9886,8GB
1493,9888,32MB
1494,9765,6GB
1495,9765,8GB
1496,9830,4GB
1497,9830,6GB
1498,9830,8GB
1499,9803,6GB
1500,9803,8GB
1501,9748,4GB
1502,9748,6GB
1503,9823,6GB
1504,9747,4GB
1505,9747,8GB
1506,9746,8GB
1507,9728,8GB
1508,9727,6GB
1509,9727,8GB
1510,9742,4GB
1511,9703,4GB
1512,9694,4GB
1513,9705,6GB
1514,9705,8GB
1515,9635,6GB
1516,9635,8GB
1517,9530,6GB
1518,9530,8GB
1519,9545,4GB
1520,9545,6GB
1521,9545,8GB
1522,9627,4GB
1523,9627,6GB
1524,9627,8GB
1525,9675,2GB
1526,9645,3GB
1527,9644,4GB
1528,9644,6GB
1529,9643,4GB
1530,9668,3GB
1531,9668,4GB
1532,9576,3GB
1533,9620,2GB
1534,9625,3GB
1535,9625,4GB
1536,9531,3GB
1537,9500,3GB
1538,9500,4GB
1539,9501,1GB
1540,9481,6GB
1541,9481,8GB
1542,9409,3GB
1543,9466,3GB
1544,9466,4GB
1545,9401,16MB
1546,9395,16MB
1547,9368,8GB
1548,9369,6GB
1549,9369,8GB
1550,9343,6GB
1551,9343,8GB
1552,9367,4GB
1553,9367,6GB
1554,9412,2GB
1555,9412,3GB
1556,9412,4GB
1557,9351,3GB
1558,9351,4GB
1559,9324,3GB
1560,9324,4GB
1561,9324,6GB
1562,9284,4GB
1563,9284,6GB
1564,9272,3GB
1565,9272,6GB
1566,9632,4GB
1567,9632,6GB
1568,9267,4GB
1569,9267,6GB
1570,9199,768MB
1571,9209,1GB
1572,9209,2GB
1573,9196,1GB
1574,9502,2GB
1575,9502,3GB
1576,9162,2GB
1577,9162,3GB
1578,9141,6GB
1579,9106,6GB
1580,9106,8GB
1581,9107,4GB
1582,9107,6GB
1583,9098,3GB
1584,9098,4GB
1585,9188,3GB
1586,9114,3GB
1587,9114,4GB
1588,9265,2GB
1589,9112,3GB
1590,9112,4GB
1591,9080,4GB
1592,9091,4GB
1593,9092,4GB
1594,8961,3GB
1595,8961,4GB
1596,8943,4GB
1597,8943,6GB
1598,8899,6GB
1599,8854,4GB
1600,8854,6GB
1601,8877,4GB
1602,8910,768MB
1603,8857,4GB
1604,8833,2GB
1605,8632,3GB
1606,8715,3GB
1607,8715,4GB
1608,8636,1GB
1609,8636,2GB
1610,8636,3GB
1611,8637,3GB
1612,8637,4GB
1613,8703,4GB
1614,8672,4GB
1615,8663,2GB
1616,8578,2GB
1617,8578,3GB
1618,8635,1GB
1619,8635,2GB
1620,8687,2GB
1621,8695,2GB
1622,8640,2GB
1623,8686,1GB
1624,8594,768MB
1625,8585,768MB
1626,8515,4GB
1627,8515,6GB
1628,8514,4GB
1629,8598,3GB
1630,8598,4GB
1631,8516,3GB
1632,8516,4GB
1633,8458,2GB
1634,8458,3GB
1635,8396,4GB
1636,8396,6GB
1637,8415,6GB
1638,8073,4GB
1639,8411,256KB
1640,8402,3GB
1641,8315,4GB
1642,8312,3GB
1643,8284,3GB
1644,8303,2GB
1645,8303,3GB
1646,8302,2GB
1647,8302,3GB
1648,8301,1GB
1649,8301,2GB
1650,8285,3GB
1651,8285,4GB
1652,8138,2GB
1653,8084,3GB
1654,8037,1GB
1655,8036,1GB
1656,7983,2GB
1657,7983,3GB
1658,7745,4GB
1659,7972,3GB
1660,7972,4GB
1661,7854,2GB
1662,7854,3GB
1663,7687,512MB
1664,7793,2GB
1665,7239,3GB
1666,7239,4GB
1667,7744,3GB
1668,7647,2GB
1669,7588,3GB
1670,7533,3GB
1671,7440,1GB
1672,7440,2GB
1673,7513,2GB
1674,7513,3GB
1675,7309,2GB
1676,7309,3GB
1677,7829,1GB
1678,7206,1GB
1679,7279,2GB
1680,7201,2GB
1681,7200,3GB
1682,7006,3GB
1683,7187,1GB
1684,7075,2GB
1685,7075,3GB
1686,7076,1GB
1687,7077,512MB
1688,7049,1GB
1689,6943,
1690,6909,512MB
1691,6908,512MB
1692,6896,1GB
1693,6869,3GB
1694,7308,1GB
1695,6705,1GB
1696,7307,1GB
1697,6677,1GB
1698,6676,1GB
1699,6646,2GB
1700,6611,2GB
1701,6543,2GB
1702,6543,3GB
1703,6678,1GB
1704,6596,
1705,6499,1GB
1706,6493,512MB
1707,6375,
1708,6124,2GB
1709,6332,1GB
1710,6290,1GB
1711,6278,512MB
1712,6169,1GB
1713,6168,1GB
1714,6136,1GB
1715,6137,1GB
1716,6129,2GB
1717,6103,512MB
1718,5981,1GB
1719,5979,2GB
1720,5949,2GB
1721,5936,512MB
1722,5921,256MB
1723,5840,1GB
1724,5910,512MB
1725,5485,512MB
1726,5739,8MB
1727,5779,4MB
1728,5633,2GB
1729,5699,1GB
1730,6893,512MB
1731,5632,1GB
1732,5698,1GB
1733,5539,1GB
1734,5467,2GB
1735,5386,512MB
1736,5382,1GB
1737,5365,256MB
1738,5267,1GB
1739,5257,1GB
1740,5327,1GB
1741,5648,512MB
1742,5439,1GB
1743,5065,512MB
1744,5237,2GB
1745,5164,2GB
1746,5250,512MB
1747,5141,1GB
1748,5112,512MB
1749,5507,1GB
1750,5077,256MB
1751,5068,512MB
1752,5022,1GB
1753,5020,512MB
1754,4963,768MB
1755,4966,512MB
1756,4882,1GB
1757,4839,256MB
1758,4838,256MB
1759,5383,512MB
1760,4594,512MB
1761,5003,
1762,4410,1GB
1763,4737,
1764,5848,
1765,5109,
1766,4841,256MB
1767,4840,4MB
1768,4837,512MB
1769,5108,
1770,4698,
1771,4656,256MB
1772,4587,2GB
1773,5002,1GB
1774,4570,1GB
1775,4569,1GB
1776,4568,1GB
1777,4409,1GB
1778,4381,512MB
1779,4335,
1780,4334,
1781,4264,1GB
1782,4265,1GB
1783,4609,
1784,4260,256MB
1785,4636,512MB
1786,4234,256MB
1787,4142,512MB
1788,4312,
1789,4109,512MB
1790,4057,256MB
1791,4226,512MB
1792,4148,
1793,4552,512MB
1794,4147,64MB
1795,4206,
1796,4205,256MB
1797,4204,256MB
1798,4032,
1799,3960,
1800,3951,
1801,3789,512MB
1802,3905,
1803,3595,512MB
1804,3596,512MB
1805,3840,256MB
1806,3513,256MB
1807,3451,256MB
1808,3861,512MB
1809,3944,
1810,3372,
1811,3162,
1812,3740,256MB
1813,4063,
1814,3974,
1815,3158,
1816,3157,
1817,6426,
1818,5119,1GB
1819,12817,4GB
1820,12812,4GB
1821,12812,8GB
1822,12792,4GB
1823,12736,3GB
1824,12733,8GB
1825,12732,8GB
1826,12731,4GB
1827,12731,8GB
1828,12642,3GB
1829,12642,4GB
1830,12641,8GB
1831,12518,12GB
1832,12518,8GB
1833,12451,8GB
1834,12424,4GB
1835,12424,8GB
1836,12365,12GB
1837,12365,8GB
1838,12289,4GB
1839,12289,8GB
1840,12273,8GB
1841,12288,8GB
1842,12272,4GB
1843,12272,8GB
1844,12274,8GB
1845,12243,2GB
1846,12216,4GB
1847,12216,8GB
1848,12214,8GB
1849,12131,4GB
1850,12116,3GB
1851,12116,4GB
1852,11976,8GB
1853,11931,4GB
1854,11930,8GB
1855,11929,4GB
1856,11929,6GB
1857,11929,8GB
1858,11912,8GB
1859,11922,
1860,11923,4GB
1861,11924,2GB
1862,11924,3GB
1863,11924,4GB
1864,11924,6GB
1865,11913,8GB
1866,11919,4GB
1867,11919,6GB
1868,11822,8GB
1869,11742,2GB
1870,11742,3GB
1871,11695,8GB
1872,11663,8GB
1873,11662,6GB
1874,11605,4GB
1875,11605,6GB
1876,11547,4GB
1877,11547,6GB
1878,11876,4GB
1879,11876,6GB
1880,11527,4GB
1881,11527,8GB
1882,11526,8GB
1883,11523,4GB
1884,11497,4GB
1885,11497,6GB
1886,11498,4GB
1887,11498,6GB
1888,11499,2GB
1889,11499,3GB
1890,11478,4GB
1891,11473,2GB
1892,11473,3GB
1893,11473,4GB
1894,11355,8GB
1895,11221,2GB
1896,11216,4GB
1897,11214,4GB
1898,11202,4GB
1899,11202,6GB
1900,11202,8GB
1901,11201,4GB
1902,11201,6GB
1903,11189,2GB
1904,11189,3GB
1905,11157,4GB
1906,11157,8GB
1907,11162,4GB
1908,11162,6GB
1909,11161,4GB
1910,10989,8GB
1911,11097,8GB
1912,11098,8GB
1913,11031,2GB
1914,11031,3GB
1915,11031,4GB
1916,11031,6GB
1917,10908,6GB
1918,10908,8GB
1919,10907,6GB
1920,10907,8GB
1921,10909,4GB
1922,10909,6GB
1923,10891,4GB
1924,10869,4GB
1925,10868,4GB
1926,10868,6GB
1927,10735,2GB
1928,10699,2GB
1929,10699,4GB
1930,10646,2GB
1931,10622,8GB
1932,10514,6GB
1933,10515,4GB
1934,10515,6GB
1935,10516,2GB
1936,10516,3GB
1937,10452,3GB
1938,10452,4GB
1939,10452,6GB
1940,10401,8GB
1941,10367,2GB
1942,10367,3GB
1943,10285,2GB
1944,10285,3GB
1945,10285,4GB
1946,10175,4GB
1947,10175,6GB
1948,10177,4GB
1949,10272,4GB
1950,10156,2GB
1951,10156,3GB
1952,10156,4GB
1953,10128,4GB
1954,10128,6GB
1955,10127,4GB
1956,10127,6GB
1957,10116,4GB
1958,10116,6GB
1959,10008,3GB
1960,10008,4GB
1961,9980,1GB
1962,9980,2GB
1963,9975,2GB
1964,9927,2GB
1965,9915,4GB
1966,9915,6GB
1967,9856,2GB
1968,9856,4GB
1969,9761,4GB
1970,9680,2GB
1971,9680,3GB
1972,9678,3GB
1973,9678,6GB
1974,9679,2GB
1975,9679,3GB
1976,9679,6GB
1977,9658,1GB
1978,9658,2GB
1979,9658,4GB
1980,9657,
1981,9656,
1982,9477,1GB
1983,9423,2GB
1984,9423,3GB
1985,9416,4GB
1986,9420,3GB
1987,9420,4GB
1988,9426,1GB
1989,9426,2GB
1990,9417,3GB
1991,9417,4GB
1992,9429,2GB
1993,9430,1GB
1994,9430,2GB
1995,9430,3GB
1996,9425,2GB
1997,9425,3GB
1998,9421,3GB
1999,9415,6GB
2000,9414,6GB
2001,9428,1GB
2002,9427,2GB
2003,9419,2GB
2004,9419,3GB
2005,9418,2GB
2006,9418,3GB
2007,9431,1GB
2008,9479,4GB
2009,9478,3GB
2010,9422,2GB
2011,9422,3GB
2012,9473,2GB
2013,9472,1GB
2014,9472,2GB
2015,9476,2GB
2016,9476,3GB
2017,9475,2GB
2018,9474,2GB
2019,12783,4GB
2020,12783,8GB
2021,12476,12GB
2022,12476,16GB
2023,12443,4GB
2024,12443,8GB
2025,12425,4GB
2026,12425,6GB
2027,12071,12GB
2028,12052,3GB
2029,12052,4GB
2030,12521,3GB
2031,12521,4GB
2032,11842,4GB
2033,11842,6GB
2034,11841,4GB
2035,11841,6GB
2036,11841,8GB
2037,12162,3GB
2038,12162,4GB
2039,11783,
2040,11747,12GB
2041,11747,16GB
2042,11747,8GB
2043,11711,3GB
2044,11711,4GB
2045,11711,6GB
2046,11394,12GB
2047,11394,8GB
2048,11331,12GB
2049,11331,16GB
2050,11331,18GB
2051,12008,4GB
2052,11143,3GB
2053,11143,4GB
2054,11090,6GB
2055,11090,8GB
2056,11091,6GB
2057,11091,8GB
2058,10971,
2059,10972,2GB
2060,10988,
2061,10990,4GB
2062,10990,6GB
2063,10991,2GB
2064,10991,3GB
2065,10992,2GB
2066,10970,4GB
2067,10924,
2068,10925,6GB
2069,10927,6GB
2070,10926,4GB
2071,10926,6GB
2072,10827,12GB
2073,10827,16GB
2074,10827,18GB
2075,10827,8GB
2076,10839,12GB
2077,10839,16GB
2078,10605,4GB
2079,10630,4GB
2080,10733,4GB
2081,10405,4GB
2082,10405,6GB
2083,10686,4GB
2084,10686,6GB
2085,10406,2GB
2086,10406,4GB
2087,10329,12GB
2088,10329,16GB
2089,10224,12GB
2090,10224,16GB
2091,10224,8GB
2092,10566,4GB
2093,10360,2GB
2094,10360,4GB
2095,10049,
2096,9959,
2097,9882,4GB
2098,9821,4GB
2099,9821,6GB
2100,9822,2GB
2101,9822,3GB
2102,9826,2GB
2103,9826,3GB
2104,9825,2GB
2105,9825,3GB
2106,9824,1GB
2107,9824,2GB
2108,9757,6GB
2109,9757,8GB
2110,9754,12GB
2111,9754,6GB
2112,9754,8GB
2113,9711,4GB
2114,9711,6GB
2115,9671,12GB
2116,9671,6GB
2117,9671,8GB
2118,9655,4GB
2119,9609,3GB
2120,9609,4GB
2121,9490,4GB
2122,9490,6GB
2123,9436,4GB
2124,9436,6GB
2125,9489,12GB
2126,9489,6GB
2127,9489,8GB
2128,9349,6GB
2129,9375,6GB
2130,9374,4GB
2131,9374,6GB
2132,9371,3GB
2133,9222,6GB
2134,9226,3GB
2135,9226,4GB
2136,9225,2GB
2137,9225,3GB
2138,9144,2GB
2139,9144,3GB
2140,9143,3GB
2141,9116,3GB
2142,9116,4GB
2143,8973,2GB
2144,8973,3GB
2145,8947,2GB
2146,8942,1GB
2147,8942,2GB
2148,8941,1GB
2149,8941,2GB
2150,8834,3GB
2151,8834,4GB
2152,8850,3GB
2153,8794,3GB
2154,8794,4GB
2155,8605,3GB
2156,8605,4GB
2157,8604,2GB
2158,8603,3GB
2159,8603,4GB
2160,8602,2GB
2161,8559,3GB
2162,8423,4GB
2163,8423,6GB
2164,8376,2GB
2165,8375,1GB
2166,8506,1GB
2167,8320,1GB
2168,8319,3GB
2169,8319,4GB
2170,8318,3GB
2171,8318,4GB
2172,8317,2GB
2173,8317,3GB
2174,8316,2GB
2175,9744,2GB
2176,8311,
2177,8208,512MB
2178,8368,
2179,8193,1GB
2180,8147,3GB
2181,8146,3GB
2182,8145,4GB
2183,8125,3GB
2184,8125,4GB
2185,8101,1GB
2186,8038,4GB
2187,8038,6GB
2188,7953,2GB
2189,7953,3GB
2190,7952,1GB
2191,7952,2GB
2192,7951,1GB
2193,7947,2GB
2194,7946,2GB
2195,7939,2GB
2196,7918,3GB
2197,7878,3GB
2198,7878,4GB
2199,7865,2GB
2200,7850,2GB
2201,7802,2GB
2202,7802,3GB
2203,7756,2GB
2204,7755,3GB
2205,7742,1GB
2206,8549,4GB
2207,7642,1GB
2208,7605,1GB
2209,8142,1GB
2210,7557,2GB
2211,7539,2GB
2212,7711,2GB
2213,7552,1GB
2214,7540,2GB
2215,7354,3GB
2216,7511,3GB
2217,7507,1GB
2218,8043,512MB
2219,7233,512MB
2220,7216,
2221,7214,2GB
2222,7197,2GB
2223,7192,512MB
2224,7147,2GB
2225,7046,3GB
2226,7886,2GB
2227,7088,2GB
2228,7167,1GB
2229,7089,2GB
2230,7090,1GB
2231,7063,2GB
2232,6956,1GB
2233,8185,1GB
2234,6955,1GB
2235,6938,1GB
2236,6920,2GB
2237,6919,2GB
2238,6848,1GB
2239,6842,1GB
2240,6855,1GB
2241,6789,512MB
2242,6788,1GB
2243,6787,1GB
2244,6739,1GB
2245,6739,2GB
2246,6746,1GB
2247,6852,2GB
2248,6731,2GB
2249,6730,2GB
2250,6681,2GB
2251,6643,2GB
2252,6642,2GB
2253,6595,1GB
2254,6396,3GB
2255,6529,2GB
2256,6293,1GB
2257,6293,2GB
2258,6370,1GB
2259,6673,1GB
2260,6369,1GB
2261,6368,1GB
2262,6296,512MB
2263,6729,1GB
2264,6674,1GB
2265,6283,1GB
2266,6282,1GB
2267,6281,1GB
2268,6280,1GB
2269,6279,1GB
2270,6166,2GB
2271,6159,2GB
2272,6158,1GB
2273,6157,1GB
2274,6047,1GB
2275,5934,1GB
2276,5894,1GB
2277,5893,1GB
2278,5843,2GB
2279,5836,1GB
2280,5835,1GB
2281,5830,512MB
2282,5851,512MB
2283,5684,2GB
2284,5683,1GB
2285,5689,1GB
2286,5612,1GB
2287,5544,1GB
2288,5486,1GB
2289,5450,512MB
2290,5850,512MB
2291,5849,
2292,5385,1GB
2293,5354,1GB
2294,6196,1GB
2295,6197,1GB
2296,6198,1GB
2297,5353,1GB
2298,5352,1GB
2299,5241,2GB
2300,5244,1GB
2301,5247,1GB
2302,5463,1GB
2303,5462,1GB
2304,5245,512MB
2305,5333,512MB
2306,5246,512MB
2307,5243,512MB
2308,5140,1GB
2309,5095,256MB
2310,5094,512MB
2311,5060,512MB
2312,4985,512MB
2313,4956,1GB
2314,4911,512MB
2315,4912,
2316,4864,
2317,4863,
2318,4862,
2319,4861,
2320,4860,
2321,4859,
2322,4858,
2323,4424,1GB
2324,4424,512MB
2325,4711,
2326,4445,1GB
2327,4423,
2328,4441,1GB
2329,4440,1GB
2330,4439,1GB
2331,4442,512MB
2332,4443,1GB
2333,4444,1GB
2334,10185,
2335,7968,
2336,7008,
2337,11751,4GB
2338,10742,6GB
2339,10743,4GB
2340,10744,4GB
2341,10585,4GB
2342,10586,4GB
2343,10587,3GB
2344,10564,6GB
2345,10464,4GB
2346,10558,4GB
2347,10463,4GB
2348,10459,3GB
2349,10458,4GB
2350,10442,8GB
2351,10597,2GB
2352,10597,3GB
2353,10368,6GB
2354,10451,3GB
2355,10382,2GB
2356,10378,6GB
2357,10257,4GB
2358,10255,3GB
2359,10340,6GB
2360,10209,6GB
2361,10209,8GB
2362,10186,1GB
2363,10256,8GB
2364,10103,8GB
2365,10102,3GB
2366,10090,3GB
2367,10088,4GB
2368,10087,3GB
2369,10086,3GB
2370,9952,4GB
2371,9906,8GB
2372,9844,6GB
2373,9815,4GB
2374,9827,2GB
2375,9828,1GB
2376,9805,2GB
2377,9805,3GB
2378,9804,3GB
2379,9753,4GB
2380,9752,3GB
2381,9752,4GB
2382,9751,3GB
2383,9758,3GB
2384,9607,6GB
2385,9608,6GB
2386,9540,6GB
2387,9585,3GB
2388,9586,3GB
2389,9587,2GB
2390,9587,3GB
2391,9411,4GB
2392,9300,6GB
2393,9355,768MB
2394,9544,2GB
2395,9309,2GB
2396,9305,4GB
2397,9304,4GB
2398,9285,4GB
2399,9278,2GB
2400,9278,3GB
2401,9251,2GB
2402,9228,3GB
2403,9228,4GB
2404,9191,6GB
2405,9206,3GB
2406,9206,4GB
2407,9115,4GB
2408,9115,6GB
2409,9090,6GB
2410,9122,2GB
2411,10072,2GB
2412,9190,2GB
2413,9074,2GB
2414,9074,3GB
2415,9073,2GB
2416,9047,2GB
2417,9006,2GB
2418,8712,4GB
2419,8781,4GB
2420,8756,2GB
2421,8756,3GB
2422,8756,4GB
2423,8780,2GB
2424,8696,2GB
2425,8466,4GB
2426,8584,1.5GB
2427,8584,2GB
2428,8552,768MB
2429,8551,512MB
2430,8694,2GB
2431,8492,2GB
2432,8492,3GB
2433,8679,1.5GB
2434,8678,2GB
2435,8491,2GB
2436,8490,1.5GB
2437,8817,1GB
2438,8817,2GB
2439,8489,1GB
2440,8488,1GB
2441,8484,2GB
2442,8403,2GB
2443,8238,4GB
2444,8184,1.5GB
2445,8183,2GB
2446,8159,1.5GB
2447,8158,3GB
2448,8463,2GB
2449,8081,2GB
2450,8133,2GB
2451,8132,1.5GB
2452,8079,2GB
2453,8079,3GB
2454,8085,2GB
2455,7980,1GB
2456,8269,1GB
2457,8056,3GB
2458,7815,4GB
2459,7977,2GB
2460,7976,2GB
2461,7927,1.5GB
2462,7926,1.5GB
2463,7926,2GB
2464,7849,1.5GB
2465,7849,1GB
2466,7849,2GB
2467,7848,1.5GB
2468,7848,1GB
2469,7883,1GB
2470,7828,2GB
2471,7773,1GB
2472,7675,2GB
2473,7681,512MB
2474,7680,512MB
2475,7607,768MB
2476,7606,4GB
2477,7556,2GB
2478,7575,1.5GB
2479,7575,2GB
2480,7515,2GB
2481,7496,1.5GB
2482,7451,1GB
2483,7442,1GB
2484,7437,1GB
2485,7363,1.5GB
2486,7345,8MB
2487,7344,8MB
2488,7250,1GB
2489,7253,3GB
2490,6901,
2491,7245,1GB
2492,7245,2GB
2493,7212,1GB
2494,7212,2GB
2495,7148,1.5GB
2496,7070,
2497,7718,512MB
2498,7051,1GB
2499,7052,1GB
2500,7053,1GB
2501,7054,512MB
2502,6916,2GB
2503,6916,3GB
2504,6812,1GB
2505,6775,1GB
2506,6776,1GB
2507,6764,3GB
2508,6750,2GB
2509,6709,1GB
2510,6606,512MB
2511,6415,512MB
2512,6555,1GB
2513,6593,1GB
2514,6592,1GB
2515,6575,1GB
2516,6569,1.5GB
2517,6562,2GB
2518,6554,1GB
2519,6546,512MB
2520,6547,512MB
2521,6548,512MB
2522,6545,1.5GB
2523,6520,3GB
2524,6509,1GB
2525,6475,1GB
2526,6315,1GB
2527,6572,3GB
2528,6294,2GB
2529,6294,3GB
2530,7133,128MB
2531,6366,512MB
2532,6357,1GB
2533,7289,1GB
2534,6354,1GB
2535,6353,1GB
2536,6352,1GB
2537,7038,1GB
2538,6333,1GB
2539,6326,1GB
2540,6307,1GB
2541,6173,2GB
2542,6133,1GB
2543,6118,1GB
2544,6117,1GB
2545,6077,1GB
2546,6171,1GB
2547,6100,1GB
2548,6285,1GB
2549,6101,1GB
2550,7062,512MB
2551,6286,512MB
2552,6102,512MB
2553,6052,3GB
2554,6385,512MB
2555,6032,512MB
2556,5998,1GB
2557,5901,2GB
2558,5705,2GB
2559,5806,2GB
2560,5798,
2561,5772,1GB
2562,5736,1GB
2563,5750,512MB
2564,5723,
2565,5673,2GB
2566,5543,2GB
2567,5650,1GB
2568,5649,1GB
2569,5602,2GB
2570,5488,512MB
2571,5487,512MB
2572,5554,512MB
2573,5509,1GB
2574,5390,1GB
2575,5315,1GB
2576,5722,1GB
2577,5316,1GB
2578,5254,2GB
2579,5372,768MB
2580,5275,768MB
2581,5373,512MB
2582,5293,512MB
2583,5389,512MB
2584,5292,512MB
2585,5608,512MB
2586,5048,2GB
2587,6448,
2588,6449,
2589,5964,
2590,5089,
2591,5078,1GB
2592,5032,1GB
2593,5025,1GB
2594,5325,2GB
2595,4950,2GB
2596,5062,2GB
2597,4751,2GB
2598,4941,2GB
2599,5005,1GB
2600,4982,768MB
2601,4981,1GB
2602,4964,512MB
2603,4955,1GB
2604,4948,1GB
2605,4932,1GB
2606,4835,384MB
2607,4833,
2608,4984,64MB
2609,4779,64MB
2610,4749,512MB
2611,4702,64MB
2612,4739,2GB
2613,4717,1GB
2614,4712,
2615,4653,1GB
2616,4649,512MB
2617,4563,1GB
2618,4562,1GB
2619,4545,1GB
2620,4565,512MB
2621,4571,512MB
2622,4554,1GB
2623,4555,1GB
2624,4461,384MB
2625,4446,
2626,4625,256MB
2627,4430,1GB
2628,4416,1GB
2629,4377,1GB
2630,4392,
2631,4064,1GB
2632,4329,1GB
2633,4353,1GB
2634,4402,
2635,4351,
2636,4257,512MB
2637,4352,
2638,4253,
2639,4221,
2640,4286,512MB
2641,4213,1GB
2642,4188,1GB
2643,4201,1GB
2644,4140,1GB
2645,4157,512MB
2646,4067,512MB
2647,4309,512MB
2648,4043,512MB
2649,4289,512MB
2650,4287,512MB
2651,4037,512MB
2652,4040,256MB
2653,4090,
2654,4258,128MB
2655,4610,
2656,4561,
2657,4942,
2658,4470,
2659,4048,
2660,4094,
2661,4092,64MB
2662,4248,
2663,4326,
2664,4259,
2665,4089,
2666,3994,
2667,4211,
2668,4658,
2669,4635,
2670,3952,
2671,3937,
2672,4074,
2673,4033,
2674,3924,
2675,3918,
2676,3886,512MB
2677,3880,
2678,3759,512MB
2679,3835,
2680,4210,
2681,4095,
2682,3758,
2683,3837,
2684,3219,
2685,3735,140MB
2686,3704,512MB
2687,3762,512MB
2688,3598,512MB
2689,3667,
2690,3732,
2691,3852,
2692,3701,
2693,3684,
2694,3860,
2695,3698,
2696,3695,
2697,3674,
2698,3909,32MB
2699,3651,32MB
2700,3731,256MB
2701,3632,256MB
2702,3631,
2703,3630,
2704,3613,
2705,3605,
2706,3606,
2707,3558,512MB
2708,3555,512MB
2709,3532,512MB
2710,3486,
2711,3494,
2712,3669,
2713,3609,
2714,3583,
2715,3544,
2716,3516,512MB
2717,3345,
2718,3414,
2719,3220,
2720,3217,
2721,3218,
2722,3478,
2723,3470,
2724,3676,
2725,3459,
2726,3452,
2727,3458,
2728,3411,
2729,3412,
2730,3444,
2731,3360,
2732,3260,
2733,3359,
2734,3356,256MB
2735,3352,
2736,3216,
2737,3274,
2738,3341,
2739,3340,
2740,3221,
2741,3257,
2742,3245,
2743,3276,
2744,3076,
2745,3261,
2746,3251,
2747,3254,
2748,3253,
2749,3233,
2750,3124,
2751,3211,
2752,3081,156MB
2753,3215,
2754,3204,
2755,3164,512MB
2756,3136,
2757,3095,
2758,3199,
2759,3078,
2760,5444,
2761,4086,
2762,3135,
2763,3106,
2764,3083,
2765,3496,
2766,12472,3GB
2767,12471,4GB
2768,12465,
2769,12464,
2770,12381,4GB
2771,12381,6GB
2772,12381,8GB
2773,12322,3GB
2774,12321,3GB
2775,12285,
2776,12284,
2777,12286,
2778,12283,
2779,12282,
2780,12281,
2781,12244,6GB
2782,12210,
2783,12184,2GB
2784,12184,3GB
2785,12184,4GB
2786,12139,3GB
2787,12139,4GB
2788,12139,6GB
2789,12138,2GB
2790,12138,3GB
2791,12138,4GB
2792,12137,4GB
2793,12137,6GB
2794,12136,2GB
2795,12085,2GB
2796,12085,3GB
2797,11973,512MB
2798,11831,6GB
2799,11831,8GB
2800,12373,3GB
2801,12373,4GB
2802,11826,4GB
2803,11826,6GB
2804,11825,3GB
2805,11825,4GB
2806,11823,4GB
2807,11818,4GB
2808,11741,
2809,11666,48MB
2810,11667,48MB
2811,11670,512MB
2812,11668,
2813,11669,3GB
2814,11669,4GB
2815,11644,3GB
2816,11644,4GB
2817,11629,3GB
2818,11628,3GB
2819,11381,2GB
2820,11381,3GB
2821,11381,4GB
2822,11380,2GB
2823,11380,3GB
2824,11740,4MB
2825,11739,4MB
2826,11382,1GB
2827,11382,2GB
2828,11358,3GB
2829,11358,4GB
2830,11356,3GB
2831,11356,4GB
2832,11356,6GB
2833,11207,6GB
2834,11135,4GB
2835,11142,3GB
2836,11142,4GB
2837,11077,4GB
2838,11077,6GB
2839,11013,4GB
2840,11013,6GB
2841,10967,2GB
2842,10967,3GB
2843,10967,4GB
2844,11025,8MB
2845,11019,1GB
2846,10965,128MB
2847,10966,128MB
2848,10959,3GB
2849,10955,1GB
2850,10955,2GB
2851,10838,6GB
2852,10838,8GB
2853,10840,4GB
2854,10840,6GB
2855,10841,4GB
2856,10842,3GB
2857,10842,4GB
2858,10843,1GB
2859,10843,2GB
2860,10844,1GB
2861,10844,2GB
2862,10700,1GB
2863,10700,2GB
2864,10700,3GB
2865,10624,4GB
2866,10624,6GB
2867,10584,1GB
2868,10575,512MB
2869,10576,512MB
2870,10588,6GB
2871,10547,2GB
2872,10532,64MB
2873,10533,64MB
2874,10404,3GB
2875,10404,4GB
2876,10460,2GB
2877,10460,3GB
2878,10351,2GB
2879,10351,3GB
2880,10273,3GB
2881,10275,2GB
2882,10274,2GB
2883,10241,
2884,10240,
2885,10142,6GB
2886,10142,8GB
2887,10117,3GB
2888,10117,4GB
2889,10117,6GB
2890,10143,1GB
2891,10144,8MB
2892,10131,1GB
2893,9993,1GB
2894,9988,2GB
2895,9833,4GB
2896,9833,6GB
2897,9834,3GB
2898,9834,4GB
2899,9835,
2900,10910,
2901,9836,
2902,9774,16MB
2903,9845,
2904,9773,4MB
2905,9737,2GB
2906,9736,2GB
2907,9731,2GB
2908,9731,3GB
2909,9652,6GB
2910,8867,6GB
2911,9603,2GB
2912,9603,3GB
2913,10619,2GB
2914,9604,2GB
2915,9604,3GB
2916,9538,1GB
2917,9538,3GB
2918,9606,
2919,9342,4GB
2920,9342,6GB
2921,9405,4MB
2922,9364,2GB
2923,9364,3GB
2924,9354,3GB
2925,9354,4GB
2926,9178,4GB
2927,9178,6GB
2928,9246,3GB
2929,9246,4GB
2930,9246,6GB
2931,9214,2GB
2932,9214,3GB
2933,9215,2GB
2934,9215,3GB
2935,9216,1GB
2936,9089,512MB
2937,9087,6GB
2938,9058,4GB
2939,9058,6GB
2940,8972,3GB
2941,8972,4GB
2942,9052,1GB
2943,9046,256MB
2944,8513,1GB
2945,8907,4GB
2946,8907,6GB
2947,8876,
2948,8522,4GB
2949,8522,6GB
2950,8770,4MB
2951,8769,4MB
2952,8572,2GB
2953,8571,2GB
2954,8571,3GB
2955,6885,3GB
2956,6885,4GB
2957,8597,
2958,8475,
2959,8343,16MB
2960,7772,16MB
2961,7771,16MB
2962,7517,16MB
2963,7516,16MB
2964,7272,4MB
2965,7271,4MB
2966,6910,8MB
2967,6911,8MB
2968,6877,1GB
2969,6814,2GB
2970,6640,1GB
2971,6639,1GB
2972,6638,1GB
2973,6571,4MB
2974,6570,4MB
2975,6524,512MB
2976,6523,512MB
2977,6383,1GB
2978,6288,
2979,6287,
2980,6227,2GB
2981,6254,1GB
2982,6255,512MB
2983,6232,512MB
2984,6148,768MB
2985,6147,768MB
2986,6067,512MB
2987,6149,64MB
2988,6150,
2989,5833,2GB
2990,5869,1GB
2991,5760,2GB
2992,5791,1GB
2993,5702,2GB
2994,5796,
2995,5794,
2996,5795,64MB
2997,5793,64MB
2998,5792,64MB
2999,5703,4MB
3000,5663,64MB
3001,5636,4MB
3002,5635,kB
3003,5438,512MB
3004,5506,2GB
3005,5560,64MB
3006,5559,64MB
3007,5451,1GB
3008,5437,1GB
3009,5445,64MB
3010,5417,32MB
3011,5321,512MB
3012,5322,512MB
3013,5323,64MB
3014,5324,
3015,5291,64MB
3016,5150,256MB
3017,5147,512MB
3018,5145,
3019,5138,
3020,5137,
3021,5096,16MB
3022,5090,1GB
3023,5069,256MB
3024,5024,1GB
3025,5009,64MB
3026,5010,64MB
3027,4967,1GB
3028,4968,1GB
3029,4802,128MB
3030,4801,32MB
3031,4800,32MB
3032,4758,
3033,4757,
3034,4756,
3035,4755,
3036,4695,256MB
3037,4690,
3038,4577,512MB
3039,4662,512MB
3040,4576,256MB
3041,4546,128MB
3042,4579,16MB
3043,4580,16MB
3044,4578,512MB
3045,4275,512MB
3046,4391,256MB
3047,4354,32MB
3048,4240,512MB
3049,4372,512MB
3050,4276,512MB
3051,4278,128MB
3052,4279,128MB
3053,4280,32MB
3054,4281,32MB
3055,4243,512MB
3056,4241,
3057,4242,
3058,4220,128MB
3059,4223,128MB
3060,4222,128MB
3061,4121,
3062,4120,
3063,4119,512MB
3064,4021,512MB
3065,4118,
3066,4113,64MB
3067,4085,256MB
3068,3398,1GB
3069,4019,256MB
3070,3931,
3071,3995,
3072,3996,
3073,4020,256MB
3074,3915,256MB
3075,3997,
3076,3961,256MB
3077,3962,
3078,3664,256MB
3079,3717,256MB
3080,3885,256MB
3081,3853,
3082,3610,64MB
3083,3638,64MB
3084,3578,128MB
3085,3545,256MB
3086,3524,256MB
3087,3394,256MB
3088,3525,64MB
3089,3477,
3090,3479,128MB
3091,3479,64MB
3092,3397,128MB
3093,3396,
3094,3390,128MB
3095,3348,
3096,3367,16MB
3097,3366,16MB
3098,3365,16MB
3099,3364,
3100,3252,256MB
3101,3304,64MB
3102,3229,
3103,3198,256MB
3104,3269,64MB
3105,3122,128MB
3106,3285,
3107,3286,
3108,3121,
3109,3041,
3110,3109,128MB
3111,10792,3GB
3112,10792,4GB
3113,12771,12GB
3114,12772,12GB
3115,12773,12GB
3116,12773,8GB
3117,12784,6GB
3118,12785,6GB
3119,12785,8GB
3120,12555,6GB
3121,12555,8GB
3122,12638,4GB
3123,12638,6GB
3124,12638,8GB
3125,12637,4GB
3126,12637,6GB
3127,12637,8GB
3128,12617,4GB
3129,12617,8GB
3130,12616,4GB
3131,12616,8GB
3132,12520,8GB
3133,12609,12GB
3134,12609,8GB
3135,12517,6GB
3136,12517,8GB
3137,12584,4GB
3138,12584,6GB
3139,12583,4GB
3140,12583,6GB
3141,12453,6GB
3142,12453,8GB
3143,12418,
3144,12252,
3145,12217,12GB
3146,12217,16GB
3147,12440,12GB
3148,12439,12GB
3149,12439,8GB
3150,12438,2GB
3151,12437,2GB
3152,11290,6GB
3153,11290,8GB
3154,12239,8GB
3155,12176,4GB
3156,12176,6GB
3157,12176,8GB
3158,12175,4GB
3159,12175,6GB
3160,12189,8GB
3161,12070,4GB
3162,12070,6GB
3163,12070,8GB
3164,12074,4GB
3165,12074,6GB
3166,12074,8GB
3167,12160,4GB
3168,12160,6GB
3169,12024,12GB
3170,12024,8GB
3171,12083,8GB
3172,12082,8GB
3173,12151,4GB
3174,12151,6GB
3175,12004,4GB
3176,12004,6GB
3177,12004,8GB
3178,12054,4GB
3179,12022,4GB
3180,11988,3GB
3181,11988,4GB
3182,11945,2GB
3183,11945,3GB
3184,11945,4GB
3185,11840,4GB
3186,11840,6GB
3187,11803,3GB
3188,11803,4GB
3189,11817,3GB
3190,11817,4GB
3191,11817,6GB
3192,11817,8GB
3193,11737,
3194,11538,
3195,11749,1.5GB
3196,11748,1.5GB
3197,11736,4GB
3198,11736,6GB
3199,11736,8GB
3200,11633,4GB
3201,11633,6GB
3202,11654,4GB
3203,11654,6GB
3204,11665,3GB
3205,11665,4GB
3206,11600,6GB
3207,11624,4GB
3208,11624,6GB
3209,11564,4GB
3210,11524,4GB
3211,11439,6GB
3212,11439,8GB
3213,11459,6GB
3214,11257,6GB
3215,11257,8GB
3216,11268,4GB
3217,11268,6GB
3218,11268,8GB
3219,11429,4GB
3220,11429,6GB
3221,11429,8GB
3222,11406,4GB
3223,11406,6GB
3224,11404,6GB
3225,11404,8GB
3226,11403,4GB
3227,11403,6GB
3228,11373,4GB
3229,11373,6GB
3230,11373,8GB
3231,11402,3GB
3232,11402,4GB
3233,11402,6GB
3234,11251,12GB
3235,11251,8GB
3236,11252,8GB
3237,11253,8GB
3238,11274,12GB
3239,11274,16GB
3240,11274,8GB
3241,11342,12GB
3242,11342,16GB
3243,11342,8GB
3244,11343,12GB
3245,11343,8GB
3246,10954,6GB
3247,10954,8GB
3248,11265,2GB
3249,11265,3GB
3250,11265,4GB
3251,11149,4GB
3252,11149,6GB
3253,11244,2GB
3254,11244,3GB
3255,11244,4GB
3256,11215,2GB
3257,11124,6GB
3258,11124,8GB
3259,11110,6GB
3260,11110,8GB
3261,11011,4GB
3262,11011,6GB
3263,11062,6GB
3264,11062,8GB
3265,10937,2GB
3266,10937,3GB
3267,10937,4GB
3268,11039,4GB
3269,11039,6GB
3270,11039,8GB
3271,10906,
3272,11044,
3273,11046,1.5GB
3274,11045,1.5GB
3275,11087,4GB
3276,11087,6GB
3277,11041,3GB
3278,11041,4GB
3279,11015,4GB
3280,11015,6GB
3281,10996,4GB
3282,10996,6GB
3283,10887,
3284,10873,4GB
3285,10873,6GB
3286,10873,8GB
3287,10948,4GB
3288,10948,6GB
3289,10933,2GB
3290,10933,3GB
3291,10933,4GB
3292,10922,4GB
3293,10922,6GB
3294,10922,8GB
3295,10900,8GB
3296,10848,6GB
3297,10848,8GB
3298,10860,3GB
3299,10860,4GB
3300,10850,6GB
3301,10825,4GB
3302,10824,3GB
3303,10824,4GB
3304,10469,6GB
3305,10469,8GB
3306,10631,6GB
3307,10631,8GB
3308,10641,4GB
3309,10641,6GB
3310,10641,8GB
3311,10718,4GB
3312,10753,4GB
3313,10753,6GB
3314,10753,8GB
3315,10749,8GB
3316,10740,6GB
3317,10740,8GB
3318,10578,4GB
3319,10578,6GB
3320,10596,12GB
3321,10596,16GB
3322,10625,8GB
3323,10626,8GB
3324,10648,4GB
3325,10648,6GB
3326,10648,8GB
3327,10663,3GB
3328,10663,4GB
3329,10604,2GB
3330,10604,3GB
3331,10604,4GB
3332,10604,6GB
3333,10709,2GB
3334,10709,3GB
3335,10708,2GB
3336,10708,3GB
3337,10708,4GB
3338,10603,1GB
3339,10603,2GB
3340,10603,3GB
3341,10603,4GB
3342,10580,4GB
3343,10580,6GB
3344,10496,6GB
3345,10498,6GB
3346,10476,4GB
3347,10377,6GB
3348,10377,8GB
3349,10428,6GB
3350,10428,8GB
3351,10412,4GB
3352,10412,6GB
3353,10412,8GB
3354,10411,3GB
3355,10411,4GB
3356,10148,6GB
3357,10148,8GB
3358,10371,6GB
3359,10342,
3360,10261,12GB
3361,10261,8GB
3362,10355,12GB
3363,10355,8GB
3364,10325,8GB
3365,10338,8GB
3366,10315,1GB
3367,10336,6GB
3368,10336,8GB
3369,10337,6GB
3370,10337,8GB
3371,10244,
3372,10333,6GB
3373,10333,8GB
3374,10335,3GB
3375,10316,1GB
3376,10316,2GB
3377,10314,1GB
3378,10314,2GB
3379,10276,8GB
3380,10216,3GB
3381,10239,2GB
3382,10239,3GB
3383,10239,4GB
3384,10239,6GB
3385,10208,1GB
3386,10243,8GB
3387,10146,6GB
3388,10146,8GB
3389,10157,6GB
3390,10157,8GB
3391,10172,3GB
3392,10483,3GB
3393,10158,4GB
3394,10124,3GB
3395,10124,4GB
3396,10149,4GB
3397,10149,6GB
3398,10149,8GB
3399,10138,4GB
3400,10138,8GB
3401,10111,4GB
3402,10111,6GB
3403,10132,2GB
3404,10132,3GB
3405,10132,4GB
3406,10079,6GB
3407,10079,8GB
3408,10040,12GB
3409,10040,16GB
3410,10084,12GB
3411,10084,16GB
3412,10041,12GB
3413,10041,8GB
3414,10080,8GB
3415,10254,8GB
3416,10044,12GB
3417,10044,8GB
3418,10081,8GB
3419,10054,
3420,10004,6GB
3421,10001,4GB
3422,10003,6GB
3423,10003,8GB
3424,9917,6GB
3425,9917,8GB
3426,9999,2GB
3427,9995,6GB
3428,9995,8GB
3429,9963,4GB
3430,9963,6GB
3431,9963,8GB
3432,9937,4GB
3433,9899,6GB
3434,9899,8GB
3435,9852,2GB
3436,9852,3GB
3437,9852,4GB
3438,9818,4GB
3439,9818,6GB
3440,9861,3GB
3441,9851,
3442,9523,
3443,9850,4GB
3444,9795,6GB
3445,9795,8GB
3446,9796,3GB
3447,9796,4GB
3448,9806,4GB
3449,9806,6GB
3450,9787,12GB
3451,9732,12GB
3452,9789,12GB
3453,9788,8GB
3454,9784,1.5GB
3455,9784,768MB
3456,9786,1.5GB
3457,9786,768MB
3458,9793,2GB
3459,9793,3GB
3460,9790,2GB
3461,9790,3GB
3462,9781,4GB
3463,9781,6GB
3464,9781,8GB
3465,9760,2GB
3466,9760,3GB
3467,9730,3GB
3468,9636,1GB
3469,9589,768MB
3470,9672,3GB
3471,9588,8GB
3472,9535,12GB
3473,9535,6GB
3474,9535,8GB
3475,9536,6GB
3476,9536,8GB
3477,9537,6GB
3478,9537,8GB
3479,9721,4GB
3480,9721,6GB
3481,9505,3GB
3482,9505,4GB
3483,9505,6GB
3484,9506,3GB
3485,9506,4GB
3486,9508,2GB
3487,9508,3GB
3488,9659,8GB
3489,9646,6GB
3490,9646,8GB
3491,9616,6GB
3492,9554,4GB
3493,9554,6GB
3494,9642,4GB
3495,9579,3GB
3496,9579,4GB
3497,9661,3GB
3498,9640,3GB
3499,9580,2GB
3500,9580,4GB
3501,9581,4GB
3502,9581,6GB
3503,9582,2GB
3504,9582,3GB
3505,9651,3GB
3506,9264,3GB
3507,9665,2GB
3508,9262,4GB
3509,9262,6GB
3510,9263,3GB
3511,9432,6GB
3512,9432,8GB
3513,9352,6GB
3514,9344,6GB
3515,9344,8GB
3516,9340,4GB
3517,9340,6GB
3518,9163,6GB
3519,9163,8GB
3520,9289,1.5GB
3521,9289,768MB
3522,9334,3GB
3523,9334,4GB
3524,9397,1GB
3525,9335,2GB
3526,9335,3GB
3527,9255,1GB
3528,9260,3GB
3529,9260,4GB
3530,9234,2GB
3531,8928,2GB
3532,9220,4GB
3533,9220,6GB
3534,9202,4GB
3535,9205,3GB
3536,9205,4GB
3537,9203,2GB
3538,9203,3GB
3539,9203,4GB
3540,9204,2GB
3541,9204,3GB
3542,9156,3GB
3543,9156,4GB
3544,9155,3GB
3545,9155,4GB
3546,9153,3GB
3547,9153,4GB
3548,9135,3GB
3549,8967,4GB
3550,8967,6GB
3551,8966,4GB
3552,8904,1.5GB
3553,8904,2GB
3554,8790,4GB
3555,8790,6GB
3556,8886,4GB
3557,8900,1GB
3558,8897,3GB
3559,8725,2GB
3560,8789,4GB
3561,8839,768MB
3562,8505,6GB
3563,8676,4GB
3564,8778,2GB
3565,8683,4GB
3566,8684,4GB
3567,8675,3GB
3568,8561,3GB
3569,8705,2GB
3570,8705,3GB
3571,8438,2GB
3572,9331,2GB
3573,9331,3GB
3574,8682,1GB
3575,8161,4GB
3576,8523,4GB
3577,8523,6GB
3578,8627,768MB
3579,8437,4GB
3580,8577,2GB
3581,8554,4GB
3582,8397,1GB
3583,8486,1.5GB
3584,8435,4GB
3585,8335,3GB
3586,8494,3GB
3587,8336,2GB
3588,8385,1.5GB
3589,8424,1.5GB
3590,8347,6GB
3591,7801,3GB
3592,8367,3GB
3593,8265,3GB
3594,8309,768MB
3595,8308,768MB
3596,8307,768MB
3597,8342,2GB
3598,8314,3GB
3599,8288,1GB
3600,8242,4GB
3601,8082,4GB
3602,8140,2GB
3603,8192,2GB
3604,8227,1.5GB
3605,8186,1.5GB
3606,8228,2GB
3607,8083,1.5GB
3608,8170,1GB
3609,8455,1.5GB
3610,8004,4GB
3611,8126,2GB
3612,8046,4GB
3613,8047,4GB
3614,7903,4GB
3615,7870,2GB
3616,7869,2GB
3617,8090,2GB
3618,8090,3GB
3619,7880,1.5GB
3620,7821,4GB
3621,7945,4GB
3622,7961,4GB
3623,7960,4GB
3624,7768,1GB
3625,7768,768MB
3626,7934,512MB
3627,7879,1.5GB
3628,7864,1GB
3629,7641,3GB
3630,7759,3GB
3631,7789,2GB
3632,7791,1.5GB
3633,8022,1.5GB
3634,7760,1.5GB
3635,7760,2GB
3636,7704,2GB
3637,7679,1.5GB
3638,7648,1.5GB
3639,7273,1GB
3640,7673,1GB
3641,7673,512MB
3642,7673,768MB
3643,7677,512MB
3644,7678,512MB
3645,7585,512MB
3646,7504,4GB
3647,7431,4GB
3648,7508,4GB
3649,7505,4GB
3650,7467,4GB
3651,7509,4GB
3652,6506,2GB
3653,7468,1.5GB
3654,7453,1.5GB
3655,7438,3GB
3656,7439,3GB
3657,7506,2GB
3658,7249,2GB
3659,7395,512MB
3660,8785,2GB
3661,8785,3GB
3662,7185,1.5GB
3663,7184,1.5GB
3664,6980,1.5GB
3665,7295,1.5GB
3666,7794,4MB
3667,7751,64MB
3668,7119,128MB
3669,7114,3GB
3670,7134,1GB
3671,7443,2GB
3672,7122,1.5GB
3673,7122,2GB
3674,8883,2GB
3675,7121,1.5GB
3676,7121,2GB
3677,6990,1.5GB
3678,7166,3GB
3679,7164,3GB
3680,7079,3GB
3681,7377,3GB
3682,6849,3GB
3683,7034,768MB
3684,7357,1GB
3685,6907,512MB
3686,7110,1GB
3687,6894,768MB
3688,7132,2GB
3689,6763,2GB
3690,6905,1.5GB
3691,6879,2GB
3692,6906,1.5GB
3693,6716,1GB
3694,6802,2GB
3695,6761,2GB
3696,6803,1GB
3697,6762,1.5GB
3698,6762,1GB
3699,6748,2GB
3700,4881,512MB
3701,6725,512MB
3702,6790,1GB
3703,6708,1GB
3704,6706,1GB
3705,6631,3GB
3706,6749,3GB
3707,6758,3GB
3708,6434,3GB
3709,6658,1.5GB
3710,6659,1.5GB
3711,6482,1.5GB
3712,6620,512MB
3713,7715,512MB
3714,7714,512MB
3715,7717,512MB
3716,7716,512MB
3717,6576,2GB
3718,6580,2GB
3719,6573,2GB
3720,6563,1.5GB
3721,6542,1.5GB
3722,6662,512MB
3723,6651,
3724,6650,
3725,6969,1.5GB
3726,6534,512MB
3727,6391,512MB
3728,6252,1.5GB
3729,6478,1GB
3730,6479,512MB
3731,6480,512MB
3732,6481,512MB
3733,6331,768MB
3734,6460,2GB
3735,6450,3GB
3736,6435,3GB
3737,6439,3GB
3738,6235,3GB
3739,6438,3GB
3740,6432,1GB
3741,6433,1.5GB
3742,6404,1.5GB
3743,6403,2GB
3744,6356,2GB
3745,6210,2GB
3746,6328,
3747,6289,1.5GB
3748,6284,512MB
3749,6245,2GB
3750,6251,1.5GB
3751,6250,1.5GB
3752,6241,1.5GB
3753,6249,1.5GB
3754,6248,1.5GB
3755,6240,1.5GB
3756,6247,1.5GB
3757,6246,1.5GB
3758,6239,1.5GB
3759,6209,1GB
3760,6190,1GB
3761,6272,2GB
3762,6237,2GB
3763,6338,2GB
3764,6033,2GB
3765,6846,1.5GB
3766,6099,1GB
3767,6505,
3768,6170,
3769,6054,512MB
3770,6015,2GB
3771,5961,2GB
3772,5975,1GB
3773,5969,1GB
3774,5958,1GB
3775,5945,3GB
3776,5944,3GB
3777,6048,3GB
3778,5943,3GB
3779,5942,3GB
3780,6212,3GB
3781,5941,2GB
3782,5940,2GB
3783,6049,2GB
3784,5946,2GB
3785,5928,2GB
3786,5904,1GB
3787,5889,2GB
3788,5887,3GB
3789,5886,1.5GB
3790,5876,768MB
3791,5862,1.5GB
3792,5814,1.5GB
3793,5846,
3794,5803,1.5GB
3795,5542,2GB
3796,5786,1GB
3797,5766,3GB
3798,5841,512MB
3799,5842,
3800,6216,
3801,6213,
3802,5749,512MB
3803,5677,3GB
3804,5665,3GB
3805,5634,
3806,5597,512MB
3807,5599,128MB
3808,5548,1GB
3809,5447,1.5GB
3810,6785,1GB
3811,5479,
3812,5375,1.5GB
3813,5446,2GB
3814,5456,1.5GB
3815,5491,1GB
3816,5490,1GB
3817,5478,1GB
3818,5468,1GB
3819,5419,1GB
3820,5423,1GB
3821,5422,1GB
3822,5398,1.5GB
3823,5396,1.5GB
3824,5394,768MB
3825,5392,1GB
3826,5391,512MB
3827,5314,512MB
3828,5371,2GB
3829,5125,2GB
3830,5420,2GB
3831,5388,2GB
3832,5252,2GB
3833,5253,2GB
3834,5357,
3835,5301,
3836,5300,
3837,5299,
3838,5298,
3839,5312,
3840,5362,
3841,5361,
3842,5280,768MB
3843,5279,512MB
3844,5271,1GB
3845,5263,1GB
3846,5221,1GB
3847,5213,1GB
3848,5163,1GB
3849,5162,1GB
3850,5059,
3851,5151,2GB
3852,5146,128MB
3853,5144,1GB
3854,5124,1GB
3855,5111,512MB
3856,5272,1GB
3857,5047,1GB
3858,5084,2GB
3859,5081,2GB
3860,5079,
3861,5033,1GB
3862,5027,512MB
3863,5026,512MB
3864,5019,1GB
3865,5018,1GB
3866,4931,
3867,5001,1GB
3868,5001,2GB
3869,4992,1GB
3870,4999,
3871,4914,1GB
3872,4965,
3873,4854,2GB
3874,5152,2GB
3875,4960,1GB
3876,4961,1GB
3877,4957,768MB
3878,4954,1GB
3879,4953,768MB
3880,4923,1GB
3881,4573,2GB
3882,4670,2GB
3883,4909,128MB
3884,4900,
3885,4883,768MB
3886,5342,
3887,5341,
3888,5311,
3889,4919,
3890,4870,
3891,4866,
3892,4865,128MB
3893,4857,512MB
3894,5114,512MB
3895,4777,512MB
3896,4771,512MB
3897,4769,1GB
3898,4851,
3899,4753,
3900,4754,
3901,4752,1GB
3902,4750,384MB
3903,4745,
3904,4804,2GB
3905,4803,2GB
3906,4799,2GB
3907,4238,1GB
3908,5343,
3909,4641,128MB
3910,4633,
3911,5461,512MB
3912,4612,
3913,4566,768MB
3914,5592,1GB
3915,4669,1GB
3916,4567,1GB
3917,4564,512MB
3918,4660,
3919,5340,768MB
3920,4559,768MB
3921,3883,512MB
3922,4548,
3923,4544,384MB
3924,4671,1GB
3925,4543,1GB
3926,4469,768MB
3927,4403,
3928,4448,
3929,4447,
3930,4432,1GB
3931,4431,512MB
3932,4420,1GB
3933,4419,1GB
3934,4406,1GB
3935,4415,1GB
3936,4414,
3937,4952,1GB
3938,4374,1GB
3939,4401,
3940,4397,512MB
3941,4387,1GB
3942,4385,
3943,4371,
3944,4380,
3945,4405,128MB
3946,4350,
3947,4344,512MB
3948,5556,
3949,4337,
3950,4336,
3951,4158,512MB
3952,4159,512MB
3953,4303,1GB
3954,4217,
3955,4277,512MB
3956,4271,
3957,4218,
3958,4301,1GB
3959,4219,1GB
3960,4327,1GB
3961,4262,512MB
3962,4284,
3963,4071,1GB
3964,4239,256MB
3965,4270,
3966,4667,1GB
3967,4208,1GB
3968,4200,512MB
3969,4198,1GB
3970,4096,
3971,4668,1GB
3972,4136,1GB
3973,4135,1GB
3974,4130,1GB
3975,4468,1GB
3976,4129,1GB
3977,3956,1GB
3978,4126,
3979,4054,
3980,4127,
3981,4376,1GB
3982,4124,1GB
3983,4125,1GB
3984,4114,512MB
3985,4115,
3986,4116,
3987,4694,
3988,4117,290MB
3989,4123,
3990,3437,
3991,4191,
3992,4100,
3993,4091,512MB
3994,4059,1GB
3995,3967,1GB
3996,4269,
3997,4283,128MB
3998,4026,512MB
3999,4058,
4000,4039,
4001,3991,
4002,3969,270MB
4003,3968,512MB
4004,4274,
4005,4056,
4006,4034,
4007,4093,
4008,4055,
4009,3941,
4010,3992,
4011,3940,
4012,3939,
4013,3908,512MB
4014,3986,
4015,3921,
4016,3993,
4017,4611,
4018,3927,256MB
4019,3916,
4020,3913,512MB
4021,3920,512MB
4022,3910,
4023,3904,
4024,3919,592MB
4025,3892,1GB
4026,4069,1GB
4027,3894,1GB
4028,3891,1GB
4029,3893,1GB
4030,3884,512MB
4031,3878,128MB
4032,3765,
4033,3850,270MB
4034,3621,1GB
4035,3844,
4036,3845,
4037,3838,
4038,3831,
4039,3778,
4040,3729,
4041,4030,
4042,3766,
4043,3836,
4044,3761,478MB
4045,4664,
4046,3724,278MB
4047,3726,280MB
4048,3741,278MB
4049,3725,384MB
4050,3879,
4051,3719,512MB
4052,3718,
4053,3705,
4054,3774,
4055,3733,
4056,3620,512MB
4057,3736,
4058,3634,
4059,3767,
4060,3668,
4061,3625,
4062,3617,
4063,3616,
4064,3665,
4065,3738,
4066,3753,
4067,3618,
4068,3615,336MB
4069,4396,
4070,3588,
4071,3586,
4072,3742,
4073,3743,
4074,3744,
4075,3745,
4076,3746,
4077,3747,
4078,3748,
4079,3749,
4080,3453,512MB
4081,3537,
4082,3547,
4083,3536,
4084,3768,
4085,3672,640MB
4086,3370,512MB
4087,3673,
4088,3769,
4089,3582,
4090,3671,
4091,3614,
4092,3487,
4093,3752,
4094,3750,
4095,3584,
4096,3580,512MB
4097,3581,512MB
4098,3579,
4099,3515,
4100,3531,
4101,3415,
4102,4638,
4103,4087,
4104,3493,
4105,3490,
4106,3448,
4107,3368,
4108,3482,
4109,3492,
4110,3416,512MB
4111,3467,
4112,3336,
4113,3335,
4114,3334,
4115,3333,
4116,3408,512MB
4117,3401,
4118,3402,
4119,3433,16MB
4120,3450,
4121,3434,128MB
4122,3410,512MB
4123,3430,
4124,3429,
4125,3435,
4126,3436,
4127,3438,
4128,3928,
4129,3399,
4130,3400,
4131,3371,
4132,3432,256MB
4133,3395,256MB
4134,3362,
4135,3355,
4136,3346,
4137,3319,
4138,3418,
4139,3294,384MB
4140,3115,512MB
4141,3234,
4142,3002,
4143,3332,
4144,3273,
4145,3272,
4146,3047,
4147,3243,
4148,3232,
4149,3231,
4150,3146,
4151,3150,384MB
4152,3151,
4153,3091,
4154,3152,
4155,3148,
4156,3149,
4157,3117,
4158,3074,
4159,3085,
4160,3194,
4161,3086,
4162,3018,
4163,3084,
4164,3048,
4165,3441,128MB
4166,3442,
4167,7270,
4168,12534,8GB
4169,12263,12GB
4170,12264,6GB
4171,12264,8GB
4172,11838,8GB
4173,11521,12GB
4174,11521,16GB
4175,11522,6GB
4176,11174,12GB
4177,11064,6GB
4178,10712,12GB
4179,10851,8GB
4180,10698,6GB
4181,10707,12GB
4182,10396,8GB
4183,10096,12GB
4184,10096,8GB
4185,10095,4GB
4186,10091,3GB
4187,9840,6GB
4188,9543,6GB
4189,9591,4GB
4190,9591,6GB
4191,9353,3GB
4192,9353,4GB
4193,9592,3GB
4194,9268,4GB
4195,9268,6GB
4196,9232,4GB
4197,9232,6GB
4198,9166,6GB
4199,9081,4GB
4200,9081,6GB
4201,9082,4GB
4202,8985,4GB
4203,8986,3GB
4204,8987,3GB
4205,8922,2GB
4206,8922,3GB
4207,8804,4GB
4208,8840,3GB
4209,8840,4GB
4210,8610,4GB
4211,8619,2GB
4212,8599,4GB
4213,8593,4GB
4214,8595,4GB
4215,8596,3GB
4216,8292,3GB
4217,8313,3GB
4218,8113,1.5GB
4219,8102,3GB
4220,7949,3GB
4221,7948,3GB
4222,7957,2GB
4223,7950,2GB
4224,7538,3GB
4225,7536,3GB
4226,7537,3GB
4227,7534,3GB
4228,7535,2GB
4229,7465,3GB
4230,7464,3GB
4231,7466,2GB
4232,7463,2GB
4233,7296,3GB
4234,7257,3GB
4235,6878,3GB
4236,7228,2GB
4237,7227,2GB
4238,7100,2GB
4239,7068,2GB
4240,7238,3GB
4241,7069,3GB
4242,7059,1GB
4243,7060,1GB
4244,7031,1GB
4245,6882,1GB
4246,6663,1GB
4247,6634,1GB
4248,6633,3GB
4249,6632,3GB
4250,6796,3GB
4251,6539,3GB
4252,6582,1GB
4253,6538,2GB
4254,6489,1GB
4255,6488,1GB
4256,6456,3GB
4257,6408,1GB
4258,7691,512MB
4259,7719,
4260,6146,1GB
4261,6162,1GB
4262,6145,3GB
4263,6161,3GB
4264,6144,3GB
4265,5967,512MB
4266,5966,512MB
4267,5968,1GB
4268,5965,1GB
4269,5950,2GB
4270,5753,2GB
4271,5596,2GB
4272,5540,2GB
4273,5541,1GB
4274,5497,1GB
4275,5421,2GB
4276,5363,1GB
4277,5364,1GB
4278,5326,2GB
4279,5255,2GB
4280,5204,2GB
4281,5203,2GB
4282,5148,512MB
4283,5149,512MB
4284,5015,1GB
4285,4993,1GB
4286,4913,1GB
4287,4958,1GB
4288,4930,512MB
4289,4959,1GB
4290,4899,1GB
4291,4894,1GB
4292,4832,512MB
4293,4718,512MB
4294,4831,512MB
4295,4782,512MB
4296,4781,1GB
4297,4775,1GB
4298,4774,1GB
4299,4773,1GB
4300,4772,1GB
4301,4647,512MB
4302,4408,512MB
4303,4437,512MB
4304,4436,1GB
4305,4369,1GB
4306,4798,1GB
4307,4412,1GB
4308,4648,
4309,4139,
4310,4138,
4311,4137,
4312,4734,
4313,7022,
4314,6958,
4315,6957,
4316,6384,
4317,5336,
4318,12749,12GB
4319,12749,8GB
4320,12750,6GB
4321,12750,8GB
4322,12572,12GB
4323,12572,16GB
4324,12572,8GB
4325,12581,12GB
4326,12581,16GB
4327,12581,8GB
4328,12776,12GB
4329,12776,6GB
4330,12776,8GB
4331,12717,12GB
4332,12717,8GB
4333,12723,12GB
4334,12723,8GB
4335,12779,12GB
4336,12779,8GB
4337,12737,4GB
4338,12737,6GB
4339,12737,8GB
4340,12735,4GB
4341,12726,4GB
4342,12726,6GB
4343,12726,8GB
4344,12714,12GB
4345,12714,16GB
4346,12714,24GB
4347,12715,12GB
4348,12715,16GB
4349,12716,12GB
4350,12716,16GB
4351,12716,8GB
4352,12711,
4353,12697,12GB
4354,12689,4GB
4355,12689,6GB
4356,12689,8GB
4357,12684,4GB
4358,12684,6GB
4359,12684,8GB
4360,12643,
4361,12626,
4362,12388,12GB
4363,12388,16GB
4364,12389,12GB
4365,12389,8GB
4366,12587,2GB
4367,12582,12GB
4368,12582,6GB
4369,12582,8GB
4370,12466,4GB
4371,12466,6GB
4372,12466,8GB
4373,12470,12GB
4374,12470,16GB
4375,12470,24GB
4376,12468,
4377,12463,12GB
4378,12463,16GB
4379,12463,8GB
4380,12452,4GB
4381,12452,6GB
4382,12452,8GB
4383,12449,
4384,12446,4GB
4385,12446,6GB
4386,12446,8GB
4387,12392,4GB
4388,12392,6GB
4389,12392,8GB
4390,12245,12GB
4391,12328,2GB
4392,12328,4GB
4393,12328,6GB
4394,12328,8GB
4395,12298,12GB
4396,12298,8GB
4397,12134,12GB
4398,12134,16GB
4399,12257,12GB
4400,12257,8GB
4401,12258,12GB
4402,12258,8GB
4403,12236,12GB
4404,12236,16GB
4405,12238,12GB
4406,12238,8GB
4407,12237,6GB
4408,12237,8GB
4409,12215,4GB
4410,12215,6GB
4411,12218,6GB
4412,12218,8GB
4413,12209,6GB
4414,12209,8GB
4415,12181,12GB
4416,12181,16GB
4417,12181,8GB
4418,12197,2GB
4419,12197,3GB
4420,12197,4GB
4421,12124,2GB
4422,12124,3GB
4423,12124,4GB
4424,12188,4GB
4425,12188,6GB
4426,12188,8GB
4427,11962,
4428,12013,
4429,12072,8GB
4430,12126,4GB
4431,12126,6GB
4432,12094,6GB
4433,12094,8GB
4434,12092,6GB
4435,12092,8GB
4436,12063,4GB
4437,12063,6GB
4438,12063,8GB
4439,12053,2GB
4440,12053,3GB
4441,12045,12GB
4442,12045,6GB
4443,12045,8GB
4444,12046,
4445,12047,12GB
4446,12047,8GB
4447,11975,
4448,12048,
4449,12023,
4450,12051,2GB
4451,12051,3GB
4452,12051,4GB
4453,12051,6GB
4454,11953,8GB
4455,11954,12GB
4456,11954,8GB
4457,11955,12GB
4458,11955,6GB
4459,11955,8GB
4460,11956,4GB
4461,11956,6GB
4462,11956,8GB
4463,11887,12GB
4464,11887,8GB
4465,11888,8GB
4466,11911,3GB
4467,11911,4GB
4468,11911,6GB
4469,11904,4GB
4470,11904,6GB
4471,11904,8GB
4472,11909,2GB
4473,11909,3GB
4474,11906,12GB
4475,11906,8GB
4476,11855,4GB
4477,11855,6GB
4478,11834,4GB
4479,11834,6GB
4480,11848,2GB
4481,11848,3GB
4482,11832,4GB
4483,11832,6GB
4484,11832,8GB
4485,11850,4GB
4486,11850,6GB
4487,11869,4GB
4488,11869,6GB
4489,11819,6GB
4490,11819,8GB
4491,11762,4GB
4492,11762,6GB
4493,11760,
4494,11580,12GB
4495,11580,8GB
4496,11758,
4497,11759,12GB
4498,11759,6GB
4499,11759,8GB
4500,11653,6GB
4501,11653,8GB
4502,11472,6GB
4503,11472,8GB
4504,11614,12GB
4505,11614,8GB
4506,11651,
4507,11645,
4508,11652,12GB
4509,11652,8GB
4510,11627,12GB
4511,11627,6GB
4512,11627,8GB
4513,11626,8GB
4514,11468,2GB
4515,11468,3GB
4516,11468,4GB
4517,11549,8GB
4518,11550,12GB
4519,11550,6GB
4520,11550,8GB
4521,11551,4GB
4522,11551,8GB
4523,11519,4GB
4524,11519,6GB
4525,11427,4GB
4526,11427,6GB
4527,11479,12GB
4528,11479,8GB
4529,11495,
4530,11487,12GB
4531,11487,8GB
4532,11486,8GB
4533,11453,12GB
4534,11453,16GB
4535,11453,8GB
4536,11454,12GB
4537,11454,8GB
4538,11455,12GB
4539,11455,8GB
4540,11449,2GB
4541,11449,3GB
4542,11449,4GB
4543,11449,6GB
4544,11419,4GB
4545,11419,6GB
4546,11419,8GB
4547,11425,4GB
4548,11425,6GB
4549,11180,6GB
4550,11180,8GB
4551,11372,12GB
4552,11372,8GB
4553,11430,12GB
4554,11430,8GB
4555,11431,12GB
4556,11431,6GB
4557,11431,8GB
4558,11287,12GB
4559,11287,8GB
4560,11285,12GB
4561,11285,8GB
4562,11292,12GB
4563,11292,8GB
4564,11422,
4565,11424,4GB
4566,11424,6GB
4567,11418,3GB
4568,11418,4GB
4569,11412,6GB
4570,11412,8GB
4571,11395,6GB
4572,11395,8GB
4573,11396,4GB
4574,11396,6GB
4575,11371,6GB
4576,11371,8GB
4577,11388,6GB
4578,11388,8GB
4579,11362,12GB
4580,11362,8GB
4581,11357,4GB
4582,11357,6GB
4583,11333,4GB
4584,11333,6GB
4585,11333,8GB
4586,11334,4GB
4587,11334,6GB
4588,11334,8GB
4589,11335,6GB
4590,11335,8GB
4591,11336,4GB
4592,11336,6GB
4593,11186,6GB
4594,11186,8GB
4595,11185,6GB
4596,11185,8GB
4597,11293,
4598,11217,4GB
4599,11217,6GB
4600,11217,8GB
4601,11241,4GB
4602,11241,6GB
4603,11193,4GB
4604,11193,6GB
4605,11193,8GB
4606,11159,6GB
4607,11159,8GB
4608,11181,4GB
4609,11181,6GB
4610,11181,8GB
4611,11187,
4612,11182,
4613,11152,12GB
4614,11152,16GB
4615,11152,8GB
4616,11153,12GB
4617,11153,8GB
4618,11137,4GB
4619,11137,6GB
4620,11119,12GB
4621,11119,8GB
4622,11126,
4623,11129,4GB
4624,11128,2GB
4625,11128,3GB
4626,11134,3GB
4627,11134,4GB
4628,11127,4GB
4629,11127,6GB
4630,11100,12GB
4631,11100,8GB
4632,11099,8GB
4633,11101,6GB
4634,11101,8GB
4635,11079,4GB
4636,11079,6GB
4637,11060,4GB
4638,11060,6GB
4639,11043,6GB
4640,11043,8GB
4641,11042,6GB
4642,11040,12GB
4643,11040,8GB
4644,10949,8GB
4645,10886,6GB
4646,10886,8GB
4647,11008,4GB
4648,11008,6GB
4649,10977,
4650,10930,6GB
4651,10930,8GB
4652,10919,3GB
4653,10919,4GB
4654,10857,4GB
4655,10857,6GB
4656,10880,12GB
4657,10880,6GB
4658,10880,8GB
4659,10776,8GB
4660,10775,6GB
4661,10775,8GB
4662,10867,4GB
4663,10817,
4664,10737,12GB
4665,10737,8GB
4666,10816,12GB
4667,10816,8GB
4668,10777,8GB
4669,10815,6GB
4670,10815,8GB
4671,10665,4GB
4672,10665,6GB
4673,10665,8GB
4674,10805,12GB
4675,10805,16GB
4676,10805,8GB
4677,10714,12GB
4678,10714,6GB
4679,10714,8GB
4680,10802,6GB
4681,10802,8GB
4682,10758,6GB
4683,10758,8GB
4684,10780,12GB
4685,10780,8GB
4686,10662,6GB
4687,10662,8GB
4688,10768,4GB
4689,10768,6GB
4690,10768,8GB
4691,10769,4GB
4692,10769,6GB
4693,10769,8GB
4694,10247,4GB
4695,10247,6GB
4696,10770,6GB
4697,10770,8GB
4698,10771,6GB
4699,10771,8GB
4700,10752,12GB
4701,10727,12GB
4702,10727,6GB
4703,10727,8GB
4704,10728,12GB
4705,10728,6GB
4706,10728,8GB
4707,10661,4GB
4708,10661,6GB
4709,10670,4GB
4710,10670,6GB
4711,10615,6GB
4712,10615,8GB
4713,10656,
4714,10616,4GB
4715,10616,6GB
4716,10633,
4717,10582,6GB
4718,10582,8GB
4719,10581,4GB
4720,10581,6GB
4721,10581,8GB
4722,10609,4GB
4723,10609,6GB
4724,10609,8GB
4725,10610,
4726,10599,4GB
4727,10599,6GB
4728,10517,8GB
4729,10541,
4730,10482,3GB
4731,10482,4GB
4732,10437,8GB
4733,10473,6GB
4734,10473,8GB
4735,10480,6GB
4736,10481,
4737,10305,
4738,10591,2GB
4739,10399,4GB
4740,10434,6GB
4741,10461,6GB
4742,10461,8GB
4743,10415,6GB
4744,10415,8GB
4745,10398,4GB
4746,10361,12GB
4747,10361,16GB
4748,10361,8GB
4749,10349,6GB
4750,10349,8GB
4751,10353,4GB
4752,10350,12GB
4753,10318,4GB
4754,10318,6GB
4755,10279,2GB
4756,10279,3GB
4757,10279,4GB
4758,10279,6GB
4759,10277,2GB
4760,10277,3GB
4761,10277,4GB
4762,10278,2GB
4763,10278,3GB
4764,10278,4GB
4765,10233,3GB
4766,10233,4GB
4767,10233,6GB
4768,10267,8GB
4769,10266,6GB
4770,10266,8GB
4771,10202,4GB
4772,10202,6GB
4773,10200,6GB
4774,10200,8GB
4775,10220,6GB
4776,10220,8GB
4777,10235,6GB
4778,10217,4GB
4779,10217,6GB
4780,10217,8GB
4781,10192,3GB
4782,10192,4GB
4783,10192,6GB
4784,10183,6GB
4785,10183,8GB
4786,10207,6GB
4787,10207,8GB
4788,10159,6GB
4789,10159,8GB
4790,10150,12GB
4791,10150,8GB
4792,10140,12GB
4793,10140,6GB
4794,10140,8GB
4795,10147,4GB
4796,10147,6GB
4797,10126,6GB
4798,10126,8GB
4799,10120,4GB
4800,10120,6GB
4801,10109,12GB
4802,10109,8GB
4803,10110,12GB
4804,10110,8GB
4805,10055,12GB
4806,10055,8GB
4807,10082,12GB
4808,10082,6GB
4809,10082,8GB
4810,10169,2GB
4811,10169,3GB
4812,10078,2GB
4813,10078,3GB
4814,10050,6GB
4815,10050,8GB
4816,9991,6GB
4817,9991,8GB
4818,9979,6GB
4819,9979,8GB
4820,9946,3GB
4821,9946,4GB
4822,9945,8GB
4823,9936,6GB
4824,9935,6GB
4825,9935,8GB
4826,10014,
4827,9941,1GB
4828,9800,3GB
4829,9800,4GB
4830,9897,2GB
4831,9897,3GB
4832,9897,4GB
4833,9893,12GB
4834,9892,12GB
4835,9892,8GB
4836,9891,12GB
4837,9891,8GB
4838,9884,12GB
4839,9884,8GB
4840,9862,6GB
4841,9812,4GB
4842,9812,6GB
4843,9812,8GB
4844,9779,12GB
4845,9779,8GB
4846,9769,4GB
4847,9769,6GB
4848,9716,2GB
4849,9716,3GB
4850,9759,4GB
4851,9759,6GB
4852,9749,6GB
4853,9749,8GB
4854,9814,3GB
4855,9814,4GB
4856,9814,6GB
4857,9791,6GB
4858,9791,8GB
4859,9738,6GB
4860,9720,6GB
4861,9720,8GB
4862,9708,6GB
4863,9708,8GB
4864,9707,3GB
4865,9707,4GB
4866,9674,3GB
4867,9674,4GB
4868,9639,12GB
4869,9639,6GB
4870,9639,8GB
4871,9498,2GB
4872,9498,3GB
4873,9498,4GB
4874,9521,4GB
4875,9521,6GB
4876,9602,6GB
4877,9584,12GB
4878,9584,8GB
4879,9583,6GB
4880,9507,6GB
4881,9507,8GB
4882,9534,1GB
4883,9513,3GB
4884,9513,4GB
4885,9513,6GB
4886,9499,4GB
4887,9499,6GB
4888,9382,10GB
4889,9382,6GB
4890,9382,8GB
4891,9378,10GB
4892,9378,6GB
4893,9378,8GB
4894,9333,3GB
4895,9333,4GB
4896,9333,6GB
4897,9336,6GB
4898,9336,8GB
4899,9329,4GB
4900,9329,6GB
4901,9293,6GB
4902,9293,8GB
4903,9140,4GB
4904,9140,6GB
4905,9247,3GB
4906,9247,4GB
4907,8963,4GB
4908,8963,6GB
4909,9295,4GB
4910,9249,3GB
4911,9249,4GB
4912,9237,3GB
4913,9237,4GB
4914,9217,2GB
4915,9217,3GB
4916,9218,8GB
4917,9065,6GB
4918,9065,8GB
4919,9219,4GB
4920,9219,6GB
4921,9185,3GB
4922,9185,4GB
4923,9067,6GB
4924,9067,8GB
4925,9120,3GB
4926,9120,4GB
4927,9120,6GB
4928,8893,4GB
4929,8893,6GB
4930,9164,6GB
4931,9164,8GB
4932,8959,3GB
4933,8959,4GB
4934,8768,2GB
4935,8768,3GB
4936,8768,4GB
4937,8898,2GB
4938,8898,3GB
4939,8753,3GB
4940,8753,4GB
4941,8818,2GB
4942,8707,6GB
4943,8529,6GB
4944,8529,8GB
4945,8776,4GB
4946,8582,4GB
4947,8608,2GB
4948,8608,3GB
4949,8608,4GB
4950,8507,4GB
4951,8507,6GB
4952,8477,4GB
4953,8439,3GB
4954,8580,3GB
4955,8580,4GB
4956,8531,3GB
4957,8531,4GB
4958,8420,2GB
4959,8420,3GB
4960,8419,2GB
4961,8263,3GB
4962,8400,4GB
4963,8400,6GB
4964,8014,4GB
4965,8014,6GB
4966,8350,4GB
4967,8350,6GB
4968,7260,3GB
4969,7260,4GB
4970,8291,2GB
4971,8291,3GB
4972,8291,4GB
4973,8233,3GB
4974,8233,4GB
4975,8212,2GB
4976,8250,3GB
4977,8150,2GB
4978,8150,3GB
4979,8007,3GB
4980,8057,2GB
4981,8057,3GB
4982,8057,4GB
4983,6948,3GB
4984,6948,4GB
4985,7962,3GB
4986,7863,2GB
4987,7863,3GB
4988,7862,2GB
4989,7862,3GB
4990,7822,2GB
4991,7770,2GB
4992,7769,2GB
4993,7769,3GB
4994,7512,2GB
4995,7512,3GB
4996,6992,2GB
4997,7710,2GB
4998,7480,2GB
4999,7211,2GB
5000,6952,4GB
5001,6944,3GB
5002,7159,1GB
5003,6884,1GB
5004,6884,2GB
5005,6866,3GB
5006,6561,2GB
5007,6518,2GB
5008,6518,3GB
5009,6365,2GB
5010,6217,1GB
5011,6217,2GB
5012,5678,2GB
5013,6373,1GB
5014,5609,1GB
5015,5646,1GB
5016,5397,2GB
5017,4928,2GB
5018,4929,1GB
5019,10916,4GB
5020,10916,6GB
5021,12751,12GB
5022,12751,16GB
5023,12751,24GB
5024,12751,8GB
5025,12708,16GB
5026,12708,24GB
5027,12709,12GB
5028,12709,16GB
5029,12709,8GB
5030,12712,8GB
5031,12692,4GB
5032,12613,6GB
5033,12615,
5034,12769,4GB
5035,12612,4GB
5036,12611,4GB
5037,12435,8GB
5038,12428,12GB
5039,12428,16GB
5040,12402,12GB
5041,12402,16GB
5042,12399,16GB
5043,12399,24GB
5044,12398,12GB
5045,12398,16GB
5046,12398,8GB
5047,12455,3GB
5048,12341,8GB
5049,12228,12GB
5050,12229,12GB
5051,12229,8GB
5052,12157,12GB
5053,12157,16GB
5054,12157,8GB
5055,12152,
5056,12104,
5057,12096,4GB
5058,12096,6GB
5059,12042,12GB
5060,12042,16GB
5061,12015,12GB
5062,12015,16GB
5063,12015,8GB
5064,12031,
5065,12018,
5066,12006,8GB
5067,12005,12GB
5068,12005,18GB
5069,11944,4GB
5070,11917,6GB
5071,11901,12GB
5072,11901,8GB
5073,11698,12GB
5074,11698,18GB
5075,11698,8GB
5076,11649,12GB
5077,11649,16GB
5078,11649,18GB
5079,11664,12GB
5080,11664,16GB
5081,11664,8GB
5082,11660,6GB
5083,11958,4GB
5084,11958,6GB
5085,11612,3GB
5086,11927,2GB
5087,11611,2GB
5088,11516,12GB
5089,11516,8GB
5090,11510,12GB
5091,11510,16GB
5092,11510,8GB
5093,11379,12GB
5094,11379,16GB
5095,11379,8GB
5096,11579,4GB
5097,11364,12GB
5098,11364,16GB
5099,11364,18GB
5100,11364,8GB
5101,11363,12GB
5102,11363,16GB
5103,11363,18GB
5104,11363,8GB
5105,11702,2GB
5106,11700,3GB
5107,11243,8GB
5108,11721,2GB
5109,11240,3GB
5110,11237,1GB
5111,11238,2GB
5112,11946,1GB
5113,11239,2GB
5114,11203,1GB
5115,11083,12GB
5116,11083,16GB
5117,11083,18GB
5118,11082,12GB
5119,11082,16GB
5120,11020,12GB
5121,11020,6GB
5122,11020,8GB
5123,11018,3GB
5124,11009,4GB
5125,10929,12GB
5126,10929,6GB
5127,10929,8GB
5128,10914,12GB
5129,10914,16GB
5130,10914,8GB
5131,10885,4GB
5132,10837,12GB
5133,10837,16GB
5134,10837,18GB
5135,10837,8GB
5136,10858,6GB
5137,10858,8GB
5138,10798,8GB
5139,10820,8GB
5140,10821,6GB
5141,10772,12GB
5142,10772,16GB
5143,10772,18GB
5144,10773,12GB
5145,10773,8GB
5146,10823,
5147,10774,
5148,11722,1GB
5149,10706,6GB
5150,10613,8GB
5151,11727,1GB
5152,10614,6GB
5153,10611,
5154,10571,3GB
5155,10567,6GB
5156,11728,2GB
5157,11197,2GB
5158,10617,12GB
5159,10370,6GB
5160,10370,8GB
5161,10601,6GB
5162,11729,1GB
5163,11723,2GB
5164,10341,1GB
5165,10339,12GB
5166,10339,16GB
5167,10339,8GB
5168,11726,2GB
5169,10282,8GB
5170,10281,6GB
5171,11725,2GB
5172,11724,2GB
5173,10193,6GB
5174,10193,8GB
5175,10284,6GB
5176,10139,6GB
5177,10139,8GB
5178,10071,12GB
5179,10071,16GB
5180,10071,8GB
5181,9998,12GB
5182,9998,6GB
5183,11705,1GB
5184,10070,3GB
5185,9955,3GB
5186,9954,3GB
5187,11731,2GB
5188,9921,4GB
5189,9839,12GB
5190,9839,8GB
5191,9780,6GB
5192,9780,8GB
5193,9712,2GB
5194,9713,1GB
5195,9714,1GB
5196,9692,12GB
5197,9692,6GB
5198,9692,8GB
5199,11730,2GB
5200,9612,1GB
5201,9610,12GB
5202,9610,6GB
5203,9610,8GB
5204,9695,12GB
5205,9695,6GB
5206,9695,8GB
5207,9611,3GB
5208,9611,4GB
5209,9715,2GB
5210,9715,3GB
5211,9433,10GB
5212,9433,6GB
5213,9433,8GB
5214,9347,6GB
5215,9347,8GB
5216,9171,6GB
5217,9171,8GB
5218,9069,6GB
5219,9174,6GB
5220,9174,8GB
5221,9701,2GB
5222,9701,3GB
5223,9697,2GB
5224,9697,3GB
5225,9161,6GB
5226,9133,4GB
5227,9110,4GB
5228,9088,2GB
5229,9088,3GB
5230,8971,3GB
5231,8971,4GB
5232,9083,1GB
5233,9038,3GB
5234,8970,3GB
5235,9033,1GB
5236,8913,2GB
5237,8902,4GB
5238,8901,6GB
5239,8901,8GB
5240,8896,6GB
5241,8838,6GB
5242,8290,2GB
5243,8895,2GB
5244,8894,1GB
5245,8793,1GB
5246,8779,1GB
5247,8752,2GB
5248,8752,3GB
5249,8567,768MB
5250,8748,4GB
5251,8746,4GB
5252,8747,3GB
5253,8747,4GB
5254,8726,3GB
5255,8677,6GB
5256,8677,8GB
5257,8658,6GB
5258,8660,2GB
5259,8615,4GB
5260,8615,6GB
5261,8609,1GB
5262,8609,2GB
5263,8607,2GB
5264,8600,2GB
5265,8601,2GB
5266,8562,4GB
5267,8530,3GB
5268,8504,3GB
5269,8501,2GB
5270,8501,3GB
5271,8401,2GB
5272,8401,4GB
5273,8638,2GB
5274,8398,3GB
5275,8398,4GB
5276,8387,4GB
5277,8232,3GB
5278,8300,2GB
5279,8096,2GB
5280,8182,3GB
5281,8092,4GB
5282,8067,4GB
5283,8091,4GB
5284,8091,6GB
5285,8548,1GB
5286,8548,512MB
5287,8110,2GB
5288,8044,3GB
5289,8063,1GB
5290,7963,2GB
5291,8294,1GB
5292,8294,2GB
5293,8293,2GB
5294,8295,1GB
5295,7943,2GB
5296,9152,2GB
5297,8143,2GB
5298,7944,2GB
5299,7938,3GB
5300,7868,3GB
5301,7852,2GB
5302,7853,1GB
5303,7761,2GB
5304,7762,1GB
5305,7763,1GB
5306,7692,512MB
5307,7686,2GB
5308,7670,3GB
5309,7646,3GB
5310,7572,2GB
5311,7542,3GB
5312,7485,2GB
5313,7485,3GB
5314,7441,4GB
5315,7430,2GB
5316,7799,1GB
5317,7428,2GB
5318,7422,4GB
5319,8114,1GB
5320,7481,1GB
5321,7656,2GB
5322,7356,1GB
5323,7790,1GB
5324,7355,1GB
5325,8244,1GB
5326,7294,1GB
5327,7207,3GB
5328,7207,4GB
5329,7168,2GB
5330,7116,3GB
5331,7149,2GB
5332,7106,1GB
5333,7078,3GB
5334,7891,1GB
5335,7105,1GB
5336,7057,512MB
5337,7058,512MB
5338,7056,1GB
5339,6954,2GB
5340,7157,1GB
5341,6915,2GB
5342,6914,2GB
5343,6904,2GB
5344,6898,1GB
5345,6847,2GB
5346,7155,2GB
5347,7156,512MB
5348,6718,1GB
5349,6697,2GB
5350,6645,1GB
5351,6644,1GB
5352,6641,512MB
5353,6607,2GB
5354,6490,3GB
5355,6491,2GB
5356,6492,2GB
5357,6367,1GB
5358,6579,256MB
5359,6381,512MB
5360,6679,1GB
5361,6324,2GB
5362,6236,2GB
5363,6236,3GB
5364,6154,2GB
5365,6155,512MB
5366,6156,256MB
5367,5962,1GB
5368,5963,1GB
5369,5948,2GB
5370,5852,2GB
5371,5853,2GB
5372,5834,1GB
5373,5826,1GB
5374,5825,1GB
5375,5824,1GB
5376,5755,1GB
5377,5682,1GB
5378,5620,512MB
5379,5659,1GB
5380,5552,
5381,5511,1GB
5382,5499,1GB
5383,5455,
5384,5376,1GB
5385,5425,
5386,5402,2GB
5387,5330,2GB
5388,5320,256MB
5389,5277,512MB
5390,5470,512MB
5391,5269,1GB
5392,5240,2GB
5393,5173,512MB
5394,5136,512MB
5395,5135,512MB
5396,5134,256MB
5397,5133,512MB
5398,5647,2GB
5399,4893,1GB
5400,5006,512MB
5401,5007,768MB
5402,5004,1GB
5403,4983,512MB
5404,4962,1GB
5405,4880,512MB
5406,4873,1GB
5407,4597,1GB
5408,4776,512MB
5409,4650,
5410,4595,
5411,4593,
5412,4590,
5413,4591,
5414,4592,1GB
5415,4581,
5416,4582,1GB
5417,4583,
5418,4585,512MB
5419,4586,256MB
5420,4598,512MB
5421,4599,256MB
5422,4600,512MB
5423,4601,256MB
5424,4602,
5425,4603,
5426,4607,
5427,4608,512MB
5428,4557,
5429,4556,
5430,4506,1GB
5431,4467,512MB
5432,4466,512MB
5433,4388,512MB
5434,4345,256MB
5435,4310,
5436,4304,512MB
5437,4313,512MB
5438,4311,
5439,4244,512MB
5440,3902,
5441,3903,512MB
5442,4760,
5443,3784,512MB
5444,4042,
5445,3785,
5446,4290,512MB
5447,3791,
5448,3790,
5449,4073,
5450,3391,512MB
5451,3737,
5452,3603,
5453,3602,
5454,3601,
5455,4078,
5456,4341,
5457,4342,
5458,3604,
5459,3600,
5460,3491,
5461,3727,
5462,3485,
5463,3423,256MB
5464,3489,
5465,3244,
5466,3197,
